url,zimu_num,shuzi,zifu_num,url_T_zifu_num,inner,out,sum,bili,req_type_num,hanjian_host_num,iframe_num,eval_num,location_num,setTimeout_num,setInterval_num,scriptObjectsrc_num,scriptObjectsetAttribute_num,scriptObjectinnerHTML_num,windowopen_num
http://www.espdesign.com.au,21,0,6,0,0,2,2,0,1,0,0,0,0,0,0,0,0,0,0
http://www.iamagameaddict.com,24,0,5,0,0,0,0,0,0,0,0,0,0,0,0,0,0,0,0
http://www.kalantzis.net,19,0,5,0,0,0,0,0,0,0,0,0,0,0,0,0,0,0,0
http://www.slightlyoffcenter.net,27,0,5,0,2,0,2,1,1,1,0,0,0,0,0,0,0,0,0
http://www.tubemoviez.com,20,0,5,0,41,10,51,0.803922,4,1,0,0,8,0,0,0,0,0,0
http://www.ipl.hk,12,0,5,0,0,0,0,0,0,0,0,0,0,0,0,0,0,0,0
http://www.pos-kupang.com,19,0,6,1,0,0,0,0,1,1,-1,-1,-1,-1,-1,-1,-1,-1,-1
http://www.rupor.info,16,0,5,0,100,123,223,0.44843,47,31,1,1,4,0,0,0,0,0,2
http://www.officeon.ch.ma,19,0,6,0,0,0,0,0,0,0,0,0,3,1,0,0,0,0,1
http://www.sunlux.net,16,0,5,0,0,0,0,0,1,1,-1,-1,-1,-1,-1,-1,-1,-1,-1
http://www.outporn.com,17,0,5,0,0,26,26,0,3,2,0,0,2,0,1,0,0,0,0
http://www.timothycopus.aimoo.com,27,0,6,0,2,0,2,1,1,1,0,0,1,0,0,0,0,0,0
http://www.orbowlada.strefa.pl,24,0,6,0,0,0,0,0,0,0,18,0,45,10,0,0,0,0,4
http://www.ruiyangcn.com,19,0,5,0,0,0,0,0,1,1,-1,-1,-1,-1,-1,-1,-1,-1,-1
http://www.zkic.com,14,0,5,0,16,7,23,0.695652,5,2,0,0,0,0,0,0,0,0,0
http://www.cracks.vg,15,0,5,0,1,369,370,0.002702,13,5,0,0,0,0,0,0,0,0,0
http://www.juicypussyclips.com,25,0,5,0,0,0,0,0,1,1,-1,-1,-1,-1,-1,-1,-1,-1,-1
http://www.nuptialimages.com,23,0,5,0,0,0,0,0,1,1,-1,-1,-1,-1,-1,-1,-1,-1,-1
http://www.bezproudoff.cz,20,0,5,0,1,0,1,1,1,1,0,0,0,0,0,0,0,0,0
http://www.ceskarepublika.net,24,0,5,0,0,0,0,0,1,0,0,0,0,0,0,0,0,0,0
http://www.hotspot.cz,16,0,5,0,0,2,2,0,2,1,0,0,0,0,0,0,0,0,0
http://www.gmcjjh.org,16,0,5,0,0,0,0,0,1,1,0,0,0,0,0,0,0,0,0
http://www.nerez-schodiste-zabradli.com,32,0,7,2,0,0,0,0,1,1,0,0,1,0,0,0,0,0,0
http://www.nordiccountry.cz,22,0,5,0,0,0,0,0,1,1,-1,-1,-1,-1,-1,-1,-1,-1,-1
http://www.nowina.info,17,0,5,0,12,1,13,0.923077,2,1,0,0,1,0,0,0,0,0,0
http://www.obada-konstruktiwa.org,27,0,6,1,0,0,0,0,1,1,-1,-1,-1,-1,-1,-1,-1,-1,-1
http://www.otylkaaotesanek.cz,24,0,5,0,8,0,8,1,1,0,0,0,0,0,0,0,0,0,0
http://www.pb-webdesign.net,21,0,6,1,0,0,0,0,1,1,2,0,0,0,0,0,0,0,0
http://www.pension-helene.cz,22,0,6,1,7,0,7,1,1,0,0,0,0,0,0,0,0,0,0
http://www.podzemi.myotis.info,24,0,6,0,1,0,1,1,1,0,0,0,0,0,0,0,0,0,0
http://www.smrcek.com,16,0,5,0,10,7,17,0.588235,3,1,0,0,0,0,0,0,0,0,0
http://www.spekband.com,18,0,5,0,0,0,0,0,1,1,-1,-1,-1,-1,-1,-1,-1,-1,-1
http://www.worldgymperu.com,22,0,5,0,0,0,0,0,1,1,-1,-1,-1,-1,-1,-1,-1,-1,-1
http://www.zgsysz.com,16,0,5,0,33,1,34,0.97058,4,2,2,0,4,1,0,0,0,0,1
http://www.oknarai.ru,16,0,5,0,15,54,69,0.217391,24,11,0,0,1,0,1,0,0,0,1
http://www.realinnovation.com,24,0,5,0,6,2,8,0.75,5,1,0,0,4,0,0,0,0,0,0
http://www.hardcorepornparty.com,27,0,5,0,1,0,1,1,1,0,-1,-1,-1,-1,-1,-1,-1,-1,-1
http://www.zous.szm.sk,16,0,6,0,4,6,10,0.4,5,1,0,0,2,0,0,0,0,0,0
http://www.noveslovo.com,19,0,5,0,15,2,17,0.882353,3,2,0,0,2,0,0,0,0,0,0
http://www.dimsnetwork.com,21,0,5,0,1,201,202,0.00495,7,3,-1,-1,-1,-1,-1,-1,-1,-1,-1
http://www.luckyblank.info,21,0,5,0,1,201,202,0.00495,7,3,0,0,1,0,0,0,0,0,1
http://www.luckyclean.info,21,0,5,0,1,201,202,0.00495,7,3,-1,-1,-1,-1,-1,-1,-1,-1,-1
http://www.luckyclear.info,21,0,5,0,1,201,202,0.00495,7,3,-1,-1,-1,-1,-1,-1,-1,-1,-1
http://www.luckyeffect.info,22,0,5,0,1,201,202,0.00495,7,3,-1,-1,-1,-1,-1,-1,-1,-1,-1
http://www.luckyhalo.info,20,0,5,0,1,201,202,0.00495,7,3,2,0,1,0,0,0,0,0,0
http://www.luckypure.info,20,0,5,0,1,201,202,0.00495,7,3,0,0,1,0,0,0,0,0,1
http://www.luckyshine.info,21,0,5,0,1,201,202,0.00495,7,3,0,0,0,0,0,0,0,0,0
http://www.luckysuccess.info,23,0,5,0,1,201,202,0.00495,7,3,-1,-1,-1,-1,-1,-1,-1,-1,-1
http://www.luckysure.info,20,0,5,0,1,201,202,0.00495,7,3,-1,-1,-1,-1,-1,-1,-1,-1,-1
http://www.luckytidy.info,20,0,5,0,1,201,202,0.00495,7,3,0,0,0,0,0,0,0,0,0
http://www.nudebeachgalleries.net,28,0,5,0,0,0,0,0,1,1,-1,-1,-1,-1,-1,-1,-1,-1,-1
http://www.buffalogoesout.com,24,0,5,0,0,0,0,0,0,0,0,0,0,0,0,0,0,0,0
http://www.achren.org,16,0,5,0,0,0,0,0,0,0,2,0,0,0,0,0,0,0,0
http://www.associatesexports.com,27,0,5,0,0,0,0,0,1,1,-1,-1,-1,-1,-1,-1,-1,-1,-1
http://www.antalya.ru,16,0,5,0,0,0,0,0,1,1,-1,-1,-1,-1,-1,-1,-1,-1,-1
http://www.conds.ru,14,0,5,0,0,0,0,0,0,0,0,0,0,0,0,0,0,0,0
http://www.img001.com,13,3,5,0,0,0,0,0,0,0,0,0,0,0,0,0,0,0,0
http://www.unalbilgisayar.com,24,0,5,0,119,2,121,0.983471,3,2,0,0,0,0,0,0,0,0,0
http://www.t-sb.net,13,0,6,1,0,0,0,0,0,0,-1,-1,-1,-1,-1,-1,-1,-1,-1
http://www.hanulsms.com,18,0,5,0,0,0,0,0,0,0,0,0,0,0,0,0,0,0,0
http://www.xiruz.kit.net,18,0,6,0,0,0,0,0,0,0,0,0,1,0,0,0,0,0,1
http://www.wfoto.front.ru,19,0,6,0,0,0,0,0,0,0,-1,-1,-1,-1,-1,-1,-1,-1,-1
http://www.ska.energia.cz,19,0,6,0,0,0,0,0,0,0,-1,-1,-1,-1,-1,-1,-1,-1,-1
http://www.callingcardsinstantly.com,31,0,5,0,0,0,0,0,0,0,0,0,2,0,0,0,0,0,2
http://www.dawnframing.com,21,0,5,0,0,0,0,0,0,0,-1,-1,-1,-1,-1,-1,-1,-1,-1
http://www.free-crochet-pattern.com,28,0,7,2,0,0,0,0,0,0,0,0,2,0,0,0,0,0,2
http://www.js.tongji.linezing.com,26,0,7,0,0,0,0,0,0,0,-1,-1,-1,-1,-1,-1,-1,-1,-1
http://www.adgallery.whitehousedrugpolicy.gov,39,0,6,0,0,0,0,0,0,0,-1,-1,-1,-1,-1,-1,-1,-1,-1
http://www.vvvic.com,15,0,5,0,79,32,111,0.711712,10,3,4,0,10,0,0,0,0,0,9
http://www.professionalblackbook.com,31,0,5,0,0,0,0,0,0,0,0,0,0,0,0,0,0,0,0
http://www.0koryu0.easter.ne.jp,22,2,7,0,0,0,0,0,0,0,-1,-1,-1,-1,-1,-1,-1,-1,-1
http://www.whitesports.co.kr,22,0,6,0,58,1,59,0.983050847,3,2,2,0,1,4,1,0,0,0,0
http://www.typeofmarijuana.com,25,0,5,0,17,3,20,0.85,3,1,0,0,1,0,0,0,0,0,0
http://www.trafficgrowth.com,23,0,5,0,0,0,0,0,0,0,-1,-1,-1,-1,-1,-1,-1,-1,-1
http://www.thcvaporizer.com,22,0,5,0,8,1,9,0.888888889,2,1,0,0,1,0,0,0,0,0,0
http://www.roorbong.com,18,0,5,0,0,0,0,0,0,0,2,0,4,1,0,0,0,0,1
http://www.thcextractor.com,22,0,5,0,0,1,1,0,1,1,0,0,1,0,0,0,0,0,0
http://www.purethc.com,17,0,5,0,15,1,16,0.9375,3,2,0,0,0,1,0,0,0,0,0
http://www.potvaporizer.com,22,0,5,0,12,1,13,0.923076923,2,1,0,0,1,0,0,0,0,0,0
http://www.portablevaporizer.com,27,0,5,0,0,0,0,0,1,1,-1,-1,-1,-1,-1,-1,-1,-1,-1
http://www.cannabispicture.com,25,0,5,0,0,0,0,0,0,0,0,0,0,0,0,0,0,0,0
http://www.cannabislyric.com,23,0,5,0,0,0,0,0,0,0,0,0,0,0,0,0,0,0,0
http://www.dp-medien.eu,17,0,6,1,0,0,0,0,0,0,0,0,0,0,0,0,0,0,0
http://www.juedische-kammerphilharmonie.de,36,0,6,1,3,0,3,1,1,0,0,0,0,0,0,0,0,0,0
http://www.vernoblisk.com,20,0,5,0,45,0,45,1,2,1,0,0,0,0,0,0,0,0,0
http://www.vural-electronic.com,25,0,6,1,2,0,2,1,1,1,0,0,0,0,0,0,0,0,0
http://www.purplehorses.net,22,0,5,0,2,0,2,1,1,1,0,0,0,0,0,0,0,0,0
http://www.wildsap.com,17,0,5,0,24,1,25,0.96,2,1,0,0,0,0,0,0,0,0,0
http://www.ohiomm.com,16,0,5,0,0,0,0,0,0,0,0,0,0,0,0,0,0,0,0
http://www.be-funk.com,16,0,6,1,0,0,0,0,0,0,0,0,0,0,0,0,0,0,0
http://www.revistaelite.com,22,0,5,0,0,11,11,0,6,3,0,0,3,1,0,0,0,0,0
http://www.wrestlingexposed.com,26,0,5,0,23,42,65,0.353846,18,9,0,0,0,0,0,0,0,0,0
http://www.revistaelite.com,22,0,5,0,0,7,7,0,5,4,2,0,3,1,0,0,0,0,0
http://www.sitepalace.com,20,0,5,0,0,37,37,0,12,3,0,0,0,0,0,0,0,0,0
http://www.downloads-whatsapp.com,27,0,6,1,14,47,61,0.229508197,12,3,0,0,0,0,0,0,0,0,0
http://www.rempko.sk,15,0,5,0,29,5,34,0.852941176,3,1,0,0,0,0,0,0,0,0,0
http://www.secondome.com,19,0,5,0,15,19,34,0.441176471,6,1,0,0,0,0,0,0,0,0,0
http://www.a.update.51edm.net,20,2,7,0,0,0,0,0,1,1,-1,-1,-1,-1,-1,-1,-1,-1,-1
http://www.vette-porno.nl,19,0,6,1,0,0,0,0,3,2,1,0,2,0,0,0,0,0,2
http://www.obkom.net.ua,17,0,6,0,17,128,145,0.1172413,62,34,0,0,0,0,0,0,0,0,0
http://www.blacknite.eu,18,0,5,0,0,0,0,0,1,1,-1,-1,-1,-1,-1,-1,-1,-1,-1
http://www.bargainracks.co.uk,23,0,6,0,0,0,0,0,0,0,-1,-1,-1,-1,-1,-1,-1,-1,-1
http://www.pokachi.net,17,0,5,0,0,0,0,0,0,0,0,0,1,0,0,0,0,0,0
http://www.pride-u-bike.com,20,0,7,2,15,68,83,0.180722892,12,2,0,0,0,2,0,0,0,0,0
http://www.quotidiennokoue.com,25,0,5,0,0,0,0,0,1,1,0,0,0,0,0,0,0,0,0
http://www.safety.amw.com,19,0,6,0,0,0,0,0,1,1,-1,-1,-1,-1,-1,-1,-1,-1,-1
http://www.wmserver.net,18,0,5,0,0,0,0,0,1,1,0,0,0,0,0,0,0,0,0
http://www.wp9.ru,11,1,5,0,0,0,0,0,1,1,-1,-1,-1,-1,-1,-1,-1,-1,-1
http://www.sanseracingteam.com,25,0,5,0,15,0,15,1,3,2,0,0,1,0,0,0,0,0,0
http://www.sanseracingteam.com,25,0,5,0,15,0,15,1,3,2,2,0,2,0,0,0,0,0,0
http://www.sonnoli.com,17,0,5,0,29,0,29,1,4,3,0,0,0,0,0,0,0,0,0
http://www.stirparts.ru,18,0,5,0,0,0,0,0,0,0,-1,-1,-1,-1,-1,-1,-1,-1,-1
http://www.tiergestuetzt.de,22,0,5,0,8,0,8,1,1,0,0,0,0,0,0,0,0,0,0
http://www.pic.starsarabian.com,25,0,6,0,0,0,0,0,0,0,2,0,4,1,0,0,0,0,1
http://www.angolotesti.it,20,0,5,0,12,219,231,0.051948,40,14,3,0,3,2,0,0,0,0,0
http://www.w612.nb.host127-0-0-1.com,17,9,10,3,0,0,0,0,1,1,-1,-1,-1,-1,-1,-1,-1,-1,-1
http://www.q28840.nb.host127-0-0-1.com,17,11,10,3,0,0,0,0,1,1,-1,-1,-1,-1,-1,-1,-1,-1,-1
http://www.w4988.nb.host127-0-0-1.com,17,10,10,3,0,0,0,0,1,1,-1,-1,-1,-1,-1,-1,-1,-1,-1
http://www.z32538.nb.host127-0-0-1.com,17,11,10,3,0,0,0,0,1,1,-1,-1,-1,-1,-1,-1,-1,-1,-1
http://www.fgawegwr.chez.com,22,0,6,0,0,0,0,0,0,0,2,0,0,0,0,0,0,0,0
http://www.montezuma.spb.ru,21,0,6,0,0,0,0,0,0,0,-1,-1,-1,-1,-1,-1,-1,-1,-1
http://www.freeserials.ws,20,0,5,0,0,0,0,0,0,0,-1,-1,-1,-1,-1,-1,-1,-1,-1
http://www.allxscan.tk,17,0,5,0,0,0,0,0,0,0,0,0,0,0,0,0,0,0,0
http://www.helesouurusa.cjb.com,25,0,6,0,0,0,0,0,0,0,0,0,5,0,0,0,0,0,0
http://www.luwyou.com,16,0,5,0,0,0,0,0,1,1,-1,-1,-1,-1,-1,-1,-1,-1,-1
http://www.ns2ns1.tk,13,2,5,0,0,0,0,0,0,0,0,0,0,0,0,0,0,0,0
http://www.textsex.tk,16,0,5,0,0,0,0,0,0,0,0,0,0,0,0,0,0,0,0
http://www.mbrdot.tk,15,0,5,0,0,0,0,0,0,0,0,0,0,0,0,0,0,0,0
http://www.sexyster.tk,17,0,5,0,0,0,0,0,0,0,0,0,0,0,0,0,0,0,0
http://www.gameangel.com,19,0,5,0,0,0,0,0,0,0,-1,-1,-1,-1,-1,-1,-1,-1,-1
http://www.vvps.ws,13,0,5,0,0,0,0,0,0,0,0,0,0,0,0,0,0,0,0
http://www.beldiplomcom.75.com1.ru,24,3,7,0,0,0,0,0,0,0,-1,-1,-1,-1,-1,-1,-1,-1,-1
http://www.downloaddirect.com,24,0,5,0,0,0,0,0,0,0,0,0,0,0,0,0,0,0,0
http://www.orkut.krovatka.su,22,0,6,0,0,0,0,0,0,0,-1,-1,-1,-1,-1,-1,-1,-1,-1
http://www.alissonluis-musico.sites.uol.com.br,37,0,9,1,53,64,117,0.452991453,31,19,0,0,1,0,0,0,0,0,0
http://www.seet10.jino.ru,17,2,6,0,0,0,0,0,0,0,-1,-1,-1,-1,-1,-1,-1,-1,-1
http://www.vkont.bos.ru,17,0,6,0,0,15,15,0,2,0,0,0,2,0,0,0,0,0,0
http://www.download207.mediafire.com,27,3,6,0,0,0,0,0,0,0,-1,-1,-1,-1,-1,-1,-1,-1,-1
http://www.seoholding.com,20,0,5,0,0,0,0,0,0,0,0,0,0,0,0,0,0,0,0
http://www.seonetwizard.com,22,0,5,0,0,0,0,0,0,0,0,0,0,0,0,0,0,0,0
http://www.nobodyspeakstruth.narod.ru,31,0,6,0,5,3,8,0.625,4,2,0,0,2,0,0,0,0,0,0
http://www8.0zz0.com,12,3,5,0,0,0,0,0,0,0,0,0,0,0,0,0,0,0,0
http://www12.0zz0.com,12,4,5,0,0,0,0,0,0,0,0,0,0,0,0,0,0,0,0
http://www.petpleasers.ca,20,0,5,0,3,22,25,0.12,7,1,0,0,0,0,0,0,0,0,0
http://www.zjjlf.croukwexdbyerr.net,29,0,6,0,0,0,0,0,1,0,-1,-1,-1,-1,-1,-1,-1,-1,-1
http://www.two-of-us.at,16,0,7,2,0,0,0,0,0,0,0,0,0,0,0,0,0,0,0
http://www.perupuntocom.com,22,0,5,0,0,0,0,0,0,0,0,0,0,0,0,0,0,0,0
http://www.two-of-us.at,16,0,7,2,8,1,9,0.888,2,1,0,0,0,0,0,0,0,0,0
http://www.xamateurpornlic.www1.biz,28,1,6,0,0,0,0,0,0,0,-1,-1,-1,-1,-1,-1,-1,-1,-1
http://www.xpornstarsckc.ddns.name,28,0,6,0,0,0,0,0,0,0,-1,-1,-1,-1,-1,-1,-1,-1,-1
http://www.upswings.net,18,0,5,0,0,0,0,0,0,0,0,0,0,0,0,0,0,0,0
http://www.lyzgs.com,15,0,5,0,45,34,79,0.56962,9,2,0,0,0,0,0,0,0,0,0
http://www.weboxmedia.by,19,0,5,0,0,0,0,0,1,1,-1,-1,-1,-1,-1,-1,-1,-1,-1
http://www.gravityexp.com,20,0,5,0,0,0,0,0,1,1,-1,-1,-1,-1,-1,-1,-1,-1,-1
http://www.analxxxclipsyjh.dnset.com,30,0,6,0,0,0,0,0,1,1,-1,-1,-1,-1,-1,-1,-1,-1,-1
http://www.port.bg,13,0,5,0,0,0,0,0,1,1,2,0,3,0,0,0,0,0,0
http://www.webordermanager.com,25,0,5,0,1,0,1,1,2,2,0,0,2,0,0,0,0,0,2
http://www.videoflyover.com,22,0,5,0,0,0,0,0,1,1,0,0,0,0,0,0,0,0,0
http://www.0uk.net,12,1,5,0,0,0,0,0,1,1,2,0,0,0,0,0,0,0,0
http://www.ukonline.hc0.me,19,1,6,0,0,0,0,0,1,1,0,0,0,0,0,0,0,0,0
http://www.somethingnice.hc0.me,24,1,6,0,0,0,0,0,1,1,0,0,0,0,0,0,0,0,0
http://www.directxex.com,19,0,5,0,0,0,0,0,1,1,0,0,2,0,0,0,0,0,2
http://www.directxex.com,19,0,5,0,0,0,0,0,1,1,0,0,1,0,0,0,0,0,1
http://www.offerent.com,18,0,5,0,10,4,14,0.714285,2,0,0,0,0,0,0,0,0,0,0
http://www.bbs.bjchun.com,19,0,6,0,0,0,0,0,1,1,-1,-1,-1,-1,-1,-1,-1,-1,-1
http://www.customsboysint.com,24,0,5,0,0,0,0,0,1,1,-1,-1,-1,-1,-1,-1,-1,-1,-1
http://www.daspar.net,16,0,5,0,0,0,0,0,1,1,-1,-1,-1,-1,-1,-1,-1,-1,-1
http://www.freefblikes.phpnet.us,26,0,6,0,2,0,2,1,2,1,0,0,4,2,0,0,0,0,1
http://www.directxex.com,19,0,5,0,1,0,1,1,1,1,0,0,1,0,0,0,0,0,1
http://www.yougube.com,17,0,5,0,4,34,38,0.105,6,4,0,0,4,0,0,0,0,0,1
http://www.youtuhe.com,17,0,5,0,4,34,38,0.105,6,4,0,0,0,0,0,0,0,0,0
http://www.youtibe.com,17,0,5,0,4,34,38,0.105,6,4,2,0,0,0,0,0,0,0,0
http://www.sunny99.cholerik.cz,22,2,6,0,8,1,9,0.888888,2,1,0,0,0,0,0,0,0,0,0
http://www.rooversadvocatuur.nl,26,0,5,0,1,0,1,1,1,1,0,0,0,0,0,0,0,0,0
http://www.v.inigsplan.ru,19,0,6,0,0,0,0,0,1,1,-1,-1,-1,-1,-1,-1,-1,-1,-1
http://www.mailboto.com,18,0,5,0,0,0,0,0,1,1,2,0,0,0,0,0,0,0,0
http://www.guyscards.com,19,0,5,0,33,2,35,0.942857,4,2,2,0,4,1,0,0,0,0,1
http://www.guyscards.com,19,0,5,0,0,0,0,0,1,1,0,0,0,0,0,0,0,0,0
http://www.wc0x83ghk.homepage.t-online.de,30,3,8,1,0,0,0,0,0,0,0,0,0,0,0,0,0,0,0
http://www.server1.extra-web.cz,23,1,7,1,0,0,0,0,1,1,-1,-1,-1,-1,-1,-1,-1,-1,-1
http://www.manoske.com,17,0,5,0,0,0,0,0,1,1,0,0,0,0,0,0,0,0,0
http://www.mmile.com,15,0,5,0,13,3,16,0.8125,9,7,0,0,0,0,0,0,0,0,0
http://www.luggage-tv.com,19,0,6,1,13,3,16,0.8125,9,7,-1,-1,-1,-1,-1,-1,-1,-1,-1
http://www.luggagepreview.com,24,0,5,0,119,2,121,0.983471,3,2,-1,-1,-1,-1,-1,-1,-1,-1,-1
http://www.luggagecast.com,21,0,5,0,79,32,111,0.711712,10,3,-1,-1,-1,-1,-1,-1,-1,-1,-1
http://www.kapcotool.com,19,0,5,0,58,1,59,0.983050847,3,2,-1,-1,-1,-1,-1,-1,-1,-1,-1
http://www.mmile.com,15,0,5,0,17,3,20,0.85,3,1,0,0,0,0,0,0,0,0,0
http://www.bluecutsystem.com,23,0,5,0,8,1,9,0.888888889,2,1,-1,-1,-1,-1,-1,-1,-1,-1,-1
http://www.tube8vidsvrx.ddns.name,26,1,6,0,0,1,1,0,1,1,-1,-1,-1,-1,-1,-1,-1,-1,-1
http://www.tube8vidsvtp.dnset.com,26,1,6,0,15,1,16,0.9375,3,2,-1,-1,-1,-1,-1,-1,-1,-1,-1
http://www.tube8vidswsy.dnset.com,26,1,6,0,12,1,13,0.923076923,2,1,-1,-1,-1,-1,-1,-1,-1,-1,-1
http://www.tube8vidswtb.ddns.name,26,1,6,0,0,0,0,0,1,1,-1,-1,-1,-1,-1,-1,-1,-1,-1
http://www.tube8vidswys.ddns.name,26,1,6,0,3,0,3,1,1,0,-1,-1,-1,-1,-1,-1,-1,-1,-1
http://www.tube8vidsxlo.ddns.name,26,1,6,0,45,0,45,1,2,1,-1,-1,-1,-1,-1,-1,-1,-1,-1
http://www.tube8vidsxmx.dnset.com,26,1,6,0,2,0,2,1,1,1,-1,-1,-1,-1,-1,-1,-1,-1,-1
http://www.tube8vidsxpg.ddns.name,26,1,6,0,2,0,2,1,1,1,-1,-1,-1,-1,-1,-1,-1,-1,-1
http://www.tube8vidsxpp.dnset.com,26,1,6,0,24,1,25,0.96,2,1,-1,-1,-1,-1,-1,-1,-1,-1,-1
http://www.tube8vidsxwu.ddns.name,26,1,6,0,0,7,7,0,5,4,-1,-1,-1,-1,-1,-1,-1,-1,-1
http://www.tube8vidsycs.dnset.com,26,1,6,0,0,0,0,0,1,1,-1,-1,-1,-1,-1,-1,-1,-1,-1
http://www.tube8vidsyip.ddns.name,26,1,6,0,0,0,0,0,1,1,-1,-1,-1,-1,-1,-1,-1,-1,-1
http://www.tube8vidsymz.dnset.com,26,1,6,0,0,0,0,0,1,1,-1,-1,-1,-1,-1,-1,-1,-1,-1
http://www.tube8vidsyre.dnset.com,26,1,6,0,1,0,1,1,2,2,-1,-1,-1,-1,-1,-1,-1,-1,-1
http://www.tube8vidsyyf.dnset.com,26,1,6,0,0,0,0,0,1,1,-1,-1,-1,-1,-1,-1,-1,-1,-1
http://www.tube8vidszmi.ddns.name,26,1,6,0,2,0,2,1,2,1,-1,-1,-1,-1,-1,-1,-1,-1,-1
http://www.tube8vidsznj.ddns.name,26,1,6,0,1,0,1,1,1,1,-1,-1,-1,-1,-1,-1,-1,-1,-1
http://www.tube8vidsznx.ddns.name,26,1,6,0,8,1,9,0.888888,2,1,-1,-1,-1,-1,-1,-1,-1,-1,-1
http://www.tube8vidscqs.ddns.name,26,1,6,0,1,0,1,1,1,1,-1,-1,-1,-1,-1,-1,-1,-1,-1
http://www.tube8vidscut.ddns.name,26,1,6,0,33,2,35,0.942857,4,2,-1,-1,-1,-1,-1,-1,-1,-1,-1
http://www.tube8vidsdob.dnset.com,26,1,6,0,0,0,0,0,0,0,-1,-1,-1,-1,-1,-1,-1,-1,-1
http://www.tube8vidsdst.ddns.name,26,1,6,0,13,3,16,0.8125,9,7,-1,-1,-1,-1,-1,-1,-1,-1,-1
http://www.tube8vidsfgd.ddns.name,26,1,6,0,53,5,58,0.913793,3,1,-1,-1,-1,-1,-1,-1,-1,-1,-1
http://www.tube8vidshhr.ddns.name,26,1,6,0,1,215,216,0.00462,7,3,-1,-1,-1,-1,-1,-1,-1,-1,-1
http://www.tube8vidshkk.ddns.name,26,1,6,0,8,723,731,0.0119439,10,4,-1,-1,-1,-1,-1,-1,-1,-1,-1
http://www.tube8vidshrw.dnset.com,26,1,6,0,8,723,731,0.0119439,10,4,-1,-1,-1,-1,-1,-1,-1,-1,-1
http://www.tube8vidsiet.ddns.name,26,1,6,0,1,0,1,1,2,2,-1,-1,-1,-1,-1,-1,-1,-1,-1
http://www.tube8vidsiww.ddns.name,26,1,6,0,0,1,1,0,3,2,-1,-1,-1,-1,-1,-1,-1,-1,-1
http://www.tube8vidsjac.dnset.com,26,1,6,0,78,8,86,0.9069,7,2,-1,-1,-1,-1,-1,-1,-1,-1,-1
http://www.tube8vidsjan.ddns.name,26,1,6,0,15,1,16,0.9375,3,2,-1,-1,-1,-1,-1,-1,-1,-1,-1
http://www.tube8vidsjhn.ddns.name,26,1,6,0,12,1,13,0.923076923,2,1,-1,-1,-1,-1,-1,-1,-1,-1,-1
http://www.tube8vidsjtq.ddns.name,26,1,6,0,0,0,0,0,1,1,-1,-1,-1,-1,-1,-1,-1,-1,-1
http://www.tube8vidslmf.dnset.com,26,1,6,0,3,0,3,1,1,0,-1,-1,-1,-1,-1,-1,-1,-1,-1
http://www.tube8vidslni.dnset.com,26,1,6,0,45,0,45,1,2,1,-1,-1,-1,-1,-1,-1,-1,-1,-1
http://www.tube8vidslqk.ddns.name,26,1,6,0,2,0,2,1,1,1,-1,-1,-1,-1,-1,-1,-1,-1,-1
http://www.tube8vidslrz.ddns.name,26,1,6,0,2,0,2,1,1,1,-1,-1,-1,-1,-1,-1,-1,-1,-1
http://www.tube8vidsnlq.dnset.com,26,1,6,0,24,1,25,0.96,2,1,-1,-1,-1,-1,-1,-1,-1,-1,-1
http://www.tube8vidsnrt.ddns.name,26,1,6,0,0,7,7,0,5,4,-1,-1,-1,-1,-1,-1,-1,-1,-1
http://www.tube8vidsnvd.ddns.name,26,1,6,0,0,0,0,0,1,1,-1,-1,-1,-1,-1,-1,-1,-1,-1
http://www.tube8vidsnyp.dnset.com,26,1,6,0,0,0,0,0,1,1,-1,-1,-1,-1,-1,-1,-1,-1,-1
http://www.tube8vidsolh.ddns.name,26,1,6,0,0,0,0,0,1,1,-1,-1,-1,-1,-1,-1,-1,-1,-1
http://www.tube8vidsotz.dnset.com,26,1,6,0,1,0,1,1,2,2,-1,-1,-1,-1,-1,-1,-1,-1,-1
http://www.tube8vidsowd.dnset.com,26,1,6,0,0,0,0,0,1,1,-1,-1,-1,-1,-1,-1,-1,-1,-1
http://www.tube8vidspeq.ddns.name,26,1,6,0,0,0,0,0,1,1,0,-1,-1,-1,-1,-1,-1,-1,-1
http://www.tube8vidsqof.ddns.name,26,1,6,0,0,0,0,0,1,1,0,-1,-1,-1,-1,-1,-1,-1,-1
http://www.tube8vidsrau.dnset.com,26,1,6,0,0,0,0,0,1,1,-1,-1,-1,-1,-1,-1,-1,-1,-1
http://www.tube8vidsrdr.dnset.com,26,1,6,0,12,1,13,0.923077,2,1,0,-1,-1,-1,-1,-1,-1,-1,-1
http://www.tube8vidsrhl.ddns.name,26,1,6,0,0,0,0,0,1,1,-1,-1,-1,-1,-1,-1,-1,-1,-1
http://www.tube8vidsrom.dnset.com,26,1,6,0,8,0,8,1,1,0,0,-1,-1,-1,-1,-1,-1,-1,-1
http://www.tube8vidssan.dnset.com,26,1,6,0,0,0,0,0,1,1,2,-1,-1,-1,-1,-1,-1,-1,-1
http://www.tube8vidssjw.ddns.name,26,1,6,0,7,0,7,1,1,0,0,-1,-1,-1,-1,-1,-1,-1,-1
http://www.tube8vidssyg.dnset.com,26,1,6,0,1,0,1,1,1,0,0,-1,-1,-1,-1,-1,-1,-1,-1
http://www.tube8vidstrh.dnset.com,26,1,6,0,10,7,17,0.588235,3,1,0,-1,-1,-1,-1,-1,-1,-1,-1
http://www.tube8vidstyp.ddns.name,26,1,6,0,0,0,0,0,1,1,-1,-1,-1,-1,-1,-1,-1,-1,-1
http://www.tube8vidsuty.dnset.com,26,1,6,0,0,0,0,0,1,1,-1,-1,-1,-1,-1,-1,-1,-1,-1
http://www.tube8vidsvaj.dnset.com,26,1,6,0,33,1,34,0.97058,4,2,2,-1,-1,-1,-1,-1,-1,-1,-1
http://www.tube8vidsvcs.ddns.name,26,1,6,0,15,54,69,0.217391,24,11,0,-1,-1,-1,-1,-1,-1,-1,-1
http://www.tube8vidsvmr.ddns.name,26,1,6,0,1,201,202,0.00495,7,3,-1,-1,-1,-1,-1,-1,-1,-1,-1
http://www.slimxxxtuberfe.dnset.com,29,0,6,0,0,0,0,0,1,0,-1,-1,-1,-1,-1,-1,-1,-1,-1
http://www.slimxxxtuberjj.ddns.name,29,0,6,0,0,0,0,0,1,0,-1,-1,-1,-1,-1,-1,-1,-1,-1
http://www.slimxxxtuberme.dnset.com,29,0,6,0,0,0,0,0,1,0,-1,-1,-1,-1,-1,-1,-1,-1,-1
http://www.slimxxxtuberue.dnset.com,29,0,6,0,0,0,0,0,1,0,-1,-1,-1,-1,-1,-1,-1,-1,-1
http://www.slimxxxtubesrs.dnset.com,29,0,6,0,0,0,0,0,1,0,-1,-1,-1,-1,-1,-1,-1,-1,-1
http://www.slimxxxtubesrw.ddns.name,29,0,6,0,0,0,0,0,1,0,-1,-1,-1,-1,-1,-1,-1,-1,-1
http://www.slimxxxtubesun.ddns.name,29,0,6,0,0,0,0,0,1,0,-1,-1,-1,-1,-1,-1,-1,-1,-1
http://www.slimxxxtubetmf.ddns.name,29,0,6,0,0,0,0,0,1,0,-1,-1,-1,-1,-1,-1,-1,-1,-1
http://www.slimxxxtubetmg.dnset.com,29,0,6,0,0,0,0,0,1,0,-1,-1,-1,-1,-1,-1,-1,-1,-1
http://www.slimxxxtubetns.ddns.name,29,0,6,0,0,0,0,0,1,0,-1,-1,-1,-1,-1,-1,-1,-1,-1
http://www.slimxxxtubetts.dnset.com,29,0,6,0,0,0,0,0,1,0,-1,-1,-1,-1,-1,-1,-1,-1,-1
http://www.slimxxxtubeubp.dnset.com,29,0,6,0,0,0,0,0,1,0,-1,-1,-1,-1,-1,-1,-1,-1,-1
http://www.slimxxxtubeujh.ddns.name,29,0,6,0,0,0,0,0,1,0,-1,-1,-1,-1,-1,-1,-1,-1,-1
http://www.slimxxxtubeull.dnset.com,29,0,6,0,0,0,0,0,1,0,-1,-1,-1,-1,-1,-1,-1,-1,-1
http://www.slimxxxtubeuvd.dnset.com,29,0,6,0,0,0,0,0,1,0,-1,-1,-1,-1,-1,-1,-1,-1,-1
http://www.slimxxxtubevdn.ddns.name,29,0,6,0,0,0,0,0,1,0,-1,-1,-1,-1,-1,-1,-1,-1,-1
http://www.slimxxxtubevih.dnset.com,29,0,6,0,0,0,0,0,1,0,-1,-1,-1,-1,-1,-1,-1,-1,-1
http://www.slimxxxtubevjk.ddns.name,29,0,6,0,0,0,0,0,1,0,-1,-1,-1,-1,-1,-1,-1,-1,-1
http://www.slimxxxtubewfl.ddns.name,29,0,6,0,0,0,0,0,1,0,-1,-1,-1,-1,-1,-1,-1,-1,-1
http://www.slimxxxtubewiq.ddns.name,29,0,6,0,0,0,0,0,1,0,-1,-1,-1,-1,-1,-1,-1,-1,-1
http://www.slimxxxtubewis.ddns.name,29,0,6,0,0,0,0,0,1,0,-1,-1,-1,-1,-1,-1,-1,-1,-1
http://www.slimxxxtubewmt.dnset.com,29,0,6,0,0,0,0,0,1,0,-1,-1,-1,-1,-1,-1,-1,-1,-1
http://www.slimxxxtubexei.ddns.name,29,0,6,0,0,0,0,0,1,0,-1,-1,-1,-1,-1,-1,-1,-1,-1
http://www.slimxxxtubexiv.dnset.com,29,0,6,0,0,0,0,0,1,0,-1,-1,-1,-1,-1,-1,-1,-1,-1
http://www.slimxxxtubexvq.ddns.name,29,0,6,0,0,0,0,0,1,0,-1,-1,-1,-1,-1,-1,-1,-1,-1
http://www.slimxxxtubexwb.dnset.com,29,0,6,0,0,0,0,0,1,0,-1,-1,-1,-1,-1,-1,-1,-1,-1
http://www.slimxxxtubexxq.dnset.com,29,0,6,0,0,0,0,0,1,0,-1,-1,-1,-1,-1,-1,-1,-1,-1
http://www.slimxxxtubeyge.ddns.name,29,0,6,0,0,0,0,0,1,0,-1,-1,-1,-1,-1,-1,-1,-1,-1
http://www.slimxxxtubeyhz.ddns.name,29,0,6,0,0,0,0,0,1,0,-1,-1,-1,-1,-1,-1,-1,-1,-1
http://www.slimxxxtubeyza.ddns.name,29,0,6,0,0,0,0,0,1,0,-1,-1,-1,-1,-1,-1,-1,-1,-1
http://www.tube8vidsbbr.dnset.com,26,1,6,0,0,0,0,0,1,0,-1,-1,-1,-1,-1,-1,-1,-1,-1
http://www.tube8vidsbhy.dnset.com,26,1,6,0,0,0,0,0,1,1,-1,-1,-1,-1,-1,-1,-1,-1,-1
http://www.tube8vidsbzx.dnset.com,26,1,6,0,0,0,0,0,1,1,-1,-1,-1,-1,-1,-1,-1,-1,-1
http://www.tube8vidscjk.ddns.name,26,1,6,0,0,0,0,0,1,1,-1,-1,-1,-1,-1,-1,-1,-1,-1
http://www.slimxxxtubehdn.dnset.com,29,0,6,0,0,0,0,0,1,1,-1,-1,-1,-1,-1,-1,-1,-1,-1
http://www.slimxxxtubehli.dnset.com,29,0,6,0,0,0,0,0,1,1,-1,-1,-1,-1,-1,-1,-1,-1,-1
http://www.slimxxxtubeidv.ddns.name,29,0,6,0,0,0,0,0,1,1,-1,-1,-1,-1,-1,-1,-1,-1,-1
http://www.slimxxxtubeijc.dnset.com,29,0,6,0,0,0,0,0,1,1,-1,-1,-1,-1,-1,-1,-1,-1,-1
http://www.slimxxxtubeiqb.dnset.com,29,0,6,0,0,0,0,0,1,1,-1,-1,-1,-1,-1,-1,-1,-1,-1
http://www.slimxxxtubejie.dnset.com,29,0,6,0,0,0,0,0,1,1,-1,-1,-1,-1,-1,-1,-1,-1,-1
http://www.slimxxxtubejlp.ddns.name,29,0,6,0,0,0,0,0,1,1,-1,-1,-1,-1,-1,-1,-1,-1,-1
http://www.slimxxxtubejpe.ddns.name,29,0,6,0,0,0,0,0,1,1,-1,-1,-1,-1,-1,-1,-1,-1,-1
http://www.slimxxxtubejvh.ddns.name,29,0,6,0,0,0,0,0,1,1,-1,-1,-1,-1,-1,-1,-1,-1,-1
http://www.slimxxxtubejyk.ddns.name,29,0,6,0,0,0,0,0,1,1,-1,-1,-1,-1,-1,-1,-1,-1,-1
http://www.slimxxxtubekad.ddns.name,29,0,6,0,0,0,0,0,1,1,-1,-1,-1,-1,-1,-1,-1,-1,-1
http://www.slimxxxtubekgj.ddns.name,29,0,6,0,0,0,0,0,1,1,-1,-1,-1,-1,-1,-1,-1,-1,-1
http://www.slimxxxtubekgv.ddns.name,29,0,6,0,0,0,0,0,1,1,-1,-1,-1,-1,-1,-1,-1,-1,-1
http://www.slimxxxtubeklg.dnset.com,29,0,6,0,0,0,0,0,1,1,-1,-1,-1,-1,-1,-1,-1,-1,-1
http://www.slimxxxtubekpn.ddns.name,29,0,6,0,0,0,0,0,1,1,-1,-1,-1,-1,-1,-1,-1,-1,-1
http://www.slimxxxtubekrn.ddns.name,29,0,6,0,0,0,0,0,1,1,-1,-1,-1,-1,-1,-1,-1,-1,-1
http://www.slimxxxtubelap.ddns.name,29,0,6,0,0,0,0,0,1,1,-1,-1,-1,-1,-1,-1,-1,-1,-1
http://www.slimxxxtubelat.ddns.name,29,0,6,0,0,0,0,0,1,1,-1,-1,-1,-1,-1,-1,-1,-1,-1
http://www.slimxxxtubelfr.ddns.name,29,0,6,0,0,0,0,0,1,1,-1,-1,-1,-1,-1,-1,-1,-1,-1
http://www.slimxxxtubelzv.ddns.name,29,0,6,0,2,0,2,1,2,1,-1,-1,-1,-1,-1,-1,-1,-1,-1
http://www.slimxxxtubemue.dnset.com,29,0,6,0,1,0,1,1,1,1,-1,-1,-1,-1,-1,-1,-1,-1,-1
http://www.slimxxxtubeneg.ddns.name,29,0,6,0,8,1,9,0.888888,2,1,-1,-1,-1,-1,-1,-1,-1,-1,-1
http://www.slimxxxtubeneu.ddns.name,29,0,6,0,1,0,1,1,1,1,-1,-1,-1,-1,-1,-1,-1,-1,-1
http://www.slimxxxtubengt.dnset.com,29,0,6,0,33,2,35,0.942857,4,2,-1,-1,-1,-1,-1,-1,-1,-1,-1
http://www.slimxxxtubenqp.ddns.name,29,0,6,0,0,0,0,0,0,0,-1,-1,-1,-1,-1,-1,-1,-1,-1
http://www.slimxxxtubentf.dnset.com,29,0,6,0,13,3,16,0.8125,9,7,-1,-1,-1,-1,-1,-1,-1,-1,-1
http://www.slimxxxtubeocr.dnset.com,29,0,6,0,53,5,58,0.913793,3,1,-1,-1,-1,-1,-1,-1,-1,-1,-1
http://www.slimxxxtubeonf.dnset.com,29,0,6,0,0,0,0,0,1,1,-1,-1,-1,-1,-1,-1,-1,-1,-1
http://www.slimxxxtubeopy.ddns.name,29,0,6,0,0,0,0,0,1,1,-1,-1,-1,-1,-1,-1,-1,-1,-1
http://www.slimxxxtubeoxo.ddns.name,29,0,6,0,0,0,0,0,1,1,-1,-1,-1,-1,-1,-1,-1,-1,-1
http://www.slimxxxtubeoxy.ddns.name,29,0,6,0,0,0,0,0,1,1,-1,-1,-1,-1,-1,-1,-1,-1,-1
http://www.slimxxxtubeppj.dnset.com,29,0,6,0,0,0,0,0,1,1,-1,-1,-1,-1,-1,-1,-1,-1,-1
http://www.slimxxxtubeqfo.ddns.name,29,0,6,0,0,0,0,0,1,1,-1,-1,-1,-1,-1,-1,-1,-1,-1
http://www.slimxxxtubeqsh.ddns.name,29,0,6,0,0,0,0,0,1,1,-1,-1,-1,-1,-1,-1,-1,-1,-1
http://www.slimxxxtubeqve.dnset.com,29,0,6,0,0,0,0,0,1,1,-1,-1,-1,-1,-1,-1,-1,-1,-1
http://www.slimxxxtubeqwr.dnset.com,29,0,6,0,0,0,0,0,1,1,-1,-1,-1,-1,-1,-1,-1,-1,-1
http://www.slimxxxtuberau.ddns.name,29,0,6,0,0,0,0,0,1,1,-1,-1,-1,-1,-1,-1,-1,-1,-1
http://www.slimxxxtuberea.ddns.name,29,0,6,0,0,0,0,0,1,1,-1,-1,-1,-1,-1,-1,-1,-1,-1
http://www.slimxxxtuberep.dnset.com,29,0,6,0,0,0,0,0,1,1,-1,-1,-1,-1,-1,-1,-1,-1,-1
http://www.generalchemicalsupply.com,31,0,5,0,0,0,0,0,1,1,0,0,2,0,0,0,0,0,0
http://www.slimxxxtubeacn.dnset.com,29,0,6,0,0,0,0,0,1,1,-1,-1,-1,-1,-1,-1,-1,-1,-1
http://www.slimxxxtubealn.ddns.name,29,0,6,0,0,0,0,0,1,1,-1,-1,-1,-1,-1,-1,-1,-1,-1
http://www.slimxxxtubeanr.ddns.name,29,0,6,0,0,0,0,0,1,1,-1,-1,-1,-1,-1,-1,-1,-1,-1
http://www.slimxxxtubeaxy.ddns.name,29,0,6,0,0,0,0,0,1,1,-1,-1,-1,-1,-1,-1,-1,-1,-1
http://www.slimxxxtubeayv.ddns.name,29,0,6,0,0,0,0,0,1,1,-1,-1,-1,-1,-1,-1,-1,-1,-1
http://www.slimxxxtubebej.dnset.com,29,0,6,0,0,0,0,0,1,1,-1,-1,-1,-1,-1,-1,-1,-1,-1
http://www.slimxxxtubebgp.ddns.name,29,0,6,0,0,0,0,0,1,1,-1,-1,-1,-1,-1,-1,-1,-1,-1
http://www.slimxxxtubebmq.dnset.com,29,0,6,0,0,0,0,0,1,1,-1,-1,-1,-1,-1,-1,-1,-1,-1
http://www.slimxxxtubebnd.ddns.name,29,0,6,0,0,0,0,0,1,1,-1,-1,-1,-1,-1,-1,-1,-1,-1
http://www.slimxxxtubecgl.ddns.name,29,0,6,0,0,0,0,0,1,1,-1,-1,-1,-1,-1,-1,-1,-1,-1
http://www.slimxxxtubectk.dnset.com,29,0,6,0,0,0,0,0,1,1,-1,-1,-1,-1,-1,-1,-1,-1,-1
http://www.slimxxxtubecty.ddns.name,29,0,6,0,0,0,0,0,1,1,-1,-1,-1,-1,-1,-1,-1,-1,-1
http://www.slimxxxtubeczp.ddns.name,29,0,6,0,0,0,0,0,1,1,-1,-1,-1,-1,-1,-1,-1,-1,-1
http://www.slimxxxtubedgv.dnset.com,29,0,6,0,0,0,0,0,1,1,-1,-1,-1,-1,-1,-1,-1,-1,-1
http://www.slimxxxtubedjm.ddns.name,29,0,6,0,0,0,0,0,1,1,-1,-1,-1,-1,-1,-1,-1,-1,-1
http://www.slimxxxtubedlb.ddns.name,29,0,6,0,0,0,0,0,1,1,-1,-1,-1,-1,-1,-1,-1,-1,-1
http://www.slimxxxtubedvj.dnset.com,29,0,6,0,0,0,0,0,1,1,-1,-1,-1,-1,-1,-1,-1,-1,-1
http://www.slimxxxtubedxc.ddns.name,29,0,6,0,0,0,0,0,1,1,-1,-1,-1,-1,-1,-1,-1,-1,-1
http://www.slimxxxtubedya.ddns.name,29,0,6,0,0,0,0,0,1,1,-1,-1,-1,-1,-1,-1,-1,-1,-1
http://www.slimxxxtubeejs.ddns.name,29,0,6,0,0,0,0,0,1,1,-1,-1,-1,-1,-1,-1,-1,-1,-1
http://www.slimxxxtubeemz.dnset.com,29,0,6,0,0,0,0,0,1,1,-1,-1,-1,-1,-1,-1,-1,-1,-1
http://www.slimxxxtubefdr.ddns.name,29,0,6,0,0,0,0,0,1,1,-1,-1,-1,-1,-1,-1,-1,-1,-1
http://www.slimxxxtubefel.ddns.name,29,0,6,0,0,0,0,0,1,1,-1,-1,-1,-1,-1,-1,-1,-1,-1
http://www.slimxxxtubeftb.dnset.com,29,0,6,0,0,0,0,0,1,1,-1,-1,-1,-1,-1,-1,-1,-1,-1
http://www.slimxxxtubefzc.ddns.name,29,0,6,0,0,0,0,0,1,1,-1,-1,-1,-1,-1,-1,-1,-1,-1
http://www.slimxxxtubehan.ddns.name,29,0,6,0,13,3,16,0.8125,9,7,-1,-1,-1,-1,-1,-1,-1,-1,-1
http://www.tube8vidszyj.ddns.name,26,1,6,0,13,3,16,0.8125,9,7,-1,-1,-1,-1,-1,-1,-1,-1,-1
http://www.tecslide.com,18,0,5,0,13,3,16,0.8125,9,7,0,0,0,0,0,0,0,0,0
http://www.slivki.com.ua,18,0,6,0,13,3,16,0.8125,9,7,0,0,0,0,0,0,0,0,0
http://www.bizzibeans.net,20,0,5,0,13,3,16,0.8125,9,7,4,0,0,2,0,0,0,0,0
http://www.bizzibeans.net,20,0,5,0,13,3,16,0.8125,9,7,4,0,0,2,0,0,0,0,0
http://www.two-of-us.at,16,0,7,2,13,3,16,0.8125,9,7,-1,-1,-1,-1,-1,-1,-1,-1,-1
http://www.directxex.com,19,0,5,0,1,215,216,0.00462,7,3,0,0,0,0,0,0,0,0,0
http://www.directxex.com,19,0,5,0,13,3,16,0.8125,9,7,0,0,0,0,0,0,0,0,0
http://www.downloads-whatsapp.com,27,0,6,1,8,723,731,0.0119439,10,4,0,0,0,0,0,0,0,0,0
http://www.directxex.com,19,0,5,0,1,0,1,1,2,2,0,0,0,0,0,0,0,0,0
http://www.blueimagen.com,20,0,5,0,13,3,16,0.8125,9,7,-1,-1,-1,-1,-1,-1,-1,-1,-1
http://www.lostartofbeingadame.com,29,0,5,0,0,1,1,0,3,2,0,0,0,0,0,0,0,0,0
http://www.bride1.com,15,1,5,0,0,0,0,0,1,1,0,0,0,0,0,0,0,0,0
http://www.directxex.com,19,0,5,0,0,26,26,0,3,2,-1,-1,-1,-1,-1,-1,-1,-1,-1
http://www.down2.feiyang163.com,21,4,6,0,2,0,2,1,1,1,-1,-1,-1,-1,-1,-1,-1,-1,-1
http://www.down3.feiyang163.com,21,4,6,0,0,0,0,0,1,1,-1,-1,-1,-1,-1,-1,-1,-1,-1
http://www.d1.kuai8.com,15,2,6,0,16,7,23,0.695652,5,2,0,0,0,0,0,0,0,0,0
http://www.down.unadnet.com.cn,23,0,7,0,0,0,0,0,1,1,-1,-1,-1,-1,-1,-1,-1,-1,-1
http://www.ddd.gouwuke.cn,19,0,6,0,0,0,0,0,1,1,0,0,1,0,0,0,0,0,0
http://www.down.feiyang163.com,21,3,6,0,1,0,1,1,1,1,-1,-1,-1,-1,-1,-1,-1,-1,-1
http://www.down.guangsu.cn,20,0,6,0,0,2,2,0,2,1,-1,-1,-1,-1,-1,-1,-1,-1,-1
http://www.sj88.com,12,2,5,0,0,0,0,0,0,0,0,0,0,0,0,0,0,0,0
http://www.k.h.a.d.free.fr,17,0,9,0,0,0,0,0,0,0,-1,-1,-1,-1,-1,-1,-1,-1,-1
http://www.download.grandcloud.cn,27,0,6,0,2,0,2,1,1,1,-1,-1,-1,-1,-1,-1,-1,-1,-1
http://www.feiyang163.com,17,3,5,0,41,10,51,0.803922,4,1,0,0,0,0,0,0,0,0,0
http://www.thefxarchive.com,22,0,5,0,0,0,0,0,0,0,-1,-1,-1,-1,-1,-1,-1,-1,-1
http://www.formessengers.com,23,0,5,0,0,0,0,0,1,1,-1,-1,-1,-1,-1,-1,-1,-1,-1
http://www.dl.microsword.net,22,0,6,0,100,123,223,0.44843,47,31,-1,-1,-1,-1,-1,-1,-1,-1,-1
http://www.download.56.com,18,2,6,0,0,0,0,0,1,1,-1,-1,-1,-1,-1,-1,-1,-1,-1
http://www.download.ttrili.com:98,24,2,7,0,0,26,26,0,3,2,-1,-1,-1,-1,-1,-1,-1,-1,-1
http://www.f.gj555.net,13,3,6,0,2,0,2,1,1,1,-1,-1,-1,-1,-1,-1,-1,-1,-1
http://www.images.topguncustomz.com,29,0,6,0,0,0,0,0,1,1,-1,-1,-1,-1,-1,-1,-1,-1,-1
http://www.nlconsulateorlandoorg.siteprotect.net,42,0,6,0,16,7,23,0.695652,5,2,-1,-1,-1,-1,-1,-1,-1,-1,-1
http://www.acquisizionevideo.com,27,0,5,0,0,0,0,0,1,1,0,0,0,0,0,0,0,0,0
http://www.sgs.us.com,15,0,6,0,0,0,0,0,1,1,4,0,1,0,0,0,0,0,1
http://www.anshrit.com,17,0,5,0,1,0,1,1,1,1,-1,-1,-1,-1,-1,-1,-1,-1,-1
http://www.4dexports.com,18,1,5,0,0,2,2,0,2,1,-1,-1,-1,-1,-1,-1,-1,-1,-1
http://www.bracbetul.com,19,0,5,0,0,0,0,0,1,1,0,0,0,0,0,0,0,0,0
http://www.merrymilkfoods.com,24,0,5,0,16,7,23,0.695652,5,2,-1,-1,-1,-1,-1,-1,-1,-1,-1
http://www.ocpersian.com,19,0,5,0,0,0,0,0,1,1,0,0,0,0,0,0,0,0,0
http://www.coalimpex.com,19,0,5,0,0,0,0,0,1,1,0,0,0,0,0,0,0,0,0
http://www.coalimpex.com,19,0,5,0,1,0,1,1,1,1,-1,-1,-1,-1,-1,-1,-1,-1,-1
http://www.ministerio-publi.info,26,0,6,1,0,2,2,0,2,1,0,0,0,0,0,0,0,0,0
http://www.dentairemalin.com,23,0,5,0,0,0,0,0,0,0,-1,-1,-1,-1,-1,-1,-1,-1,-1
http://www.mathenea.com,18,0,5,0,0,0,0,0,0,0,0,0,0,0,0,0,0,0,0
http://www.6b8a953b2bf7788063d5-6e453f33ecbb90f11a62a5c376375af3.r71.cf5.rackcdn.com,38,37,9,1,2,0,2,1,1,1,0,0,0,0,0,0,0,0,0
http://www.sankyo.gr.jp,17,0,6,0,41,10,51,0.803922,4,1,0,0,0,0,0,0,0,0,0
http://www.rokus-tgy.hu,17,0,6,1,0,0,0,0,0,0,0,0,0,0,0,0,0,0,0
http://www.flowtec.com.br,19,0,6,0,0,0,0,0,1,1,-1,-1,-1,-1,-1,-1,-1,-1,-1
http://www.fabioalbini.com,21,0,5,0,100,123,223,0.44843,47,31,0,0,0,0,0,0,0,0,0
http://www.emrlogistics.com,22,0,5,0,0,0,0,0,1,1,0,0,0,0,0,0,0,0,0
http://www.cortesidesign.com,23,0,5,0,0,26,26,0,3,2,-1,-1,-1,-1,-1,-1,-1,-1,-1
http://www.writingassociates.com,27,0,5,0,2,0,2,1,1,1,0,0,3,0,0,0,0,0,0
http://www.troytempest.com,21,0,5,0,0,0,0,0,1,1,4,0,2,0,0,0,0,0,0
http://www.villalecchi.com,21,0,5,0,16,7,23,0.695652,5,2,0,0,7,0,0,0,0,0,0
http://www.sasson-cpa.co.il,20,0,7,1,0,0,0,0,1,1,-1,-1,-1,-1,-1,-1,-1,-1,-1
http://www.rainbowcolours.me.uk,25,0,6,0,0,0,0,0,1,1,-1,-1,-1,-1,-1,-1,-1,-1,-1
http://www.progettocrea.org,22,0,5,0,1,0,1,1,1,1,-1,-1,-1,-1,-1,-1,-1,-1,-1
http://www.ns1.the-sinner.net,21,1,7,1,0,2,2,0,2,1,-1,-1,-1,-1,-1,-1,-1,-1,-1
http://www.nctbonline.co.uk,21,0,6,0,0,0,0,0,0,0,-1,-1,-1,-1,-1,-1,-1,-1,-1
http://www.ms11.net,12,2,5,0,0,0,0,0,0,0,0,0,0,0,0,0,0,0,0
http://www.mediatrade.h19.ru,20,2,6,0,2,0,2,1,1,1,0,0,1,0,0,0,0,0,0
http://www.mahindrainsurance.com,27,0,5,0,41,10,51,0.803922,4,1,8,0,0,0,0,0,0,0,0
http://www.innatek.com,17,0,5,0,0,0,0,0,0,0,0,0,1,1,0,0,0,0,1
http://www.hobbat.fvds.ru,19,0,6,0,0,0,0,0,1,1,-1,-1,-1,-1,-1,-1,-1,-1,-1
http://www.hnskorea.co.kr,19,0,6,0,100,123,223,0.44843,47,31,0,0,0,0,0,0,0,0,0
http://www.grendizer.biz,19,0,5,0,0,0,0,0,1,1,-1,-1,-1,-1,-1,-1,-1,-1,-1
http://www.gulf-industrial.com,24,0,6,1,0,26,26,0,3,2,0,0,0,0,0,0,0,0,0
http://www.dougmlee.com,18,0,5,0,2,0,2,1,1,1,0,0,0,0,1,0,0,0,0
http://www.destre45.com,16,2,5,0,0,0,0,0,1,1,-1,-1,-1,-1,-1,-1,-1,-1,-1
http://www.demo.vertexinfo.in,23,0,6,0,16,7,23,0.695652,5,2,-1,-1,-1,-1,-1,-1,-1,-1,-1
http://www.decrolyschool.be,22,0,5,0,0,0,0,0,1,1,0,0,0,0,0,0,0,0,0
http://www.decografix.com,20,0,5,0,0,0,0,0,1,1,0,0,0,0,0,0,0,0,0
http://www.csmail.iggcn.com,21,0,6,0,1,0,1,1,1,1,-1,-1,-1,-1,-1,-1,-1,-1,-1
http://www.cope.it,13,0,5,0,0,2,2,0,2,1,0,0,0,0,0,0,0,0,0
http://www.classicspeedway.com,25,0,5,0,0,0,0,0,1,1,0,0,0,0,0,0,0,0,0
http://www.centralwestwater.com.au,28,0,6,0,16,7,23,0.695652,5,2,0,0,0,0,0,0,0,0,0
http://www.americancareconcept.com,29,0,5,0,0,0,0,0,1,1,0,0,0,0,0,0,0,0,0
http://www.amazingvacationhotels.com,31,0,5,0,0,0,0,0,1,1,0,0,0,0,0,0,0,0,0
http://www.kadirzerey.com,20,0,5,0,1,0,1,1,1,1,2,0,4,0,0,0,0,0,0
http://www.murbil.hostei.com,22,0,6,0,0,2,2,0,2,1,-1,-1,-1,-1,-1,-1,-1,-1,-1
http://www.rentfromart.com,21,0,5,0,0,0,0,0,0,0,0,0,0,0,0,0,0,0,0
http://www.uploads.tmweb.ru,21,0,6,0,0,0,0,0,0,0,2,0,0,0,0,0,0,0,0
http://www.strangeduckfilms.com,26,0,5,0,2,0,2,1,1,1,-1,-1,-1,-1,-1,-1,-1,-1,-1
http://www.arkinsoftware.in,22,0,5,0,41,10,51,0.803922,4,1,0,0,0,0,0,0,0,0,0
http://www.beespace.com.ua,20,0,6,0,0,0,0,0,0,0,0,0,0,0,0,0,0,0,0
http://www.sadiqtv.com,17,0,5,0,0,0,0,0,1,1,0,0,0,0,0,0,0,0,0
http://www.rallyeair.com,19,0,5,0,100,123,223,0.44843,47,31,2,0,4,1,0,0,0,0,1
http://www.nbook.far.ru,17,0,6,0,0,0,0,0,1,1,0,0,2,0,0,0,0,0,0
http://www.pgalvaoteles.pt,21,0,5,0,0,26,26,0,3,2,0,0,0,0,0,0,0,0,0
http://www.lefos.net,15,0,5,0,2,0,2,1,1,1,-1,-1,-1,-1,-1,-1,-1,-1,-1
http://www.gogetgorgeous.com,23,0,5,0,0,0,0,0,1,1,-1,-1,-1,-1,-1,-1,-1,-1,-1
http://www.decota.es,15,0,5,0,16,7,23,0.695652,5,2,0,0,0,0,0,0,0,0,0
http://www.beautysafari.com,22,0,5,0,0,0,0,0,1,1,0,0,0,0,0,0,0,0,0
http://www.axisbuild.com,19,0,5,0,0,0,0,0,1,1,-1,-1,-1,-1,-1,-1,-1,-1,-1
http://www.loft2126.dedicatedpanel.com,28,4,6,0,1,0,1,1,1,1,0,0,0,0,0,0,0,0,0
http://www.chaveiro.bio.br,20,0,6,0,0,2,2,0,2,1,-1,-1,-1,-1,-1,-1,-1,-1,-1
http://www.campamento.queenscamp.com,30,0,6,0,0,0,0,0,1,1,0,0,2,0,0,0,0,0,0
http://www.ftp.flyfishusa.com,23,0,6,0,12,1,13,0.923077,2,1,0,0,2,0,0,0,0,0,0
http://www.optimization-methods.com,29,0,6,1,0,0,0,0,1,1,0,0,0,0,0,0,0,0,0
http://www.paraskov.com,18,0,5,0,8,0,8,1,1,0,0,0,0,0,0,0,0,0,0
http://www.tatschke.net,18,0,5,0,0,0,0,0,1,1,-1,-1,-1,-1,-1,-1,-1,-1,-1
http://www.wt10.haote.com,17,2,6,0,7,0,7,1,1,0,-1,-1,-1,-1,-1,-1,-1,-1,-1
http://www.fiduciariobajio.com.mx,27,0,6,0,1,0,1,1,1,0,-1,-1,-1,-1,-1,-1,-1,-1,-1
http://www.cmicapui.ce.gov.br,22,0,7,0,10,7,17,0.588235,3,1,-1,-1,-1,-1,-1,-1,-1,-1,-1
http://www.harshwhispers.com,23,0,5,0,0,0,0,0,1,1,0,0,1,0,0,0,0,0,1
http://www.prorodeosportmed.com,26,0,5,0,0,0,0,0,1,1,-1,-1,-1,-1,-1,-1,-1,-1,-1
http://www.xicaxique.com.br,21,0,6,0,15,54,69,0.217391,24,11,-1,-1,-1,-1,-1,-1,-1,-1,-1
http://www.iybasketball.info,23,0,5,0,6,2,8,0.75,5,1,-1,-1,-1,-1,-1,-1,-1,-1,-1
http://www.hexadl.line55.net,20,2,6,0,15,2,17,0.882353,3,2,-1,-1,-1,-1,-1,-1,-1,-1,-1
http://www.fbku.com,14,0,5,0,1,201,202,0.00495,7,3,-1,-1,-1,-1,-1,-1,-1,-1,-1
http://www.getdatanetukscan.info,27,0,5,0,1,201,202,0.00495,7,3,0,0,1,0,0,0,0,0,1
http://www.d32k27yvyi4kmv.cloudfront.net,29,5,6,0,1,201,202,0.00495,7,3,-1,-1,-1,-1,-1,-1,-1,-1,-1
http://www.extreembilisim.com,24,0,5,0,1,201,202,0.00495,7,3,0,0,0,0,0,0,0,0,0
http://www.nailbytes1.com,19,1,5,0,1,201,202,0.00495,7,3,-1,-1,-1,-1,-1,-1,-1,-1,-1
http://www.hoerbird.net,18,0,5,0,1,201,202,0.00495,7,3,0,0,0,0,0,0,0,0,0
http://www.josip-stadler.org,22,0,6,1,1,201,202,0.00495,7,3,0,0,0,0,0,0,0,0,0
http://www.chsplantsales.co.uk,24,0,6,0,1,201,202,0.00495,7,3,-1,-1,-1,-1,-1,-1,-1,-1,-1
http://www.cudacorp.com,18,0,5,0,1,201,202,0.00495,7,3,-1,-1,-1,-1,-1,-1,-1,-1,-1
http://www.jdfabrication.com,23,0,5,0,1,201,202,0.00495,7,3,1,0,0,0,0,0,0,0,0
http://www.mueller-holz-bau.com,24,0,7,2,1,201,202,0.00495,7,3,0,0,0,0,0,0,0,0,0
http://www.perfectionautorepairs.com,31,0,5,0,0,0,0,0,1,1,-1,-1,-1,-1,-1,-1,-1,-1,-1
http://www.pharmadeal.gr,19,0,5,0,0,0,0,0,1,1,0,0,0,0,0,0,0,0,0
http://www.testtralala.xorg.pl,24,0,6,0,0,0,0,0,1,1,-1,-1,-1,-1,-1,-1,-1,-1,-1
http://www.super8service.de,21,1,5,0,119,2,121,0.983471,3,2,0,0,0,0,0,0,0,0,0
http://www.whitehorsetechnologies.net,32,0,5,0,79,32,111,0.711712,10,3,-1,-1,-1,-1,-1,-1,-1,-1,-1
http://www.dimarsbg.com,18,0,5,0,58,1,59,0.983050847,3,2,0,0,0,0,0,0,0,0,0
http://www.thewinesteward.com,24,0,5,0,17,3,20,0.85,3,1,3,0,5,3,1,0,0,0,4
http://www.eternitymobiles.com,25,0,5,0,8,1,9,0.888888889,2,1,0,0,0,0,0,0,0,0,0
http://www.e-matelco.com,18,0,6,1,0,1,1,0,1,1,-1,-1,-1,-1,-1,-1,-1,-1,-1
http://www.TRIANGLESERVICESLTD.COM,29,0,5,0,15,1,16,0.9375,3,2,0,0,0,1,0,0,0,0,0
http://www.hobby-hangar.net,21,0,6,1,12,1,13,0.923076923,2,1,-1,-1,-1,-1,-1,-1,-1,-1,-1
http://www.creditbootcamp.com,24,0,5,0,0,0,0,0,1,1,2,0,0,0,0,0,0,0,0
http://www.hana-naveh.com,19,0,6,1,3,0,3,1,1,0,0,0,0,0,0,0,0,0,0
http://www.gurde.tourstogo.us,23,0,6,0,45,0,45,1,2,1,-1,-1,-1,-1,-1,-1,-1,-1,-1
http://www.eekro.cruisingsmallship.com,32,0,6,0,2,0,2,1,1,1,-1,-1,-1,-1,-1,-1,-1,-1,-1
http://www.ptuph.barginginfrance.net,30,0,6,0,2,0,2,1,1,1,-1,-1,-1,-1,-1,-1,-1,-1,-1
http://www.emits.iptvdeals.com,24,0,6,0,24,1,25,0.96,2,1,-1,-1,-1,-1,-1,-1,-1,-1,-1
http://www.shovi.frost-electric-supply.com,34,0,8,2,0,7,7,0,5,4,-1,-1,-1,-1,-1,-1,-1,-1,-1
http://www.iptoo.cruisingsmallship.com,32,0,6,0,0,37,37,0,12,3,-1,-1,-1,-1,-1,-1,-1,-1,-1
http://www.uchyz.cruisingsmallship.com,32,0,6,0,14,47,61,0.229508197,12,3,-1,-1,-1,-1,-1,-1,-1,-1,-1
http://www.eecky.butlerelectricsupply.com,35,0,6,0,29,5,34,0.852941176,3,1,-1,-1,-1,-1,-1,-1,-1,-1,-1
http://www.zyrdu.cruisingsmallship.com,32,0,6,0,15,19,34,0.441176471,6,1,-1,-1,-1,-1,-1,-1,-1,-1,-1
http://www.ixoox.csheaven.com,23,0,6,0,0,0,0,0,1,1,2,0,4,1,0,0,0,0,1
http://www.gylra.cruisingsmallship.com,32,0,6,0,0,0,0,0,3,2,-1,-1,-1,-1,-1,-1,-1,-1,-1
http://www.oshoo.iptvdeals.com,24,0,6,0,0,0,0,0,1,1,-1,-1,-1,-1,-1,-1,-1,-1,-1
http://www.coaha.frenchgerlemanelectric.com,37,0,6,0,15,68,83,0.180722892,12,2,-1,-1,-1,-1,-1,-1,-1,-1,-1
http://www.echoa.randbinternationaltravel.com,39,0,6,0,0,0,0,0,1,1,-1,-1,-1,-1,-1,-1,-1,-1,-1
http://www.ooksu.frost-electric-supply.com,34,0,8,2,0,0,0,0,1,1,-1,-1,-1,-1,-1,-1,-1,-1,-1
http://www.efugl.iptvdeals.com,24,0,6,0,0,0,0,0,1,1,-1,-1,-1,-1,-1,-1,-1,-1,-1
http://www.ptool.barginginfrance.net,30,0,6,0,0,0,0,0,1,1,-1,-1,-1,-1,-1,-1,-1,-1,-1
http://www.ocick.frost-electric-supply.com,34,0,8,2,0,0,0,0,1,1,-1,-1,-1,-1,-1,-1,-1,-1,-1
http://www.xotsa.frenchgerlemanelectric.com,37,0,6,0,0,0,0,0,1,1,-1,-1,-1,-1,-1,-1,-1,-1,-1
http://www.veksi.barginginfrance.net,30,0,6,0,15,0,15,1,3,2,-1,-1,-1,-1,-1,-1,-1,-1,-1
http://www.ukugl.tourstogo.us,23,0,6,0,15,0,15,1,3,2,-1,-1,-1,-1,-1,-1,-1,-1,-1
http://www.greev.randbinternationaltravel.com,39,0,6,0,29,0,29,1,4,3,-1,-1,-1,-1,-1,-1,-1,-1,-1
http://www.simpi.tourstogo.us,23,0,6,0,0,0,0,0,0,0,-1,-1,-1,-1,-1,-1,-1,-1,-1
http://www.iwhab.randbinternationaltravel.com,39,0,6,0,8,0,8,1,1,0,-1,-1,-1,-1,-1,-1,-1,-1,-1
http://www.whabi.csheaven.com,23,0,6,0,12,219,231,0.051948,40,14,2,0,4,1,0,0,0,0,1
http://www.nonsi.csheaven.com,23,0,6,0,0,0,0,0,1,1,2,0,4,1,0,0,0,0,1
http://www.namso.butlerelectricsupply.com,35,0,6,0,0,0,0,0,1,1,-1,-1,-1,-1,-1,-1,-1,-1,-1
http://www.eroov.iptvdeals.com,24,0,6,0,0,0,0,0,1,1,-1,-1,-1,-1,-1,-1,-1,-1,-1
http://www.rawoo.barginginfrance.net,30,0,6,0,0,0,0,0,1,1,-1,-1,-1,-1,-1,-1,-1,-1,-1
http://www.hoawy.frost-electric-supply.com,34,0,8,2,0,0,0,0,0,0,-1,-1,-1,-1,-1,-1,-1,-1,-1
http://www.wetyt.tourstogo.us,23,0,6,0,0,0,0,0,0,0,-1,-1,-1,-1,-1,-1,-1,-1,-1
http://www.uvidu.butlerelectricsupply.com,35,0,6,0,0,0,0,0,0,0,-1,-1,-1,-1,-1,-1,-1,-1,-1
http://www.asham.tourstogo.us,23,0,6,0,0,0,0,0,1,1,-1,-1,-1,-1,-1,-1,-1,-1,-1
http://www.oakso.tourstogo.us,23,0,6,0,0,0,0,0,0,0,-1,-1,-1,-1,-1,-1,-1,-1,-1
http://www.dujur.barginginfrance.net,30,0,6,0,0,0,0,0,0,0,-1,-1,-1,-1,-1,-1,-1,-1,-1
http://www.keemy.butlerelectricsupply.com,35,0,6,0,0,0,0,0,0,0,-1,-1,-1,-1,-1,-1,-1,-1,-1
http://www.ithyk.frenchgerlemanelectric.com,37,0,6,0,0,0,0,0,0,0,-1,-1,-1,-1,-1,-1,-1,-1,-1
http://www.vitha.csheaven.com,23,0,6,0,0,0,0,0,0,0,2,0,4,1,0,0,0,0,1
http://www.esoad.frost-electric-supply.com,34,0,8,2,0,0,0,0,0,0,-1,-1,-1,-1,-1,-1,-1,-1,-1
http://www.oampa.csheaven.com,23,0,6,0,53,64,117,0.452991453,31,19,2,0,4,1,0,0,0,0,1
http://www.acool.csheaven.com,23,0,6,0,0,0,0,0,0,0,2,0,4,1,0,0,0,0,1
http://www.phoaz.cruisingsmallship.com,32,0,6,0,0,15,15,0,2,0,-1,-1,-1,-1,-1,-1,-1,-1,-1
http://www.oshoa.iptvdeals.com,24,0,6,0,5,3,8,0.625,4,2,-1,-1,-1,-1,-1,-1,-1,-1,-1
http://www.psooz.tourstogo.us,23,0,6,0,0,0,0,0,1,0,-1,-1,-1,-1,-1,-1,-1,-1,-1
http://www.oolsi.frost-electric-supply.com,34,0,8,2,0,0,0,0,0,0,-1,-1,-1,-1,-1,-1,-1,-1,-1
http://www.kulro.csheaven.com,23,0,6,0,0,0,0,0,0,0,2,0,4,1,0,0,0,0,1
http://www.eeroo.frost-electric-supply.com,34,0,8,2,0,0,0,0,0,0,-1,-1,-1,-1,-1,-1,-1,-1,-1
http://www.gyboo.cruisingsmallship.com,32,0,6,0,0,0,0,0,0,0,-1,-1,-1,-1,-1,-1,-1,-1,-1
http://www.rumog.frost-electric-supply.com,34,0,8,2,0,0,0,0,0,0,-1,-1,-1,-1,-1,-1,-1,-1,-1
http://www.veevu.tourstogo.us,23,0,6,0,0,0,0,0,0,0,-1,-1,-1,-1,-1,-1,-1,-1,-1
http://www.eetho.cruisingsmallship.com,32,0,6,0,0,0,0,0,0,0,-1,-1,-1,-1,-1,-1,-1,-1,-1
http://www.oojee.barginginfrance.net,30,0,6,0,0,0,0,0,0,0,-1,-1,-1,-1,-1,-1,-1,-1,-1
http://www.igoby.frost-electric-supply.com,34,0,8,2,0,0,0,0,0,0,-1,-1,-1,-1,-1,-1,-1,-1,-1
http://www.upsoj.iptvdeals.com,24,0,6,0,0,0,0,0,0,0,-1,-1,-1,-1,-1,-1,-1,-1,-1
http://www.oosee.barginginfrance.net,30,0,6,0,0,0,0,0,0,0,-1,-1,-1,-1,-1,-1,-1,-1,-1
http://www.oawoo.frenchgerlemanelectric.com,37,0,6,0,0,0,0,0,0,0,-1,-1,-1,-1,-1,-1,-1,-1,-1
http://www.whave.iptvdeals.com,24,0,6,0,0,0,0,0,1,1,-1,-1,-1,-1,-1,-1,-1,-1,-1
http://www.kyrsu.frost-electric-supply.com,34,0,8,2,0,0,0,0,1,1,-1,-1,-1,-1,-1,-1,-1,-1,-1
http://www.mocka.frost-electric-supply.com,34,0,8,2,0,0,0,0,1,1,-1,-1,-1,-1,-1,-1,-1,-1,-1
http://www.pulso.butlerelectricsupply.com,35,0,6,0,1,0,1,1,2,2,-1,-1,-1,-1,-1,-1,-1,-1,-1
http://www.nefib.tourstogo.us,23,0,6,0,0,0,0,0,1,1,-1,-1,-1,-1,-1,-1,-1,-1,-1
http://www.oapsa.tourstogo.us,23,0,6,0,2,0,2,1,2,1,-1,-1,-1,-1,-1,-1,-1,-1,-1
http://www.azoos.csheaven.com,23,0,6,0,1,0,1,1,1,1,2,0,4,1,0,0,0,0,1
http://www.ptush.iptvdeals.com,24,0,6,0,8,1,9,0.888888,2,1,-1,-1,-1,-1,-1,-1,-1,-1,-1
http://www.zibup.csheaven.com,23,0,6,0,1,0,1,1,1,1,2,0,4,1,0,0,0,0,1
http://www.atyss.barginginfrance.net,30,0,6,0,33,2,35,0.942857,4,2,-1,-1,-1,-1,-1,-1,-1,-1,-1
http://www.ptewh.iptvdeals.com,24,0,6,0,0,0,0,0,0,0,-1,-1,-1,-1,-1,-1,-1,-1,-1
http://www.igroo.barginginfrance.net,30,0,6,0,13,3,16,0.8125,9,7,-1,-1,-1,-1,-1,-1,-1,-1,-1
http://www.oofuv.cruisingsmallship.com,32,0,6,0,53,5,58,0.913793,3,1,-1,-1,-1,-1,-1,-1,-1,-1,-1
http://www.pigra.csheaven.com,23,0,6,0,1,215,216,0.00462,7,3,2,0,4,1,0,0,0,0,1
http://www.dofeb.frenchgerlemanelectric.com,37,0,6,0,8,723,731,0.0119439,10,4,-1,-1,-1,-1,-1,-1,-1,-1,-1
http://www.igagh.tourstogo.us,23,0,6,0,8,723,731,0.0119439,10,4,-1,-1,-1,-1,-1,-1,-1,-1,-1
http://www.estoa.frost-electric-supply.com,34,0,8,2,1,0,1,1,2,2,-1,-1,-1,-1,-1,-1,-1,-1,-1
http://www.ubike.tourstogo.us,23,0,6,0,0,1,1,0,3,2,-1,-1,-1,-1,-1,-1,-1,-1,-1
http://www.boogu.barginginfrance.net,30,0,6,0,78,8,86,0.9069,7,2,-1,-1,-1,-1,-1,-1,-1,-1,-1
http://www.oowhe.frost-electric-supply.com,34,0,8,2,78,8,86,0.9069,7,2,-1,-1,-1,-1,-1,-1,-1,-1,-1
http://www.nugly.barginginfrance.net,30,0,6,0,78,8,86,0.9069,7,2,-1,-1,-1,-1,-1,-1,-1,-1,-1
http://www.mondoperaio.net,21,0,5,0,78,8,86,0.9069,7,2,0,0,2,0,0,0,0,0,0
http://www.fondazioneciampi.org,26,0,5,0,78,8,86,0.9069,7,2,0,0,2,0,0,0,0,0,0
http://www.europe-academy.net,23,0,6,1,78,8,86,0.9069,7,2,-1,-1,-1,-1,-1,-1,-1,-1,-1
http://www.lunaticjazz.com,21,0,5,0,78,8,86,0.9069,7,2,0,0,0,0,0,0,0,0,0
http://www.earthcontrolsys.com,25,0,5,0,78,8,86,0.9069,7,2,0,0,0,0,0,0,0,0,0
http://www.drteachme.com,19,0,5,0,78,8,86,0.9069,7,2,-1,-1,-1,-1,-1,-1,-1,-1,-1
http://www.eeps.me,13,0,5,0,78,8,86,0.9069,7,2,-1,-1,-1,-1,-1,-1,-1,-1,-1
http://www.scantanzania.com,22,0,5,0,78,8,86,0.9069,7,2,0,0,0,0,0,0,0,0,0
http://www.inclusivediversity.co.uk,29,0,6,0,78,8,86,0.9069,7,2,0,0,0,0,0,0,0,0,0
http://www.proascolcolombia.com,26,0,5,0,78,8,86,0.9069,7,2,-1,-1,-1,-1,-1,-1,-1,-1,-1
http://www.wonchangvacuum.com.my,26,0,6,0,78,8,86,0.9069,7,2,0,0,0,0,0,0,0,0,0
http://www.gosciniec-paproc.pl,24,0,6,1,78,8,86,0.9069,7,2,-1,-1,-1,-1,-1,-1,-1,-1,-1
http://www.deleondeos.com,20,0,5,0,78,8,86,0.9069,7,2,0,0,0,0,0,0,0,0,0
http://www.icybrand.eu,17,0,5,0,78,8,86,0.9069,7,2,0,0,0,0,0,0,0,0,0
http://www.gold-city.it,17,0,6,1,78,8,86,0.9069,7,2,0,0,0,0,0,0,0,0,0
http://www.cerquasas.it,18,0,5,0,78,8,86,0.9069,7,2,0,0,0,0,0,0,0,0,0
http://www.izzy-cars.nl,17,0,6,1,78,8,86,0.9069,7,2,0,0,0,0,0,0,0,0,0
http://www.stopmeagency.free.fr,25,0,6,0,78,8,86,0.9069,7,2,-1,-1,-1,-1,-1,-1,-1,-1,-1
http://www.reclamus.com,18,0,5,0,78,8,86,0.9069,7,2,0,0,2,0,0,0,0,0,0
http://www.lhs-mhs.org,16,0,6,1,78,8,86,0.9069,7,2,-1,-1,-1,-1,-1,-1,-1,-1,-1
http://www.zt.tim-taxi.com,19,0,7,1,78,8,86,0.9069,7,2,-1,-1,-1,-1,-1,-1,-1,-1,-1
http://www.marialorena.com.br,23,0,6,0,78,8,86,0.9069,7,2,-1,-1,-1,-1,-1,-1,-1,-1,-1
http://www.buildviet.info,20,0,5,0,78,8,86,0.9069,7,2,0,0,0,0,0,0,0,0,0
http://www.avokka.com,16,0,5,0,78,8,86,0.9069,7,2,0,0,0,0,0,0,0,0,0
http://www.jcmarcadolib.com,22,0,5,0,78,8,86,0.9069,7,2,0,0,2,0,0,0,0,0,2
http://www.euro-vertrieb.com,22,0,6,1,78,8,86,0.9069,7,2,0,0,0,0,0,0,0,0,0
http://www.coffeol.com,17,0,5,0,78,8,86,0.9069,7,2,0,0,0,0,0,0,0,0,0
http://www.pgathailand.com,21,0,5,0,78,8,86,0.9069,7,2,0,0,0,0,0,0,0,0,0
http://www.jessisjewels.com,22,0,5,0,78,8,86,0.9069,7,2,0,0,0,0,0,0,0,0,0
http://www.tscl.com.bd,16,0,6,0,78,8,86,0.9069,7,2,0,0,0,0,0,0,0,0,0
http://www.art-archiv.ru,18,0,6,1,39,5,44,0.88636,5,2,-1,-1,-1,-1,-1,-1,-1,-1,-1
http://www.kingskillz.ru,19,0,5,0,2,3,5,0.4,3,1,-1,-1,-1,-1,-1,-1,-1,-1,-1
http://www.raneevahijab.id,21,0,5,0,1,0,1,1,1,1,-1,-1,-1,-1,-1,-1,-1,-1,-1
http://www.lifelabs.vn,17,0,5,0,1,0,1,1,1,1,0,0,0,0,0,0,0,0,0
http://www.falconsafe.com.sg,22,0,6,0,13,25,38,0.3421,17,9,0,0,0,0,0,0,0,0,0
http://www.fo5.a1-downloader.org,23,2,7,1,0,2,2,0,1,0,-1,-1,-1,-1,-1,-1,-1,-1,-1
http://www.up.mykings.pw:8888,18,4,7,0,0,0,0,0,0,0,0,0,0,0,0,0,0,0,0
http://www.down.mykings.pw:8888,20,4,7,0,0,0,0,0,0,0,0,0,0,0,0,0,0,0,0
http://www.ssl-6582datamanager.de,23,4,6,1,2,0,2,1,1,1,-1,-1,-1,-1,-1,-1,-1,-1,-1
http://www.privatkunden.datapipe9271.com,30,4,6,0,41,10,51,0.803922,4,1,0,0,1,0,0,0,0,0,1
http://www.amazon-sicherheit.kunden-ueberpruefung.xyz,45,0,8,2,0,0,0,0,0,0,-1,-1,-1,-1,-1,-1,-1,-1,-1
http://www.sarahdaniella.com,23,0,5,0,0,0,0,0,1,1,0,0,2,0,0,0,0,0,2
http://www.textspeier.de,19,0,5,0,100,123,223,0.44843,47,31,0,0,4,0,1,0,0,0,4
http://www.photoscape.ch,19,0,5,0,0,0,0,0,1,1,-1,-1,-1,-1,-1,-1,-1,-1,-1
http://vh146.timeweb.ru,15,3,5,0,0,26,26,0,3,2,0,0,1,0,0,0,0,0,1
http://www.temnhankimloai.com,24,0,5,0,2,0,2,1,1,1,-1,-1,-1,-1,-1,-1,-1,-1,-1
http://www.ganiinc.co.za,18,0,6,0,0,0,0,0,1,1,-1,-1,-1,-1,-1,-1,-1,-1,-1
http://www.moorelegacygroup.com,26,0,5,0,16,7,23,0.695652,5,2,-1,-1,-1,-1,-1,-1,-1,-1,-1
http://www.pcgfund.com,17,0,5,0,0,0,0,0,1,1,0,0,1,0,0,0,0,0,0
http://www.thejonesact.com,21,0,5,0,0,0,0,0,1,1,4,0,0,0,0,0,0,0,0
http://www.studiosundaytv.com,24,0,5,0,1,0,1,1,1,1,2,0,0,1,0,0,0,0,0
http://www.theoneflooring.com,24,0,5,0,0,2,2,0,2,1,-1,-1,-1,-1,-1,-1,-1,-1,-1
http://www.goldberg-share.com,23,0,6,1,0,0,0,0,1,1,-1,-1,-1,-1,-1,-1,-1,-1,-1
http://www.hotcasinogames.org,24,0,5,0,12,1,13,0.923077,2,1,-1,-1,-1,-1,-1,-1,-1,-1,-1
http://www.isityouornotcc.asia,25,0,5,0,0,0,0,0,1,1,-1,-1,-1,-1,-1,-1,-1,-1,-1
http://www.greetingseuropasqq.com,28,0,5,0,8,0,8,1,1,0,0,0,0,0,0,0,0,0,0
http://www.amid-s.com.ua,17,0,7,1,0,0,0,0,1,1,2,0,0,0,0,0,0,0,0
http://www.hatgiongrangdong.com,26,0,5,0,7,0,7,1,1,0,-1,-1,-1,-1,-1,-1,-1,-1,-1
http://www.actiagroup.com,20,0,5,0,1,0,1,1,1,0,8,0,0,3,0,0,0,0,0
http://www.kassabravo.com,20,0,5,0,10,7,17,0.588235,3,1,0,0,2,0,0,0,0,0,2
http://www.importkauf.ch,19,0,5,0,0,0,0,0,1,1,3,0,6,2,0,0,0,0,4
http://www.buygrocery.nz,19,0,5,0,0,0,0,0,1,1,-1,-1,-1,-1,-1,-1,-1,-1,-1
http://www.creditfinancebank.ru,26,0,5,0,15,54,69,0.217391,24,11,-1,-1,-1,-1,-1,-1,-1,-1,-1
http://www.milanobro.com,19,0,5,0,6,2,8,0.75,5,1,-1,-1,-1,-1,-1,-1,-1,-1,-1
http://www.ru-optovik.ru,18,0,6,1,15,2,17,0.882353,3,2,-1,-1,-1,-1,-1,-1,-1,-1,-1
http://www.grosirkecantikan.com,26,0,5,0,1,201,202,0.00495,7,3,-1,-1,-1,-1,-1,-1,-1,-1,-1
http://www.vtc360.com,13,3,5,0,1,201,202,0.00495,7,3,3,0,2,0,0,0,0,0,0
http://www.holishit.in,17,0,5,0,1,201,202,0.00495,7,3,-1,-1,-1,-1,-1,-1,-1,-1,-1
http://www.jeansowghbqq.com,22,0,5,0,1,201,202,0.00495,7,3,0,0,0,0,0,0,0,0,0
http://www.portal.ofar.com.br,22,0,7,0,1,201,202,0.00495,7,3,-1,-1,-1,-1,-1,-1,-1,-1,-1
http://www.2biking.com,16,1,5,0,1,201,202,0.00495,7,3,-1,-1,-1,-1,-1,-1,-1,-1,-1
http://www.it-mall.eu,15,0,6,1,1,201,202,0.00495,7,3,-1,-1,-1,-1,-1,-1,-1,-1,-1
http://www.tbde.com.vn,16,0,6,0,1,201,202,0.00495,7,3,2,0,0,0,0,0,0,0,0
http://www.deco-dessert.com,21,0,6,1,1,201,202,0.00495,7,3,0,0,1,4,0,0,0,0,0
http://www.aztechnologies.co.uk,25,0,6,0,1,201,202,0.00495,7,3,0,0,0,0,0,0,0,0,0
http://www.refindsexy.com,20,0,5,0,1,201,202,0.00495,7,3,-1,-1,-1,-1,-1,-1,-1,-1,-1
http://www.pasticceriabonci.it,25,0,5,0,0,0,0,0,1,1,-1,-1,-1,-1,-1,-1,-1,-1,-1
http://www.eddenya.com,17,0,5,0,0,0,0,0,1,1,0,0,0,0,0,0,0,0,0
http://www.backup.terra5llc.com,24,1,6,0,0,0,0,0,1,1,-1,-1,-1,-1,-1,-1,-1,-1,-1
http://www.naairah.com,17,0,5,0,119,2,121,0.983471,3,2,-1,-1,-1,-1,-1,-1,-1,-1,-1
http://www.marialorena.com.br,23,0,6,0,79,32,111,0.711712,10,3,-1,-1,-1,-1,-1,-1,-1,-1,-1
http://www.zt.tim-taxi.com,19,0,7,1,58,1,59,0.983050847,3,2,-1,-1,-1,-1,-1,-1,-1,-1,-1
http://www.wechselkur.de,19,0,5,0,17,3,20,0.85,3,1,-1,-1,-1,-1,-1,-1,-1,-1,-1
http://www.sporttraum.de,19,0,5,0,8,1,9,0.888888889,2,1,1,0,0,0,0,0,0,0,0
http://www.vartashakti.com,21,0,5,0,0,1,1,0,1,1,0,0,0,0,0,0,0,0,0
http://www.vital4age.eu,17,1,5,0,15,1,16,0.9375,3,2,-1,-1,-1,-1,-1,-1,-1,-1,-1
http://www.creditwallet.net,22,0,5,0,12,1,13,0.923076923,2,1,2,0,2,1,0,0,0,0,0
http://www.newleaf.org.in,19,0,6,0,0,0,0,0,1,1,-1,-1,-1,-1,-1,-1,-1,-1,-1
http://www.demo.essarinfotech.net,27,0,6,0,3,0,3,1,1,0,-1,-1,-1,-1,-1,-1,-1,-1,-1
http://www.legendsdtv.com,20,0,5,0,45,0,45,1,2,1,0,0,1,1,0,0,0,0,0
http://www.sribinayakelectricals.com,31,0,5,0,2,0,2,1,1,1,0,0,2,0,0,0,0,0,2
http://www.schuh-zentgraf.de,22,0,6,1,2,0,2,1,1,1,0,0,0,1,0,0,0,0,0
http://www.avto-pobeda.ru,19,0,6,1,24,1,25,0.96,2,1,-1,-1,-1,-1,-1,-1,-1,-1,-1
http://www.ohelloguyqq.com,21,0,5,0,0,7,7,0,5,4,0,0,0,0,0,0,0,0,0
http://www.hochzeit.at,17,0,5,0,0,37,37,0,12,3,1,0,4,3,0,0,0,0,0
http://www.marketing-material.ieiworld.com,35,0,7,1,14,47,61,0.229508197,12,3,-1,-1,-1,-1,-1,-1,-1,-1,-1
http://www.saintlouis-viry.fr,23,0,6,1,29,5,34,0.852941176,3,1,0,0,0,0,0,0,0,0,0
http://www.ozono.org.es,17,0,6,0,15,19,34,0.441176471,6,1,-1,-1,-1,-1,-1,-1,-1,-1,-1
http://www.ministerepuissancejesus.com,33,0,5,0,0,0,0,0,1,1,-1,-1,-1,-1,-1,-1,-1,-1,-1
http://www.lahmar.choukri.perso.neuf.fr,31,0,8,0,0,0,0,0,3,2,0,0,0,0,1,0,0,0,0
http://www.lhs-mhs.org,16,0,6,1,0,0,0,0,1,1,-1,-1,-1,-1,-1,-1,-1,-1,-1
http://www.reclamus.com,18,0,5,0,15,68,83,0.180722892,12,2,0,0,2,0,0,0,0,0,0
http://www.stopmeagency.free.fr,25,0,6,0,0,0,0,0,1,1,-1,-1,-1,-1,-1,-1,-1,-1,-1
http://www.izzy-cars.nl,17,0,6,1,0,0,0,0,1,1,0,0,0,0,0,0,0,0,0
http://www.softworksbd.com,21,0,5,0,0,0,0,0,1,1,0,0,1,0,0,0,0,0,0
http://www.weforwomenmarathon.org,28,0,5,0,0,0,0,0,1,1,1,0,2,0,0,0,0,0,2
http://www.oaspodpaskdjnghzatrffgcasetfrd.cf,39,0,5,0,0,0,0,0,1,1,-1,-1,-1,-1,-1,-1,-1,-1,-1
http://www.nevergreen.net,20,0,5,0,0,0,0,0,1,1,3,0,2,0,0,0,0,0,0
http://www.inevo.co.il,16,0,6,0,15,0,15,1,3,2,-1,-1,-1,-1,-1,-1,-1,-1,-1
http://www.viisights.com,19,0,5,0,15,0,15,1,3,2,0,0,11,0,0,0,0,0,0
http://www.gamma01.website,19,2,5,0,29,0,29,1,4,3,-1,-1,-1,-1,-1,-1,-1,-1,-1
http://www.vgp3.vitebsk.by,19,1,6,0,0,0,0,0,0,0,-1,-1,-1,-1,-1,-1,-1,-1,-1
http://www.sitemar.ro,16,0,5,0,8,0,8,1,1,0,0,0,0,0,0,0,0,0,0
http://www.eestiblogid.ee,20,0,5,0,12,219,231,0.051948,40,14,0,1,3,0,0,0,0,0,0
http://www.cerquasas.it,18,0,5,0,0,0,0,0,1,1,0,0,0,0,0,0,0,0,0
http://www.gold-city.it,17,0,6,1,0,0,0,0,1,1,0,1,1,0,0,0,0,0,0
http://www.icybrand.eu,17,0,5,0,0,0,0,0,1,1,0,0,0,0,0,0,0,0,0
http://www.bag-online.com,19,0,6,1,0,0,0,0,1,1,0,0,1,0,0,0,0,0,0
http://www.afive.net,15,0,5,0,0,0,0,0,0,0,-1,-1,-1,-1,-1,-1,-1,-1,-1
http://www.avp-mech.ru,16,0,6,1,0,0,0,0,0,0,0,0,0,0,0,0,0,0,0
http://www.premium34.tmweb.ru,21,2,6,0,0,0,0,0,0,0,2,0,0,0,0,0,0,0,0
http://www.uponor.otistores.com,25,0,6,0,0,0,0,0,1,1,-1,-1,-1,-1,-1,-1,-1,-1,-1
http://www.killerjeff.free.fr,23,0,6,0,0,0,0,0,0,0,-1,-1,-1,-1,-1,-1,-1,-1,-1
http://www.srv20.ru,12,2,5,0,0,0,0,0,0,0,-1,-1,-1,-1,-1,-1,-1,-1,-1
http://www.kolman.flatitleandescrow.com,33,0,6,0,0,0,0,0,0,0,-1,-1,-1,-1,-1,-1,-1,-1,-1
http://www.temnhankimloai.com,24,0,5,0,0,0,0,0,0,0,2,0,2,1,0,0,0,0,0
http://www.creditwallet.net,22,0,5,0,0,0,0,0,0,0,-1,-1,-1,-1,-1,-1,-1,-1,-1
http://www.gold-city.it,17,0,6,1,0,0,0,0,0,0,-1,-1,-1,-1,-1,-1,-1,-1,-1
http://www.icybrand.eu,17,0,5,0,53,64,117,0.452991453,31,19,-1,-1,-1,-1,-1,-1,-1,-1,-1
http://www.pieiron.co.uk,18,0,6,0,0,0,0,0,0,0,0,0,1,0,0,0,0,0,0
http://www.sicuxp.sinerjimspor.com,28,0,6,0,0,15,15,0,2,0,-1,-1,-1,-1,-1,-1,-1,-1,-1
http://www.deleondeos.com,20,0,5,0,5,3,8,0.625,4,2,-1,-1,-1,-1,-1,-1,-1,-1,-1
http://www.adserv.sklice.com,22,0,6,0,0,0,0,0,1,0,-1,-1,-1,-1,-1,-1,-1,-1,-1
http://www.wonchangvacuum.com.my,26,0,6,0,0,0,0,0,0,0,0,1,6,0,0,0,0,0,3
http://www.gosciniec-paproc.pl,24,0,6,1,0,0,0,0,0,0,0,0,0,0,0,0,0,0,0
http://www.proascolcolombia.com,26,0,5,0,0,0,0,0,0,0,-1,-1,-1,-1,-1,-1,-1,-1,-1
http://www.jktdc.in,14,0,5,0,0,0,0,0,0,0,2,0,0,1,0,0,0,0,0
http://www.cifor.com,15,0,5,0,0,0,0,0,0,0,0,0,0,0,0,0,0,0,0
http://www.areadiprova.eu,20,0,5,0,0,0,0,0,0,0,-1,-1,-1,-1,-1,-1,-1,-1,-1
http://www.profill-smd.com,20,0,6,1,0,0,0,0,0,0,0,0,0,0,0,0,0,0,0
http://www.pradakomechanicals.com,28,0,5,0,0,0,0,0,0,0,2,0,0,0,0,0,0,0,0
http://www.blog.replacemycontacts.com,31,0,6,0,0,0,0,0,0,0,-1,-1,-1,-1,-1,-1,-1,-1,-1
http://www.avppet.com,16,0,5,0,0,0,0,0,0,0,2,0,2,1,0,0,0,0,0
http://www.rst-velbert.de,19,0,6,1,0,0,0,0,0,0,0,0,0,0,0,0,0,0,0
http://www.gasthofpost-ebs.de,23,0,6,1,0,0,0,0,0,0,0,0,0,0,0,0,0,0,0
http://www.lunchgarden.com,21,0,5,0,0,0,0,0,1,1,2,0,0,0,0,0,0,0,0
http://www.spfonster.se,18,0,5,0,0,0,0,0,1,1,5,0,2,2,0,0,0,0,1
http://www.trarydfonster.se,22,0,5,0,0,0,0,0,1,1,5,0,2,2,0,0,0,0,1
http://www.csaladipotlek.info,24,0,5,0,1,0,1,1,2,2,0,0,0,0,0,0,0,0,0
http://www.inclusivediversity.co.uk,29,0,6,0,0,0,0,0,1,1,0,0,0,0,0,0,0,0,0
http://www.dashlinen.testing-domain-live.co.uk,37,0,9,2,2,0,2,1,2,1,-1,-1,-1,-1,-1,-1,-1,-1,-1
http://www.dicoz.fr,14,0,5,0,1,0,1,1,1,1,0,0,0,0,0,0,0,0,0
http://www.tesia.it,14,0,5,0,8,1,9,0.888888,2,1,2,0,1,0,0,0,0,0,1
http://www.ostsee-schnack.de,22,0,6,1,1,0,1,1,1,1,4,0,0,0,0,0,0,0,0
http://www.szinhaz.hu,16,0,5,0,33,2,35,0.942857,4,2,9,0,3,0,0,0,0,0,2
http://www.technix.it,16,0,5,0,0,0,0,0,0,0,0,0,3,0,0,0,0,0,2
http://www.reifen-simon.com,21,0,6,1,13,3,16,0.8125,9,7,0,0,1,0,0,0,0,0,1
http://www.scantanzania.com,22,0,5,0,53,5,58,0.913793,3,1,0,0,0,0,0,0,0,0,0
http://www.gov.f3322.net:1717,14,8,7,0,1,215,216,0.00462,7,3,-1,-1,-1,-1,-1,-1,-1,-1,-1
http://www.huecobi.de,16,0,5,0,8,723,731,0.0119439,10,4,0,0,0,0,0,0,0,0,0
http://www.cennoworld.com,20,0,5,0,8,723,731,0.0119439,10,4,-1,-1,-1,-1,-1,-1,-1,-1,-1
http://www.healthybloodpressure.info,31,0,5,0,1,0,1,1,2,2,-1,-1,-1,-1,-1,-1,-1,-1,-1
http://www.betterhomeandgardenideas.com,34,0,5,0,0,1,1,0,3,2,-1,-1,-1,-1,-1,-1,-1,-1,-1
http://www.srimahaphotschool.com,27,0,5,0,78,8,86,0.9069,7,2,-1,-1,-1,-1,-1,-1,-1,-1,-1
http://www.yigitakcali.com,21,0,5,0,78,8,86,0.9069,7,2,-1,-1,-1,-1,-1,-1,-1,-1,-1
http://www.wonderph.com,18,0,5,0,78,8,86,0.9069,7,2,-1,-1,-1,-1,-1,-1,-1,-1,-1
http://www.soyter.pl,15,0,5,0,78,8,86,0.9069,7,2,0,0,0,0,0,0,0,0,0
http://www.shean76.net,15,2,5,0,78,8,86,0.9069,7,2,-1,-1,-1,-1,-1,-1,-1,-1,-1
http://www.tazzatti.com,18,0,5,0,78,8,86,0.9069,7,2,-1,-1,-1,-1,-1,-1,-1,-1,-1
http://www.hitekshop.vn,18,0,5,0,78,8,86,0.9069,7,2,0,0,0,0,0,0,0,0,0
http://www.ozowarac.com,18,0,5,0,78,8,86,0.9069,7,2,0,0,0,0,0,0,0,0,0
http://www.cennoworld.com,20,0,5,0,78,8,86,0.9069,7,2,0,0,0,0,0,0,0,0,0
http://www.goooglesecurity.com,25,0,5,0,78,8,86,0.9069,7,2,-1,-1,-1,-1,-1,-1,-1,-1,-1
http://www.mangiamando.com,21,0,5,0,78,8,86,0.9069,7,2,1,0,10,2,1,0,0,0,0
http://www.wohnmoebel-blog.de,23,0,6,1,78,8,86,0.9069,7,2,0,0,0,0,0,0,0,0,0
http://www.agrimont.cz,17,0,5,0,78,8,86,0.9069,7,2,0,0,1,0,0,0,0,0,0
http://www.schluckspecht.com,23,0,5,0,78,8,86,0.9069,7,2,0,0,0,0,0,0,0,0,0
http://www.lambrusco.it,18,0,5,0,78,8,86,0.9069,7,2,0,0,4,1,0,0,0,0,3
http://www.eeps.me,13,0,5,0,78,8,86,0.9069,7,2,-1,-1,-1,-1,-1,-1,-1,-1,-1
http://www.megatron.ch,17,0,5,0,78,8,86,0.9069,7,2,0,0,2,0,0,0,0,0,0
http://www.eielectronics.ie,22,0,5,0,78,8,86,0.9069,7,2,5,0,0,2,1,0,0,0,0
http://www.bvb-fanabteilung.de,24,0,6,1,78,8,86,0.9069,7,2,2,0,2,0,0,0,0,0,0
http://www.drteachme.com,19,0,5,0,78,8,86,0.9069,7,2,-1,-1,-1,-1,-1,-1,-1,-1,-1
http://www.carvoeiro.com,19,0,5,0,78,8,86,0.9069,7,2,4,0,0,0,0,0,0,0,0
http://www.wiiux.de,14,0,5,0,78,8,86,0.9069,7,2,0,0,0,0,0,0,0,0,0
http://www.syes.eu,13,0,5,0,78,8,86,0.9069,7,2,0,1,0,0,0,0,0,0,0
http://www.imagerieduroc.com,23,0,5,0,78,8,86,0.9069,7,2,0,0,0,0,0,0,0,0,0
http://www.summonerswarskyarena.info,31,0,5,0,78,8,86,0.9069,7,2,0,0,4,0,0,0,0,0,1
http://www.cc-isobus.com,18,0,6,1,78,8,86,0.9069,7,2,0,0,0,0,0,0,0,0,0
http://www.blinkgroup.com,20,0,5,0,78,8,86,0.9069,7,2,0,0,0,0,0,0,0,0,0
http://www.keyfuture.com,19,0,5,0,78,8,86,0.9069,7,2,0,0,1,0,0,0,0,0,0
http://www.prowoodsrl.it,19,0,5,0,78,8,86,0.9069,7,2,0,0,4,0,0,0,0,0,0
http://www.screenshot-saves.com,25,0,6,1,78,8,86,0.9069,7,2,-1,-1,-1,-1,-1,-1,-1,-1,-1
http://www.earthcontrolsys.com,25,0,5,0,78,8,86,0.9069,7,2,0,0,0,0,0,0,0,0,0
http://www.lunaticjazz.com,21,0,5,0,78,8,86,0.9069,7,2,-1,-1,-1,-1,-1,-1,-1,-1,-1
http://www.smartscan.ro,18,0,5,0,78,8,86,0.9069,7,2,2,0,1,0,0,0,0,0,0
http://www.up.dnpequipment.com,24,0,6,0,39,5,44,0.88636,5,2,-1,-1,-1,-1,-1,-1,-1,-1,-1
http://www.skidki-yuga.ru,19,0,6,1,2,3,5,0.4,3,1,0,0,1,0,0,0,0,0,0
http://www.kfc.i.illuminationes.com,28,0,7,0,1,0,1,1,1,1,0,0,0,0,0,0,0,0,0
http://www.c11n4.i.teaserguide.com,24,3,7,0,1,0,1,1,1,1,0,0,1,0,0,0,0,0,0
http://www.putevka-volgograd.ru,25,0,6,1,13,25,38,0.3421,17,9,0,0,0,0,2,0,0,0,0
http://www.googlescrn.com,20,0,5,0,0,2,2,0,1,0,-1,-1,-1,-1,-1,-1,-1,-1,-1
http://www.1-atraffickim.tf,20,1,6,1,0,0,0,0,0,0,-1,-1,-1,-1,-1,-1,-1,-1,-1
http://www.10-trafficimj.tf,19,2,6,1,0,0,0,0,0,0,-1,-1,-1,-1,-1,-1,-1,-1,-1
http://www.11-atraasikim.tf,19,2,6,1,2,0,2,1,1,1,-1,-1,-1,-1,-1,-1,-1,-1,-1
http://www.12-tgaffickvcmb.tf,21,2,6,1,41,10,51,0.803922,4,1,-1,-1,-1,-1,-1,-1,-1,-1,-1
http://www.13-ctscfficim.tf,19,2,6,1,0,0,0,0,0,0,-1,-1,-1,-1,-1,-1,-1,-1,-1
http://www.14-traffgficimhd.tf,22,2,6,1,0,0,0,0,1,1,-1,-1,-1,-1,-1,-1,-1,-1,-1
http://www.15-etrafficim.tf,19,2,6,1,100,123,223,0.44843,47,31,-1,-1,-1,-1,-1,-1,-1,-1,-1
http://www.16-taficimf.tf,17,2,6,1,0,0,0,0,1,1,-1,-1,-1,-1,-1,-1,-1,-1,-1
http://www.actiagroup.com,20,0,5,0,0,26,26,0,3,2,6,0,0,3,0,0,0,0,0
http://www.importkauf.ch,19,0,5,0,2,0,2,1,1,1,-1,-1,-1,-1,-1,-1,-1,-1,-1
http://www.lambrusco.it,18,0,5,0,0,0,0,0,1,1,-1,-1,-1,-1,-1,-1,-1,-1,-1
http://www.megatron.ch,17,0,5,0,16,7,23,0.695652,5,2,-1,-1,-1,-1,-1,-1,-1,-1,-1
http://www.imagerieduroc.com,23,0,5,0,0,0,0,0,1,1,-1,-1,-1,-1,-1,-1,-1,-1,-1
http://www.cc-isobus.com,18,0,6,1,0,0,0,0,1,1,-1,-1,-1,-1,-1,-1,-1,-1,-1
http://www.prowoodsrl.it,19,0,5,0,1,0,1,1,1,1,0,0,0,0,0,0,0,0,0
http://www.17-gtrahgficim.tf,20,2,6,1,0,2,2,0,2,1,-1,-1,-1,-1,-1,-1,-1,-1,-1
http://www.18-trafdsfgficimg.tf,23,2,6,1,0,0,0,0,1,1,-1,-1,-1,-1,-1,-1,-1,-1,-1
http://www.19-itraaffifm.tf,19,2,6,1,12,1,13,0.923077,2,1,-1,-1,-1,-1,-1,-1,-1,-1,-1
http://www.2-traffickimb.tf,20,1,6,1,0,0,0,0,1,1,-1,-1,-1,-1,-1,-1,-1,-1,-1
http://www.20-trafficidmj.tf,20,2,6,1,8,0,8,1,1,0,-1,-1,-1,-1,-1,-1,-1,-1,-1
http://www.21-tdsrafficimf.tf,21,2,6,1,0,0,0,0,1,1,-1,-1,-1,-1,-1,-1,-1,-1,-1
http://www.22-gyudrafasicim.tf,22,2,6,1,7,0,7,1,1,0,-1,-1,-1,-1,-1,-1,-1,-1,-1
http://www.24-ibczafficim.tf,20,2,6,1,1,0,1,1,1,0,-1,-1,-1,-1,-1,-1,-1,-1,-1
http://www.25-trafbvicimj.tf,20,2,6,1,10,7,17,0.588235,3,1,-1,-1,-1,-1,-1,-1,-1,-1,-1
http://www.3-ctrafficim.tf,19,1,6,1,0,0,0,0,1,1,-1,-1,-1,-1,-1,-1,-1,-1,-1
http://www.4-trafficimd.tf,19,1,6,1,0,0,0,0,1,1,-1,-1,-1,-1,-1,-1,-1,-1,-1
http://www.5-etrafficim.tf,19,1,6,1,15,54,69,0.217391,24,11,-1,-1,-1,-1,-1,-1,-1,-1,-1
http://www.6-trafficimf.tf,19,1,6,1,6,2,8,0.75,5,1,-1,-1,-1,-1,-1,-1,-1,-1,-1
http://www.7-gtrafficim.tf,19,1,6,1,15,2,17,0.882353,3,2,-1,-1,-1,-1,-1,-1,-1,-1,-1
http://www.8-trafficimg.tf,19,1,6,1,1,201,202,0.00495,7,3,-1,-1,-1,-1,-1,-1,-1,-1,-1
http://www.9-itrafficim.tf,19,1,6,1,1,201,202,0.00495,7,3,-1,-1,-1,-1,-1,-1,-1,-1,-1
http://www.a-atraffickim.tf,21,0,6,1,1,201,202,0.00495,7,3,-1,-1,-1,-1,-1,-1,-1,-1,-1
http://www.b-traffickimb.tf,21,0,6,1,1,201,202,0.00495,7,3,-1,-1,-1,-1,-1,-1,-1,-1,-1
http://www.c-ctrafficim.tf,20,0,6,1,1,201,202,0.00495,7,3,-1,-1,-1,-1,-1,-1,-1,-1,-1
http://www.d-trafficimd.tf,20,0,6,1,1,201,202,0.00495,7,3,-1,-1,-1,-1,-1,-1,-1,-1,-1
http://www.e-etrafficim.tf,20,0,6,1,1,201,202,0.00495,7,3,-1,-1,-1,-1,-1,-1,-1,-1,-1
http://www.f-trafficimf.tf,20,0,6,1,1,201,202,0.00495,7,3,-1,-1,-1,-1,-1,-1,-1,-1,-1
http://www.g-gtrafficim.tf,20,0,6,1,1,201,202,0.00495,7,3,-1,-1,-1,-1,-1,-1,-1,-1,-1
http://www.h-trafficimg.tf,20,0,6,1,1,201,202,0.00495,7,3,-1,-1,-1,-1,-1,-1,-1,-1,-1
http://www.i-itrafficim.tf,20,0,6,1,1,201,202,0.00495,7,3,-1,-1,-1,-1,-1,-1,-1,-1,-1
http://www.j-trafficimj.tf,20,0,6,1,0,0,0,0,1,1,-1,-1,-1,-1,-1,-1,-1,-1,-1
http://www.k-gtralficim.tf,20,0,6,1,0,0,0,0,1,1,-1,-1,-1,-1,-1,-1,-1,-1,-1
http://www.l-trafhicimg.tf,20,0,6,1,0,0,0,0,1,1,-1,-1,-1,-1,-1,-1,-1,-1,-1
http://www.m-itrafficim.tf,20,0,6,1,119,2,121,0.983471,3,2,-1,-1,-1,-1,-1,-1,-1,-1,-1
http://www.n-nrafficimj.tf,20,0,6,1,79,32,111,0.711712,10,3,-1,-1,-1,-1,-1,-1,-1,-1,-1
http://www.o-itrafficim.tf,20,0,6,1,58,1,59,0.983050847,3,2,-1,-1,-1,-1,-1,-1,-1,-1,-1
http://www.p-tfafficimg.tf,20,0,6,1,17,3,20,0.85,3,1,-1,-1,-1,-1,-1,-1,-1,-1,-1
http://www.q-itrafficim.tf,20,0,6,1,8,1,9,0.888888889,2,1,-1,-1,-1,-1,-1,-1,-1,-1,-1
http://www.r-trdfficimj.tf,20,0,6,1,0,1,1,0,1,1,-1,-1,-1,-1,-1,-1,-1,-1,-1
http://www.s-gtrafficim.tf,20,0,6,1,15,1,16,0.9375,3,2,-1,-1,-1,-1,-1,-1,-1,-1,-1
http://www.t-srafficimg.tf,20,0,6,1,12,1,13,0.923076923,2,1,-1,-1,-1,-1,-1,-1,-1,-1,-1
http://www.1866809.securefastserver.com,26,7,6,0,0,0,0,0,1,1,-1,-1,-1,-1,-1,-1,-1,-1,-1
http://www.fondazioneciampi.org,26,0,5,0,3,0,3,1,1,0,2,0,3,0,0,0,0,0,0
http://www.europe-academy.net,23,0,6,1,45,0,45,1,2,1,-1,-1,-1,-1,-1,-1,-1,-1,-1
http://www.ab.usageload32.com,21,2,6,0,2,0,2,1,1,1,-1,-1,-1,-1,-1,-1,-1,-1,-1
http://www.krsa2gno.internet-security-alert.com,38,1,8,2,2,0,2,1,1,1,0,0,4,0,0,0,0,0,1
http://www.krsa2gno.browser-security-error.com,37,1,8,2,24,1,25,0.96,2,1,-1,-1,-1,-1,-1,-1,-1,-1,-1
http://www.krsa2gno.todays-sweepstakes-winner.com,40,1,8,2,0,7,7,0,5,4,-1,-1,-1,-1,-1,-1,-1,-1,-1
http://www.krsa2gno.congrats-sweepstakes-winner.com,42,1,8,2,0,37,37,0,12,3,-1,-1,-1,-1,-1,-1,-1,-1,-1
http://www.krsa2gno.alert-malware-browsererror57.com,41,3,8,2,14,47,61,0.229508197,12,3,-1,-1,-1,-1,-1,-1,-1,-1,-1
http://www.krsa2gno.smartphone-sweepstakes-winner.com,44,1,8,2,29,5,34,0.852941176,3,1,-1,-1,-1,-1,-1,-1,-1,-1,-1
http://www.krsa2gno.important-security-brower-alert.com,45,1,9,3,15,19,34,0.441176471,6,1,-1,-1,-1,-1,-1,-1,-1,-1,-1
http://www.krsa2gno.youre-todays-lucky-sweeps-winner.com,45,1,10,4,0,0,0,0,1,1,-1,-1,-1,-1,-1,-1,-1,-1,-1
http://www.krsa2gno.browsersecurityalert.info,38,1,6,0,0,0,0,0,3,2,-1,-1,-1,-1,-1,-1,-1,-1,-1
http://www.ronadsrl.info,19,0,5,0,0,0,0,0,1,1,-1,-1,-1,-1,-1,-1,-1,-1,-1
http://www.rmazione.net,18,0,5,0,15,68,83,0.180722892,12,2,-1,-1,-1,-1,-1,-1,-1,-1,-1
http://www.plcture-store.com,22,0,6,1,0,0,0,0,1,1,-1,-1,-1,-1,-1,-1,-1,-1,-1
http://www.atlcourier.com,20,0,5,0,0,0,0,0,1,1,0,0,3,2,0,0,0,0,0
http://www.mondoperaio.net,21,0,5,0,0,0,0,0,1,1,0,0,2,0,0,0,0,0,0
http://www.lifescience.sysu.edu.cn,27,0,7,0,0,0,0,0,1,1,-1,-1,-1,-1,-1,-1,-1,-1,-1
http://www.youngsters.mesomoor.com,28,0,6,0,0,0,0,0,1,1,-1,-1,-1,-1,-1,-1,-1,-1,-1
http://www.librationgacrux.alishazyrowski.com,39,0,6,0,0,0,0,0,1,1,-1,-1,-1,-1,-1,-1,-1,-1,-1
http://www.teamtalker.net,20,0,5,0,15,0,15,1,3,2,-1,-1,-1,-1,-1,-1,-1,-1,-1
http://www.microsoft.com32.info,23,2,6,0,15,0,15,1,3,2,-1,-1,-1,-1,-1,-1,-1,-1,-1
http://www.windows-crash-report.info,29,0,7,2,29,0,29,1,4,3,-1,-1,-1,-1,-1,-1,-1,-1,-1
http://www.pllysvaatteiden.rvexecutives.com,37,0,6,0,0,0,0,0,0,0,-1,-1,-1,-1,-1,-1,-1,-1,-1
http://www.volleyball-doppeldorf.de,29,0,6,1,8,0,8,1,1,0,0,0,0,0,0,0,0,0,0
http://www.winsetupcostotome.easthamvacations.info,44,0,6,0,12,219,231,0.051948,40,14,-1,-1,-1,-1,-1,-1,-1,-1,-1
http://www.executivecoaching.co.il,28,0,6,0,0,0,0,0,1,1,-1,-1,-1,-1,-1,-1,-1,-1,-1
http://www.sei.com.pe,15,0,6,0,0,0,0,0,1,1,-1,-1,-1,-1,-1,-1,-1,-1,-1
http://www.motivacionyrelajacion.com,31,0,5,0,0,0,0,0,1,1,0,0,1,0,0,0,0,0,1
http://www.sgs.us.com,15,0,6,0,0,0,0,0,1,1,8,0,2,0,0,0,0,0,1
http://www.brownblogs.org,20,0,5,0,0,0,0,0,0,0,-1,-1,-1,-1,-1,-1,-1,-1,-1
http://www.thesparkmachine.com,25,0,5,0,0,0,0,0,0,0,2,0,0,0,0,0,0,0,0
http://www.gurde.tourstogo.us,23,0,6,0,0,0,0,0,0,0,0,0,0,0,0,0,0,0,0
http://www.web-sensations.com,23,0,6,1,0,0,0,0,1,1,-1,-1,-1,-1,-1,-1,-1,-1,-1
http://www.jstaikos.com,18,0,5,0,0,0,0,0,0,0,0,0,0,0,0,0,0,0,0
http://www.agsteier.com,18,0,5,0,0,0,0,0,0,0,0,0,0,0,0,0,0,0,0
http://www.broadtech.co,18,0,5,0,0,0,0,0,0,0,-1,-1,-1,-1,-1,-1,-1,-1,-1
http://www.bilbaopisos.es,20,0,5,0,0,0,0,0,0,0,0,0,1,0,0,0,0,0,0
http://www.ajewishgift.com,21,0,5,0,0,0,0,0,0,0,0,0,0,0,0,0,0,0,0
http://www.futbolyresultados.es,26,0,5,0,0,0,0,0,0,0,-1,-1,-1,-1,-1,-1,-1,-1,-1
http://www.naturemost.it,19,0,5,0,53,64,117,0.452991453,31,19,-1,-1,-1,-1,-1,-1,-1,-1,-1
http://www.doradcazabrze.pl,22,0,5,0,0,0,0,0,0,0,0,0,0,0,0,0,0,0,0
http://www.2amsports.com,18,1,5,0,0,15,15,0,2,0,0,0,0,0,0,0,0,0,0
http://www.sweettalk.co,18,0,5,0,5,3,8,0.625,4,2,-1,-1,-1,-1,-1,-1,-1,-1,-1
http://www.hinsib.com,16,0,5,0,0,0,0,0,1,0,2,0,0,0,0,0,0,0,0
http://www.study11.com,15,2,5,0,0,0,0,0,0,0,2,0,2,1,0,0,0,0,0
http://www.impressoras-cartoes.com.pt,30,0,7,1,0,0,0,0,0,0,0,0,0,2,0,0,0,0,0
http://www.cacl.fr,13,0,5,0,0,0,0,0,0,0,0,0,0,0,0,0,0,0,0
http://www.wv-law.com,15,0,6,1,0,0,0,0,0,0,2,0,0,0,0,0,0,0,0
http://www.aminev.com,16,0,5,0,0,0,0,0,0,0,0,0,2,0,0,0,0,0,2
http://www.hydraulicpowerpack.com,28,0,5,0,0,0,0,0,0,0,2,0,5,0,0,0,0,0,1
http://www.teprom.it,15,0,5,0,0,0,0,0,0,0,-1,-1,-1,-1,-1,-1,-1,-1,-1
http://www.abcdespanol.com,21,0,5,0,0,0,0,0,0,0,2,0,0,0,0,0,0,0,0
http://www.undefined.it,18,0,5,0,0,0,0,0,0,0,0,0,0,0,0,0,0,0,0
http://www.999fitness.com,17,3,5,0,0,0,0,0,0,0,2,0,3,1,0,0,0,0,0
http://www.wv-law.com,15,0,6,1,0,0,0,0,0,0,-1,-1,-1,-1,-1,-1,-1,-1,-1
http://www.mtldesigns.ca,19,0,5,0,0,0,0,0,0,0,-1,-1,-1,-1,-1,-1,-1,-1,-1
http://www.wv-law.com,15,0,6,1,0,0,0,0,1,1,0,0,0,0,0,0,0,0,0
http://www.com-5p2.net,14,2,6,1,0,0,0,0,1,1,-1,-1,-1,-1,-1,-1,-1,-1,-1
http://www.redirect.lifax.biz,23,0,6,0,0,0,0,0,1,1,-1,-1,-1,-1,-1,-1,-1,-1,-1
http://www.eekro.cruisingsmallship.com,32,0,6,0,1,0,1,1,2,2,-1,-1,-1,-1,-1,-1,-1,-1,-1
http://www.chisi.hsb-vps.co.uk,22,0,8,1,0,0,0,0,1,1,-1,-1,-1,-1,-1,-1,-1,-1,-1
http://www.ptuph.barginginfrance.net,30,0,6,0,2,0,2,1,2,1,-1,-1,-1,-1,-1,-1,-1,-1,-1
http://www.emits.iptvdeals.com,24,0,6,0,1,0,1,1,1,1,-1,-1,-1,-1,-1,-1,-1,-1,-1
http://www.shovi.frost-electric-supply.com,34,0,8,2,8,1,9,0.888888,2,1,0,0,0,0,0,0,0,0,0
http://www.iptoo.cruisingsmallship.com,32,0,6,0,1,0,1,1,1,1,-1,-1,-1,-1,-1,-1,-1,-1,-1
http://www.uchyz.cruisingsmallship.com,32,0,6,0,33,2,35,0.942857,4,2,-1,-1,-1,-1,-1,-1,-1,-1,-1
http://www.exadu.mymag250.co.uk,21,3,7,0,0,0,0,0,0,0,0,0,2,1,0,0,0,0,2
http://www.kuglu.mymag250.co.uk,21,3,7,0,13,3,16,0.8125,9,7,0,0,2,1,0,0,0,0,2
http://www.eecky.butlerelectricsupply.com,35,0,6,0,53,5,58,0.913793,3,1,0,0,0,0,0,0,0,0,0
http://www.zyrdu.cruisingsmallship.com,32,0,6,0,1,215,216,0.00462,7,3,-1,-1,-1,-1,-1,-1,-1,-1,-1
http://www.ixoox.csheaven.com,23,0,6,0,8,723,731,0.0119439,10,4,2,0,4,1,0,0,0,0,1
http://www.shoac.mymag250.co.uk,21,3,7,0,8,723,731,0.0119439,10,4,0,0,2,1,0,0,0,0,2
http://www.idods.hsb-vps.co.uk,22,0,8,1,1,0,1,1,2,2,-1,-1,-1,-1,-1,-1,-1,-1,-1
http://www.izozo.buyyourbtc.com,25,0,6,0,0,1,1,0,3,2,-1,-1,-1,-1,-1,-1,-1,-1,-1
http://www.groax.mymag250.co.uk,21,3,7,0,78,8,86,0.9069,7,2,0,0,2,1,0,0,0,0,2
http://www.ohees.buyyourbtc.com,25,0,6,0,78,8,86,0.9069,7,2,-1,-1,-1,-1,-1,-1,-1,-1,-1
http://www.gylra.cruisingsmallship.com,32,0,6,0,78,8,86,0.9069,7,2,-1,-1,-1,-1,-1,-1,-1,-1,-1
http://www.oshoo.iptvdeals.com,24,0,6,0,78,8,86,0.9069,7,2,-1,-1,-1,-1,-1,-1,-1,-1,-1
http://www.olols.hsb-vps.co.uk,22,0,8,1,78,8,86,0.9069,7,2,-1,-1,-1,-1,-1,-1,-1,-1,-1
http://www.coaha.frenchgerlemanelectric.com,37,0,6,0,78,8,86,0.9069,7,2,0,0,0,0,0,0,0,0,0
http://www.voawo.buyyourbtc.com,25,0,6,0,78,8,86,0.9069,7,2,-1,-1,-1,-1,-1,-1,-1,-1,-1
http://www.echoa.randbinternationaltravel.com,39,0,6,0,78,8,86,0.9069,7,2,-1,-1,-1,-1,-1,-1,-1,-1,-1
http://www.ooksu.frost-electric-supply.com,34,0,8,2,78,8,86,0.9069,7,2,0,0,0,0,0,0,0,0,0
http://www.soase.buyyourbtc.com,25,0,6,0,78,8,86,0.9069,7,2,-1,-1,-1,-1,-1,-1,-1,-1,-1
http://www.oahop.buyyourbtc.com,25,0,6,0,78,8,86,0.9069,7,2,-1,-1,-1,-1,-1,-1,-1,-1,-1
http://www.efugl.iptvdeals.com,24,0,6,0,78,8,86,0.9069,7,2,-1,-1,-1,-1,-1,-1,-1,-1,-1
http://www.iwose.buyyourbtc.com,25,0,6,0,78,8,86,0.9069,7,2,-1,-1,-1,-1,-1,-1,-1,-1,-1
http://www.ptool.barginginfrance.net,30,0,6,0,78,8,86,0.9069,7,2,-1,-1,-1,-1,-1,-1,-1,-1,-1
http://www.ocick.frost-electric-supply.com,34,0,8,2,78,8,86,0.9069,7,2,0,0,0,0,0,0,0,0,0
http://www.xotsa.frenchgerlemanelectric.com,37,0,6,0,78,8,86,0.9069,7,2,0,0,0,0,0,0,0,0,0
http://www.doash.buyyourbtc.com,25,0,6,0,78,8,86,0.9069,7,2,-1,-1,-1,-1,-1,-1,-1,-1,-1
http://www.veksi.barginginfrance.net,30,0,6,0,78,8,86,0.9069,7,2,-1,-1,-1,-1,-1,-1,-1,-1,-1
http://www.ukugl.tourstogo.us,23,0,6,0,78,8,86,0.9069,7,2,0,0,0,0,0,0,0,0,0
http://www.shigy.hsb-vps.co.uk,22,0,8,1,78,8,86,0.9069,7,2,-1,-1,-1,-1,-1,-1,-1,-1,-1
http://www.greev.randbinternationaltravel.com,39,0,6,0,78,8,86,0.9069,7,2,-1,-1,-1,-1,-1,-1,-1,-1,-1
http://www.simpi.tourstogo.us,23,0,6,0,78,8,86,0.9069,7,2,0,0,0,0,0,0,0,0,0
http://www.iwhab.randbinternationaltravel.com,39,0,6,0,78,8,86,0.9069,7,2,-1,-1,-1,-1,-1,-1,-1,-1,-1
http://www.whabi.csheaven.com,23,0,6,0,78,8,86,0.9069,7,2,2,0,4,1,0,0,0,0,1
http://www.nonsi.csheaven.com,23,0,6,0,78,8,86,0.9069,7,2,2,0,4,1,0,0,0,0,1
http://www.namso.butlerelectricsupply.com,35,0,6,0,78,8,86,0.9069,7,2,0,0,0,0,0,0,0,0,0
http://www.eroov.iptvdeals.com,24,0,6,0,78,8,86,0.9069,7,2,-1,-1,-1,-1,-1,-1,-1,-1,-1
http://www.rawoo.barginginfrance.net,30,0,6,0,78,8,86,0.9069,7,2,-1,-1,-1,-1,-1,-1,-1,-1,-1
http://www.hoawy.frost-electric-supply.com,34,0,8,2,78,8,86,0.9069,7,2,0,0,0,0,0,0,0,0,0
http://www.wetyt.tourstogo.us,23,0,6,0,78,8,86,0.9069,7,2,0,0,0,0,0,0,0,0,0
http://www.uvidu.butlerelectricsupply.com,35,0,6,0,78,8,86,0.9069,7,2,0,0,0,0,0,0,0,0,0
http://www.asham.tourstogo.us,23,0,6,0,78,8,86,0.9069,7,2,0,0,0,0,0,0,0,0,0
http://www.oakso.tourstogo.us,23,0,6,0,78,8,86,0.9069,7,2,0,0,0,0,0,0,0,0,0
http://www.dujur.barginginfrance.net,30,0,6,0,39,5,44,0.88636,5,2,-1,-1,-1,-1,-1,-1,-1,-1,-1
http://www.keemy.butlerelectricsupply.com,35,0,6,0,2,3,5,0.4,3,1,0,0,0,0,0,0,0,0,0
http://www.ithyk.frenchgerlemanelectric.com,37,0,6,0,1,0,1,1,1,1,0,0,0,0,0,0,0,0,0
http://www.vitha.csheaven.com,23,0,6,0,1,0,1,1,1,1,2,0,4,1,0,0,0,0,1
http://www.psucm.buyyourbtc.com,25,0,6,0,13,25,38,0.3421,17,9,-1,-1,-1,-1,-1,-1,-1,-1,-1
http://www.esoad.frost-electric-supply.com,34,0,8,2,0,2,2,0,1,0,0,0,0,0,0,0,0,0,0
http://www.oampa.csheaven.com,23,0,6,0,0,0,0,0,0,0,0,0,1,0,0,0,0,0,0
http://www.acool.csheaven.com,23,0,6,0,0,0,0,0,0,0,0,0,1,0,0,0,0,0,0
http://www.phoaz.cruisingsmallship.com,32,0,6,0,0,2,2,0,1,0,-1,-1,-1,-1,-1,-1,-1,-1,-1
http://www.sadsi.buyyourbtc.com,25,0,6,0,0,0,0,0,0,0,-1,-1,-1,-1,-1,-1,-1,-1,-1
http://www.oshoa.iptvdeals.com,24,0,6,0,0,0,0,0,0,0,-1,-1,-1,-1,-1,-1,-1,-1,-1
http://www.ogrir.buyyourbtc.com,25,0,6,0,2,0,2,1,1,1,-1,-1,-1,-1,-1,-1,-1,-1,-1
http://www.psooz.tourstogo.us,23,0,6,0,41,10,51,0.803922,4,1,0,0,0,0,0,0,0,0,0
http://www.oolsi.frost-electric-supply.com,34,0,8,2,0,0,0,0,0,0,0,0,0,0,0,0,0,0,0
http://www.kulro.csheaven.com,23,0,6,0,0,0,0,0,1,1,2,0,4,1,0,0,0,0,1
http://www.eeroo.frost-electric-supply.com,34,0,8,2,100,123,223,0.44843,47,31,0,0,0,0,0,0,0,0,0
http://www.gyboo.cruisingsmallship.com,32,0,6,0,0,0,0,0,1,1,-1,-1,-1,-1,-1,-1,-1,-1,-1
http://www.rumog.frost-electric-supply.com,34,0,8,2,0,26,26,0,3,2,0,0,0,0,0,0,0,0,0
http://www.veevu.tourstogo.us,23,0,6,0,2,0,2,1,1,1,0,0,0,0,0,0,0,0,0
http://www.eetho.cruisingsmallship.com,32,0,6,0,0,0,0,0,1,1,-1,-1,-1,-1,-1,-1,-1,-1,-1
http://www.oojee.barginginfrance.net,30,0,6,0,16,7,23,0.695652,5,2,-1,-1,-1,-1,-1,-1,-1,-1,-1
http://www.igoby.frost-electric-supply.com,34,0,8,2,0,0,0,0,1,1,0,0,0,0,0,0,0,0,0
http://www.upsoj.iptvdeals.com,24,0,6,0,0,0,0,0,1,1,-1,-1,-1,-1,-1,-1,-1,-1,-1
http://www.oosee.barginginfrance.net,30,0,6,0,1,0,1,1,1,1,-1,-1,-1,-1,-1,-1,-1,-1,-1
http://www.oawoo.frenchgerlemanelectric.com,37,0,6,0,0,2,2,0,2,1,0,0,0,0,0,0,0,0,0
http://www.whave.iptvdeals.com,24,0,6,0,0,0,0,0,1,1,-1,-1,-1,-1,-1,-1,-1,-1,-1
http://www.kyrsu.frost-electric-supply.com,34,0,8,2,12,1,13,0.923077,2,1,0,0,0,0,0,0,0,0,0
http://www.mocka.frost-electric-supply.com,34,0,8,2,0,0,0,0,1,1,0,0,0,0,0,0,0,0,0
http://www.pulso.butlerelectricsupply.com,35,0,6,0,8,0,8,1,1,0,0,0,0,0,0,0,0,0,0
http://www.nefib.tourstogo.us,23,0,6,0,0,0,0,0,1,1,0,0,0,0,0,0,0,0,0
http://www.oapsa.tourstogo.us,23,0,6,0,7,0,7,1,1,0,0,0,0,0,0,0,0,0,0
http://www.azoos.csheaven.com,23,0,6,0,1,0,1,1,1,0,0,0,1,0,0,0,0,0,0
http://www.ptush.iptvdeals.com,24,0,6,0,10,7,17,0.588235,3,1,-1,-1,-1,-1,-1,-1,-1,-1,-1
http://www.zibup.csheaven.com,23,0,6,0,0,0,0,0,1,1,0,0,1,0,0,0,0,0,0
http://www.vympi.buyyourbtc.com,25,0,6,0,0,0,0,0,1,1,-1,-1,-1,-1,-1,-1,-1,-1,-1
http://www.atyss.barginginfrance.net,30,0,6,0,15,54,69,0.217391,24,11,-1,-1,-1,-1,-1,-1,-1,-1,-1
http://www.ptewh.iptvdeals.com,24,0,6,0,6,2,8,0.75,5,1,-1,-1,-1,-1,-1,-1,-1,-1,-1
http://www.igroo.barginginfrance.net,30,0,6,0,15,2,17,0.882353,3,2,-1,-1,-1,-1,-1,-1,-1,-1,-1
http://www.oofuv.cruisingsmallship.com,32,0,6,0,1,201,202,0.00495,7,3,-1,-1,-1,-1,-1,-1,-1,-1,-1
http://www.pigra.csheaven.com,23,0,6,0,1,201,202,0.00495,7,3,2,0,4,1,0,0,0,0,1
http://www.dofeb.frenchgerlemanelectric.com,37,0,6,0,1,201,202,0.00495,7,3,0,0,0,0,0,0,0,0,0
http://www.igagh.tourstogo.us,23,0,6,0,1,201,202,0.00495,7,3,0,0,0,0,0,0,0,0,0
http://www.estoa.frost-electric-supply.com,34,0,8,2,1,201,202,0.00495,7,3,0,0,0,0,0,0,0,0,0
http://www.pselr.buyyourbtc.com,25,0,6,0,1,201,202,0.00495,7,3,-1,-1,-1,-1,-1,-1,-1,-1,-1
http://www.ubike.tourstogo.us,23,0,6,0,1,201,202,0.00495,7,3,0,0,0,0,0,0,0,0,0
http://www.boogu.barginginfrance.net,30,0,6,0,1,201,202,0.00495,7,3,-1,-1,-1,-1,-1,-1,-1,-1,-1
http://www.oowhe.frost-electric-supply.com,34,0,8,2,1,201,202,0.00495,7,3,0,0,0,0,0,0,0,0,0
http://www.nugly.barginginfrance.net,30,0,6,0,1,201,202,0.00495,7,3,-1,-1,-1,-1,-1,-1,-1,-1,-1
http://www.eternitymobiles.com,25,0,5,0,1,201,202,0.00495,7,3,0,0,0,0,0,0,0,0,0
http://www.e-matelco.com,18,0,6,1,0,0,0,0,1,1,-1,-1,-1,-1,-1,-1,-1,-1,-1
http://www.TRIANGLESERVICESLTD.COM,29,0,5,0,0,0,0,0,1,1,0,0,1,1,0,0,0,0,0
http://www.hobby-hangar.net,21,0,6,1,0,0,0,0,1,1,-1,-1,-1,-1,-1,-1,-1,-1,-1
http://www.creditbootcamp.com,24,0,5,0,119,2,121,0.983471,3,2,13,0,0,0,0,0,0,0,0
http://www.hana-naveh.com,19,0,6,1,79,32,111,0.711712,10,3,7,0,2,2,0,0,0,0,0
http://www.thewinesteward.com,24,0,5,0,58,1,59,0.983050847,3,2,3,0,8,3,1,0,0,0,8
http://www.securitywebservices.com,29,0,5,0,17,3,20,0.85,3,1,0,0,0,0,0,0,0,0,0
http://www.theweatherspace.com,25,0,5,0,8,1,9,0.888888889,2,1,0,0,1,0,0,0,0,0,0
http://www.image-png.us,17,0,6,1,0,1,1,0,1,1,-1,-1,-1,-1,-1,-1,-1,-1,-1
http://www.send-image.us,18,0,6,1,15,1,16,0.9375,3,2,-1,-1,-1,-1,-1,-1,-1,-1,-1
http://www.take-screenshot.us,23,0,6,1,12,1,13,0.923076923,2,1,-1,-1,-1,-1,-1,-1,-1,-1,-1
http://www.st.anthonybryanauthor.com,30,0,6,0,0,0,0,0,1,1,-1,-1,-1,-1,-1,-1,-1,-1,-1
http://www.b.nevadaprivateoffice.com:8085,30,4,7,0,3,0,3,1,1,0,-1,-1,-1,-1,-1,-1,-1,-1,-1
http://www.arbitrary.drclinton.org,28,0,6,0,45,0,45,1,2,1,-1,-1,-1,-1,-1,-1,-1,-1,-1
http://www.featuring.cinemalink.us,28,0,6,0,2,0,2,1,1,1,-1,-1,-1,-1,-1,-1,-1,-1,-1
http://www.antalya-eticaret.com,25,0,6,1,2,0,2,1,1,1,-1,-1,-1,-1,-1,-1,-1,-1,-1
http://www.arttp.propertypartners.cl,30,0,6,0,24,1,25,0.96,2,1,-1,-1,-1,-1,-1,-1,-1,-1,-1
http://www.hujii.qplanner.cf:8181,22,4,7,0,0,7,7,0,5,4,-1,-1,-1,-1,-1,-1,-1,-1,-1
http://www.el.christiancarenet.com,28,0,6,0,0,37,37,0,12,3,-1,-1,-1,-1,-1,-1,-1,-1,-1
http://www.yellowcameras.wanroymotors.com:4250,35,4,7,0,14,47,61,0.229508197,12,3,-1,-1,-1,-1,-1,-1,-1,-1,-1
http://www.tradingdirects.co.uk,25,0,6,0,29,5,34,0.852941176,3,1,-1,-1,-1,-1,-1,-1,-1,-1,-1
http://www.dimarsbg.com,18,0,5,0,15,19,34,0.441176471,6,1,0,0,0,0,0,0,0,0,0
http://www.traspalaciorubicell.whygibraltar.co.uk,42,0,7,0,0,0,0,0,1,1,-1,-1,-1,-1,-1,-1,-1,-1,-1
http://www.uertebamurquebloktreinen.buyerware.net,43,0,6,0,0,0,0,0,3,2,-1,-1,-1,-1,-1,-1,-1,-1,-1
http://www.vipcpms.com,17,0,5,0,0,0,0,0,1,1,0,0,0,0,0,0,0,0,0
http://www.app.pho8.com,16,1,6,0,15,68,83,0.180722892,12,2,0,0,0,0,0,0,0,0,0
http://www.cellphoneupdated.com,26,0,5,0,0,0,0,0,1,1,-1,-1,-1,-1,-1,-1,-1,-1,-1
http://www.officialrdr.com,21,0,5,0,0,0,0,0,1,1,0,0,0,0,0,0,0,0,0
http://www.scanmyphones.com,22,0,5,0,0,0,0,0,1,1,0,0,0,0,0,0,0,0,0
http://www.mobile.bitterstrawberry.org,32,0,6,0,0,0,0,0,1,1,-1,-1,-1,-1,-1,-1,-1,-1,-1
http://www.track.cellphoneupdated.com,31,0,6,0,0,0,0,0,1,1,-1,-1,-1,-1,-1,-1,-1,-1,-1
http://www.static.retirementcommunitiesfyi.com,40,0,6,0,0,0,0,0,1,1,-1,-1,-1,-1,-1,-1,-1,-1,-1
http://www.static.platinumweddingplanner.com,38,0,6,0,15,0,15,1,3,2,-1,-1,-1,-1,-1,-1,-1,-1,-1
http://www.a.makeyourmoveknoxville.net:8085,32,4,7,0,15,0,15,1,3,2,-1,-1,-1,-1,-1,-1,-1,-1,-1
http://www.tfx.pw,12,0,5,0,29,0,29,1,4,3,-1,-1,-1,-1,-1,-1,-1,-1,-1
http://www.domains.mangowork.com,26,0,6,0,0,0,0,0,0,0,-1,-1,-1,-1,-1,-1,-1,-1,-1
http://www.ydshttas.climat.ws,23,0,6,0,8,0,8,1,1,0,0,0,0,0,0,0,0,0,0
http://www.ad-beast.com,17,0,6,1,12,219,231,0.051948,40,14,-1,-1,-1,-1,-1,-1,-1,-1,-1
http://www.njtgsd.attackthethrone.com,31,0,6,0,0,0,0,0,1,1,0,0,1,0,0,0,0,0,0
http://www.bank.scarf-it-up.com,23,0,8,2,0,0,0,0,1,1,-1,-1,-1,-1,-1,-1,-1,-1,-1
http://www.pipersalegulfcoast.mathwolf.com:32612,36,5,7,0,0,0,0,0,1,1,-1,-1,-1,-1,-1,-1,-1,-1,-1
http://www.egwkoa.xyz:9290,16,4,6,0,0,0,0,0,1,1,-1,-1,-1,-1,-1,-1,-1,-1,-1
http://www.temnhankimloai.com,24,0,5,0,0,0,0,0,0,0,0,0,1,0,0,0,0,0,0
http://www.saintlouis-viry.fr,23,0,6,1,0,0,0,0,0,0,-1,-1,-1,-1,-1,-1,-1,-1,-1
http://www.avppet.com,16,0,5,0,0,0,0,0,0,0,0,0,1,0,0,0,0,0,0
http://www.prowoodsrl.it,19,0,5,0,0,0,0,0,1,1,-1,-1,-1,-1,-1,-1,-1,-1,-1
http://www.krsa2gno.internet-security-alert.com,38,1,8,2,0,0,0,0,0,0,0,0,1,0,0,0,0,0,1
http://www.bilbaopisos.es,20,0,5,0,0,0,0,0,0,0,0,0,0,0,0,0,0,0,0
http://www.study11.com,15,2,5,0,0,0,0,0,0,0,0,0,1,0,0,0,0,0,0
http://www.study11.com,15,2,5,0,0,0,0,0,0,0,-1,-1,-1,-1,-1,-1,-1,-1,-1
http://www.sweettalk.co,18,0,5,0,0,0,0,0,0,0,0,0,0,0,0,0,0,0,0
http://www.ixoox.csheaven.com,23,0,6,0,0,0,0,0,0,0,0,0,1,0,0,0,0,0,0
http://www.nonsi.csheaven.com,23,0,6,0,53,64,117,0.452991453,31,19,0,0,1,0,0,0,0,0,0
http://www.vitha.csheaven.com,23,0,6,0,0,0,0,0,0,0,0,0,1,0,0,0,0,0,0
http://www.kulro.csheaven.com,23,0,6,0,0,15,15,0,2,0,0,0,1,0,0,0,0,0,0
http://www.pigra.csheaven.com,23,0,6,0,5,3,8,0.625,4,2,0,0,1,0,0,0,0,0,0
http://www.qwmlad.xyz:9290,16,4,6,0,0,0,0,0,1,0,-1,-1,-1,-1,-1,-1,-1,-1,-1
http://www.ads.wikipartes.com,23,0,6,0,0,0,0,0,0,0,-1,-1,-1,-1,-1,-1,-1,-1,-1
http://www.bestkika.crashs.net,24,0,6,0,0,0,0,0,0,0,-1,-1,-1,-1,-1,-1,-1,-1,-1
http://www.indianemarket.in,22,0,5,0,0,0,0,0,0,0,-1,-1,-1,-1,-1,-1,-1,-1,-1
http://www.d4.cumshots.ws:25707,18,6,7,0,0,0,0,0,0,0,-1,-1,-1,-1,-1,-1,-1,-1,-1
http://www.rubiks.ca,15,0,5,0,0,0,0,0,0,0,2,0,0,0,0,0,0,0,0
http://www.mysmallcock.com,21,0,5,0,0,0,0,0,0,0,-1,-1,-1,-1,-1,-1,-1,-1,-1
http://www.monarchslo.com,20,0,5,0,0,0,0,0,0,0,-1,-1,-1,-1,-1,-1,-1,-1,-1
http://www.leagleconsulting.com,26,0,5,0,0,0,0,0,0,0,0,0,0,0,0,0,0,0,0
http://www.myshopmarketim.com,24,0,5,0,0,0,0,0,0,0,0,0,0,0,0,0,0,0,0
http://www.mindstormstudio.ro,24,0,5,0,0,0,0,0,0,0,-1,-1,-1,-1,-1,-1,-1,-1,-1
http://www.semiyun.com,17,0,5,0,0,0,0,0,0,0,-1,-1,-1,-1,-1,-1,-1,-1,-1
http://www.maxisoft.co.uk,19,0,6,0,0,0,0,0,0,0,0,0,2,0,0,0,0,0,2
http://www.sdg-translations.com,25,0,6,1,0,0,0,0,1,1,0,0,1,0,0,0,0,0,0
http://www.omrdatacapture.com,24,0,5,0,0,0,0,0,1,1,3,0,4,0,0,0,0,0,0
http://www.lydwood.co.uk,18,0,6,0,0,0,0,0,1,1,0,0,0,0,0,0,0,0,0
http://www.fgtkmcby02.eu:9633,17,6,6,0,1,0,1,1,2,2,-1,-1,-1,-1,-1,-1,-1,-1,-1
http://www.whitehorsetechnologies.net,32,0,5,0,0,0,0,0,1,1,-1,-1,-1,-1,-1,-1,-1,-1,-1
http://www.static.forezach.com,24,0,6,0,2,0,2,1,2,1,-1,-1,-1,-1,-1,-1,-1,-1,-1
http://www.j.2525ocean.com:31819,16,9,7,0,1,0,1,1,1,1,-1,-1,-1,-1,-1,-1,-1,-1,-1
http://www.sdaexpress24.net,20,2,5,0,8,1,9,0.888888,2,1,-1,-1,-1,-1,-1,-1,-1,-1,-1
http://www.nateve.us,15,0,5,0,1,0,1,1,1,1,-1,-1,-1,-1,-1,-1,-1,-1,-1
http://www.bilder-upload.eu,21,0,6,1,33,2,35,0.942857,4,2,0,0,0,0,0,0,0,0,0
http://www.loft2126.dedicatedpanel.com,28,4,6,0,0,0,0,0,0,0,0,0,0,0,0,0,0,0,0
http://www.chaveiro.bio.br,20,0,6,0,13,3,16,0.8125,9,7,-1,-1,-1,-1,-1,-1,-1,-1,-1
http://www.campamento.queenscamp.com,30,0,6,0,53,5,58,0.913793,3,1,0,0,0,0,0,0,0,0,0
http://www.ftp.flyfishusa.com,23,0,6,0,1,215,216,0.00462,7,3,-1,-1,-1,-1,-1,-1,-1,-1,-1
http://www.flashdem.fr,17,0,5,0,8,723,731,0.0119439,10,4,-1,-1,-1,-1,-1,-1,-1,-1,-1
http://www.optimization-methods.com,29,0,6,1,8,723,731,0.0119439,10,4,0,0,0,0,0,0,0,0,0
http://www.paraskov.com,18,0,5,0,1,0,1,1,2,2,0,0,0,0,0,0,0,0,0
http://www.tatschke.net,18,0,5,0,0,1,1,0,3,2,-1,-1,-1,-1,-1,-1,-1,-1,-1
http://www.tibiakeylogger.com,24,0,5,0,78,8,86,0.9069,7,2,-1,-1,-1,-1,-1,-1,-1,-1,-1
http://www.wt10.haote.com,17,2,6,0,78,8,86,0.9069,7,2,-1,-1,-1,-1,-1,-1,-1,-1,-1
http://www.fiduciariobajio.com.mx,27,0,6,0,78,8,86,0.9069,7,2,-1,-1,-1,-1,-1,-1,-1,-1,-1
http://www.cmicapui.ce.gov.br,22,0,7,0,78,8,86,0.9069,7,2,-1,-1,-1,-1,-1,-1,-1,-1,-1
http://www.harshwhispers.com,23,0,5,0,78,8,86,0.9069,7,2,0,0,1,0,0,0,0,0,1
http://www.prorodeosportmed.com,26,0,5,0,78,8,86,0.9069,7,2,0,0,2,0,0,0,0,0,0
http://www.seo3389.net,13,4,5,0,78,8,86,0.9069,7,2,-1,-1,-1,-1,-1,-1,-1,-1,-1
http://www.xicaxique.com.br,21,0,6,0,78,8,86,0.9069,7,2,-1,-1,-1,-1,-1,-1,-1,-1,-1
http://www.cdn.file2desktop.com,24,1,6,0,78,8,86,0.9069,7,2,0,0,2,0,0,0,0,0,2
http://www.dx9.haote.com,17,1,6,0,78,8,86,0.9069,7,2,-1,-1,-1,-1,-1,-1,-1,-1,-1
http://www.iybasketball.info,23,0,5,0,78,8,86,0.9069,7,2,-1,-1,-1,-1,-1,-1,-1,-1,-1
http://www.hexadl.line55.net,20,2,6,0,78,8,86,0.9069,7,2,0,0,1,1,0,0,0,0,1
http://www.fbku.com,14,0,5,0,78,8,86,0.9069,7,2,0,0,1,0,0,0,0,0,0
http://www.getdatanetukscan.info,27,0,5,0,78,8,86,0.9069,7,2,0,0,0,0,0,0,0,0,0
http://www.d32k27yvyi4kmv.cloudfront.net,29,5,6,0,78,8,86,0.9069,7,2,-1,-1,-1,-1,-1,-1,-1,-1,-1
http://www.extreembilisim.com,24,0,5,0,78,8,86,0.9069,7,2,-1,-1,-1,-1,-1,-1,-1,-1,-1
http://www.screenshot-pro.com,23,0,6,1,78,8,86,0.9069,7,2,-1,-1,-1,-1,-1,-1,-1,-1,-1
http://www.nailbytes1.com,19,1,5,0,78,8,86,0.9069,7,2,0,0,2,0,0,0,0,0,2
http://www.applebox.co.id,19,0,6,0,78,8,86,0.9069,7,2,-1,-1,-1,-1,-1,-1,-1,-1,-1
http://www.artasoimaritului.ro,25,0,5,0,78,8,86,0.9069,7,2,-1,-1,-1,-1,-1,-1,-1,-1,-1
http://www.hoerbird.net,18,0,5,0,78,8,86,0.9069,7,2,2,0,0,0,0,0,0,0,0
http://www.josip-stadler.org,22,0,6,1,78,8,86,0.9069,7,2,0,0,0,0,0,0,0,0,0
http://www.chsplantsales.co.uk,24,0,6,0,78,8,86,0.9069,7,2,0,0,0,0,1,0,0,0,0
http://www.cudacorp.com,18,0,5,0,78,8,86,0.9069,7,2,-1,-1,-1,-1,-1,-1,-1,-1,-1
http://www.jdfabrication.com,23,0,5,0,78,8,86,0.9069,7,2,5,0,4,0,0,0,0,0,4
http://www.mueller-holz-bau.com,24,0,7,2,78,8,86,0.9069,7,2,0,0,0,0,0,0,0,0,0
http://www.perfectionautorepairs.com,31,0,5,0,78,8,86,0.9069,7,2,-1,-1,-1,-1,-1,-1,-1,-1,-1
http://www.pharmadeal.gr,19,0,5,0,78,8,86,0.9069,7,2,0,0,31,5,0,0,0,0,0
http://www.testtralala.xorg.pl,24,0,6,0,78,8,86,0.9069,7,2,0,0,0,0,0,0,0,0,0
http://www.super8service.de,21,1,5,0,78,8,86,0.9069,7,2,0,0,0,0,0,0,0,0,0
http://www.static.charlottewinner.com,31,0,6,0,78,8,86,0.9069,7,2,-1,-1,-1,-1,-1,-1,-1,-1,-1
http://www.ytzi.co,13,0,5,0,78,8,86,0.9069,7,2,-1,-1,-1,-1,-1,-1,-1,-1,-1
http://www.systemscheckusa.com,25,0,5,0,78,8,86,0.9069,7,2,-1,-1,-1,-1,-1,-1,-1,-1,-1
http://www.email-login-support.com,27,0,7,2,39,5,44,0.88636,5,2,0,0,4,0,0,0,0,0,1
http://www.dream-squad.com,20,0,6,1,2,3,5,0.4,3,1,-1,-1,-1,-1,-1,-1,-1,-1,-1
http://www.97b1c56132dfcdd90f93-0c5c8388c0a5897e648f883e2c86dc72.r54.cf5.rackcdn.com,38,37,9,1,1,0,1,1,1,1,0,0,0,0,0,0,0,0,0
http://www.immediateresponseforcomputer.com,38,0,5,0,1,0,1,1,1,1,-1,-1,-1,-1,-1,-1,-1,-1,-1
http://www.consumeralternatives.org,30,0,5,0,13,25,38,0.3421,17,9,0,0,3,0,1,0,0,0,0
http://www.s1.directxex.com,20,1,6,0,0,2,2,0,1,0,-1,-1,-1,-1,-1,-1,-1,-1,-1
http://www.s1.directxex.com,20,1,6,0,0,0,0,0,0,0,0,0,1,0,0,0,0,0,1
http://www.creditwallet.net,22,0,5,0,0,0,0,0,0,0,0,0,1,0,0,0,0,0,0
http://www.whabi.csheaven.com,23,0,6,0,2,0,2,1,1,1,0,0,1,0,0,0,0,0,0
http://www.azoos.csheaven.com,23,0,6,0,41,10,51,0.803922,4,1,2,0,4,1,0,0,0,0,1
http://www.cdn.file2desktop.com,24,1,6,0,0,0,0,0,0,0,0,0,1,0,0,0,0,0,1
http://www.fbku.com,14,0,5,0,0,0,0,0,1,1,-1,-1,-1,-1,-1,-1,-1,-1,-1
http://www.s1.directxex.com,20,1,6,0,100,123,223,0.44843,47,31,0,0,0,0,0,0,0,0,0
http://www.natmasla.ru,17,0,5,0,0,0,0,0,1,1,0,0,1,0,0,0,0,0,0
http://www.pcdefender.co.vu,21,0,6,0,0,26,26,0,3,2,-1,-1,-1,-1,-1,-1,-1,-1,-1
http://www.windows-defender.con.sh,27,0,7,1,2,0,2,1,1,1,-1,-1,-1,-1,-1,-1,-1,-1,-1
http://www.sasenergia.pt,19,0,5,0,0,0,0,0,1,1,0,0,2,0,0,0,0,0,0
http://www.exkn0md6fh.qsdgi.com,23,2,6,0,16,7,23,0.695652,5,2,-1,-1,-1,-1,-1,-1,-1,-1,-1
http://www.yehuam.com,16,0,5,0,0,0,0,0,1,1,-1,-1,-1,-1,-1,-1,-1,-1,-1
http://www.radiology.starlightcapitaladvisors.net,43,0,6,0,0,0,0,0,1,1,-1,-1,-1,-1,-1,-1,-1,-1,-1
http://www.sweettalk.co,18,0,5,0,1,0,1,1,1,1,2,0,0,0,0,0,0,0,0
http://www.azoos.csheaven.com,23,0,6,0,0,2,2,0,2,1,2,0,2,1,0,0,0,0,0
http://www.pigra.csheaven.com,23,0,6,0,0,0,0,0,1,1,2,0,2,1,0,0,0,0,0
http://www.vipcpms.com,17,0,5,0,12,1,13,0.923077,2,1,-1,-1,-1,-1,-1,-1,-1,-1,-1
http://www.njtgsd.attackthethrone.com,31,0,6,0,0,0,0,0,1,1,2,0,2,1,0,0,0,0,0
http://www.aveconomic.trailswest.org:15106,30,5,7,0,8,0,8,1,1,0,-1,-1,-1,-1,-1,-1,-1,-1,-1
http://www.avecat.missouritheatre.org:15106,31,5,7,0,0,0,0,0,1,1,-1,-1,-1,-1,-1,-1,-1,-1,-1
http://www.qwe.affairedhonneur.us,27,0,6,0,7,0,7,1,1,0,-1,-1,-1,-1,-1,-1,-1,-1,-1
http://www.asd.vicentelopez.us,24,0,6,0,1,0,1,1,1,0,-1,-1,-1,-1,-1,-1,-1,-1,-1
http://www.borneo.aqq79.com,19,2,6,0,10,7,17,0.588235,3,1,-1,-1,-1,-1,-1,-1,-1,-1,-1
http://www.optilogus.com,19,0,5,0,0,0,0,0,1,1,0,0,1,0,0,0,0,0,1
http://www.flashsavant.com,21,0,5,0,0,0,0,0,1,1,0,0,0,0,0,0,0,0,0
http://www.becomedebtfree.com.au,26,0,6,0,15,54,69,0.217391,24,11,0,0,3,0,0,0,0,0,0
http://www.petitepanda.net,21,0,5,0,6,2,8,0.75,5,1,-1,-1,-1,-1,-1,-1,-1,-1,-1
http://www.vicklovesmila.com,23,0,5,0,15,2,17,0.882353,3,2,-1,-1,-1,-1,-1,-1,-1,-1,-1
http://www.unitex.home.pl,19,0,6,0,1,201,202,0.00495,7,3,0,0,0,0,0,0,0,0,0
http://www.hobbytotaalservice.nl,27,0,5,0,1,201,202,0.00495,7,3,0,0,0,0,0,0,0,0,0
http://www.high-hollin.org,20,0,6,1,1,201,202,0.00495,7,3,-1,-1,-1,-1,-1,-1,-1,-1,-1
http://www.bnsoutlaws.co.uk,21,0,6,0,1,201,202,0.00495,7,3,-1,-1,-1,-1,-1,-1,-1,-1,-1
http://www.artsconsortium.org,24,0,5,0,1,201,202,0.00495,7,3,0,0,1,0,0,0,0,0,0
http://www.ambulanciaslazaro.com,27,0,5,0,1,201,202,0.00495,7,3,0,0,1,0,0,0,0,0,1
http://www.luchtenbergdecor.com.br,28,0,6,0,1,201,202,0.00495,7,3,0,0,15,4,1,0,0,0,5
http://www.ciclismovalenciano.com,28,0,5,0,1,201,202,0.00495,7,3,-1,-1,-1,-1,-1,-1,-1,-1,-1
http://www.pix360.co.nf,14,3,6,0,1,201,202,0.00495,7,3,0,0,0,0,0,0,0,0,0
http://www.isonomia.com.ar,20,0,6,0,1,201,202,0.00495,7,3,2,0,0,0,0,0,0,0,0
http://www.interactivearea.ru,24,0,5,0,1,201,202,0.00495,7,3,0,0,6,0,0,0,0,0,4
http://www.okeanbg.com,17,0,5,0,0,0,0,0,1,1,0,0,0,0,0,0,0,0,0
http://www.losalseehijos.es,22,0,5,0,0,0,0,0,1,1,-1,-1,-1,-1,-1,-1,-1,-1,-1
http://www.advancesrl.eu,19,0,5,0,0,0,0,0,1,1,-1,-1,-1,-1,-1,-1,-1,-1,-1
http://www.dimensionnail.ro,22,0,5,0,119,2,121,0.983471,3,2,-1,-1,-1,-1,-1,-1,-1,-1,-1
http://www.cosmetice-farduri.ro,25,0,6,1,79,32,111,0.711712,10,3,-1,-1,-1,-1,-1,-1,-1,-1,-1
http://www.fireally.net,18,0,5,0,58,1,59,0.983050847,3,2,-1,-1,-1,-1,-1,-1,-1,-1,-1
http://www.pepelacer.computingservices123.com,36,3,6,0,17,3,20,0.85,3,1,-1,-1,-1,-1,-1,-1,-1,-1,-1
http://www.pepelacer.memeletrica.com,30,0,6,0,8,1,9,0.888888889,2,1,-1,-1,-1,-1,-1,-1,-1,-1,-1
http://www.distancer.sexsty.com,25,0,6,0,0,1,1,0,1,1,-1,-1,-1,-1,-1,-1,-1,-1,-1
http://www.alsoknowsit.com,21,0,5,0,15,1,16,0.9375,3,2,-1,-1,-1,-1,-1,-1,-1,-1,-1
http://www.mango.spiritualcounselingtoday.co,38,0,6,0,12,1,13,0.923076923,2,1,-1,-1,-1,-1,-1,-1,-1,-1,-1
http://www.lickscloombsfills.us,26,0,5,0,0,0,0,0,1,1,-1,-1,-1,-1,-1,-1,-1,-1,-1
http://www.serasaexperian.biz,24,0,5,0,3,0,3,1,1,0,-1,-1,-1,-1,-1,-1,-1,-1,-1
http://www.serasaexperian.info,25,0,5,0,45,0,45,1,2,1,-1,-1,-1,-1,-1,-1,-1,-1,-1
http://www.cifor.com,15,0,5,0,2,0,2,1,1,1,-1,-1,-1,-1,-1,-1,-1,-1,-1
http://www.eielectronics.ie,22,0,5,0,2,0,2,1,1,1,11,0,0,2,1,0,0,0,0
http://www.c11n4.i.teaserguide.com,24,3,7,0,24,1,25,0.96,2,1,-1,-1,-1,-1,-1,-1,-1,-1,-1
http://www.oampa.csheaven.com,23,0,6,0,0,7,7,0,5,4,2,0,2,1,0,0,0,0,0
http://www.acool.csheaven.com,23,0,6,0,0,37,37,0,12,3,2,0,2,1,0,0,0,0,0
http://www.creditbootcamp.com,24,0,5,0,14,47,61,0.229508197,12,3,0,0,0,0,0,0,0,0,0
