id,link,zimu_num,shuzi,zifu_num,label
99,http://0koryu0.easter.ne.jp,19,2,6,redirect
560,http://4dexports.com/images/wav1.exe,27,2,7,Trojan
615,http://6b8a953b2bf7788063d5-6e453f33ecbb90f11a62a5c376375af3.r71.cf5.rackcdn.com/Videos%20Player.mp4.exe,52,40,12,Trojan
127,http://a.update.51edm.net/20100223/01.kdg?md5=ab2676ca2190bc21abcba6e5f5b3b2a7,38,29,11,Trojan
53,http://achren.org,13,0,4,redirect
842,http://acool.csheaven.com/okoassetch/buweegnogr/ereedrimtu/files/,55,0,10,Trojan
96,http://adgallery.whitehousedrugpolicy.gov/members/Miley-Cyrus-Nude/default.aspx,68,0,11,Trojan
504,http://ads.wikipartes.com/all/test.php,30,0,8,redirect
499,http://aippnetworks.com/plugins/authentication/joomla/aviancataca/aviancatacafreeticket.php,81,0,10,Trojan
175,http://alissonluis-musico.sites.uol.com.br/mar.jpg,40,0,10,Trojan
162,http://allxscan.tk/ddt/load.php?f=1&e=4,26,2,11,Trojan
547,http://ama-alliance.com/inddex.html,28,0,7,Trojan
550,http://ama-alliance.com/index.zip,26,0,7,Trojan
732,http://amazingvacationhotels.com/wp-content/themes/HotelWeb2/connect/mac.exe,64,1,11,Trojan
928,http://amazon-sicherheit.kunden-ueberpruefung.xyz,42,0,7,Phishing
730,http://americancareconcept.com/modules/webstat/rechnungonline_telekom_rt/2014_05_rechnungonline_8290155236sign.zip,84,16,14,Trojan
731,http://americancareconcept.com/modules/webstat/rechnungonline_telekom_rt/2014_05_rechnungonline_8290155236sign.zip,84,16,14,Trojan
209,http://analxxxclipsyjh.dnset.com/latest/amateur_dog_sex_01.avi.exe,52,2,12,Trojan
559,http://anshrit.com/images/m216.exe,24,3,7,Trojan
55,http://antalya.ru/links/,18,0,6,redirect
740,http://arkinsoftware.in/images/aveksynkens.exe,39,0,7,Trojan
739,http://arkinsoftware.in/images/inexsabit.exe,37,0,7,Trojan
738,http://arkinsoftware.in/images/nukotobne.exe,37,0,7,Trojan
917,http://art-archiv.ru/images/animated-number/docum-arhiv.exe,48,0,11,Trojan
833,http://asham.tourstogo.us/oadirteeph/eeroaghyss/evoarsoshi/files/,55,0,10,Trojan
54,http://associatesexports.com,24,0,4,redirect
881,http://atlcourier.com/wp-content/plugins/cached_data/k1.exe,47,1,11,Trojan
867,http://atyss.barginginfrance.net/aseerteert/ootoorezav/olaweersyb/files/,62,0,10,Trojan
909,http://avokka.com/Panel/dl.exe,23,0,7,Trojan
910,http://avokka.com/Panel/gate.php,25,0,7,Trojan
750,http://axisbuild.com/111,16,3,5,Trojan
864,http://azoos.csheaven.com/eechoawoap/rissupsuns/bigleeptuf/files/,55,0,10,Trojan
131,http://bargainracks.co.uk/img/common/1x2.gif,33,2,9,Trojan
509,http://batcoroadlinescorporation.com/concedes/diggers.exe,50,0,7,Trojan
227,http://bbs.bjchun.com/report.htm,25,0,7,redirect
77,http://bde.be,9,0,4,redirect
749,http://beautysafari.com/111,19,3,5,Trojan
741,http://beespace.com.ua/hook/hookkey.exe,31,0,8,Trojan
118,http://be-funk.com/?kkk=bleach-244-english-sub,32,3,11,redirect
172,http://beldiplomcom.75.com1.ru/loading.php?spl=mdac,38,3,10,Trojan
19,http://bezproudoff.cz,17,0,4,redirect
413,http://bizzibeans.net/wp-admin/zope/,28,0,8,Trojan
414,http://bizzibeans.net/wp-admin/zope/adobe_flash.exe,41,0,10,Trojan
130,http://blacknite.eu/cracking/Pelite.EXE,32,0,7,Trojan
250,http://bluecutsystem.com/load3.exe,27,1,6,Trojan
876,http://boogu.barginginfrance.net/peehejoaty/avugnemtee/hibygnoars/files/,62,0,10,Trojan
549,http://boschetto-hotel.gr/inddex.html,30,0,7,Trojan
552,http://boschetto-hotel.gr/index.zip,28,0,7,Trojan
561,http://bracbetul.com/images/sh-pdf.exe,30,0,8,Trojan
428,http://bride1.com/File/www.fotosupload.com/fotosuploadcominfidelidadfotos2dediciembreparaquenoquedendudasc.zip,98,2,10,Trojan
52,http://buffalogoesout.com,21,0,4,redirect
908,http://buildviet.info/servicer/fattura/,32,0,7,Trojan
92,http://callingcardsinstantly.com/webalizer/050709wareza/crack=17=keygen=serial.html,64,8,11,redirect
754,http://campamento.queenscamp.com/yuppie/staying,40,0,7,Trojan
110,http://cannabislyric.com/,20,0,5,redirect
109,http://cannabispicture.com/,22,0,5,redirect
726,http://centralwestwater.com.au/Conto.zip,33,0,7,Trojan
729,http://centralwestwater.com.au/Conto.zip?gZ5lXOdeRY7y,43,2,8,Trojan
725,http://centralwestwater.com.au/Dettagli_Fatture.zip,43,0,8,Trojan
728,http://centralwestwater.com.au/Dettagli_Fatture.zip?aladinodepaulis@uniadriatica.it,72,0,11,Trojan
724,http://centralwestwater.com.au/Estratto/Dati.zip,40,0,8,Trojan
727,http://centralwestwater.com.au/Estratto/Dati.zip,40,0,8,Trojan
20,http://ceskarepublika.net,21,0,4,redirect
753,http://chaveiro.bio.br/tmp/AcbtReader.exe,33,0,8,Trojan
782,http://chsplantsales.co.uk/werwre56,27,2,6,Trojan
723,http://classicspeedway.com/ff.exe,27,0,6,Trojan
761,http://cmicapui.ce.gov.br/components/com_phocadownload/helpers/modu.exe,59,0,12,Trojan
813,http://coaha.frenchgerlemanelectric.com/atydymulra/psoaptylty/ywhopaptyl/files/,69,0,10,Trojan
566,http://coalimpex.com/web/bg-02.jpg,24,2,8,Trojan
572,http://coalimpex.com/web/bo_02.php,24,2,8,Trojan
570,http://coalimpex.com/web/bo_03.php,24,2,8,Trojan
913,http://coffeol.com/fend/raw_server.exe,30,0,8,Trojan
56,http://conds.ru,11,0,4,redirect
721,http://cope.it/templates/webstat/finanzgruppe_volksbanken_ne/index,56,0,10,Trojan
16,http://cracks.vg/d1.php,16,1,6,redirect
799,http://creditbootcamp.com/25/144.exe,24,5,7,Trojan
720,http://csmail.iggcn.com/temp/service_mail/attachments/2014/03/11/2014031105343091111.zip,47,27,14,Trojan
722,http://csmail.iggcn.com/temp/service_mail/attachments/2014/03/11/2014031105343091111.zip,47,27,14,Trojan
783,http://cudacorp.com/shqgowox,23,0,5,Trojan
228,http://customsboysint.com/1/25/human-head-wireframe,39,3,9,redirect
464,http://d1.kuai8.com/setup/kuai8_zjy.exe,27,3,9,Trojan
775,http://d32k27yvyi4kmv.cloudfront.net/installer/Installer.exe,47,5,8,Trojan
93,http://dawnframing.com/webalizer/050709wareza/crack=17=keygen=serial.html,54,8,11,redirect
467,http://ddd.gouwuke.cn/down/exejmman.exe,31,0,8,Trojan
719,http://decografix.com/wp-content/uploads/2014/03/b41.exe,37,8,11,Trojan
748,http://decota.es/111,12,3,5,Trojan
718,http://decrolyschool.be/backup/1_1_777.exe,28,5,9,Trojan
895,http://deleondeos.com/img/script.php?tup1.jpg,35,1,9,Trojan
715,http://demo.vertexinfo.in/conclusione/dettagli.zip,42,0,8,Trojan
612,http://dentairemalin.com/images/report934875438jdfg8i45jg_07242014.exe,42,20,8,Trojan
714,http://destre45.com/p/f.exe,18,2,7,Trojan
713,http://destre45.com/p/svhost.exe,23,2,7,Trojan
535,http://dianepiette.co.uk/inddex.html,29,0,7,Trojan
536,http://dianepiette.co.uk/index.zip,27,0,7,Trojan
791,http://dimarsbg.com/images/portfolio/vtutmcireturxeitritxirete/rcturtncuyretycrutycreu.exe,81,0,9,Trojan
40,http://dimsnetwork.com,18,0,4,redirect
231,http://directxex.com/uploads/1005443056.cryptedserver.exe,39,10,8,Trojan
481,http://dl.microsword.net/softdown/filerubber.exe,40,0,8,Trojan
482,http://dl.microsword.net/Softdown/VideoRecord.exe,41,0,8,Trojan
872,http://dofeb.frenchgerlemanelectric.com/iglejimoar/upsudypooz/leepeegrah/files/,69,0,10,Trojan
711,http://dougmlee.com/DHL,18,0,5,Trojan
712,http://dougmlee.com/DHL%20Document.zip,29,2,7,Trojan
468,http://down.feiyang163.com/soft/alexacha.exe,33,3,8,Trojan
469,http://down.feiyang163.com/soft/usblock.exe,32,3,8,Trojan
471,http://down.guangsu.cn/qdn/setup_qd262.exe,30,3,9,Trojan
924,http://down.mykings.pw:8888/ver.txt,23,4,8,Trojan
465,http://down.unadnet.com.cn/soft/2Dmofang.exe,34,1,9,Trojan
462,http://down2.feiyang163.com/soft/wavtomp3.exe,32,5,8,Trojan
483,http://download.56.com/lp/client/update.lua,32,2,9,Trojan
475,http://download.grandcloud.cn/9291/15474/setup_2949-14598.exe,32,18,11,Trojan
485,http://download.ttrili.com:98/Setup%5B57%5D-rl.exe,33,6,11,Trojan
487,http://download.ttrili.com:98/setup%5B79%5D-rl.exe,33,6,11,Trojan
488,http://download.ttrili.com:98/Setup[11]-rl.exe,31,4,11,Trojan
178,http://download207.mediafire.com/2ezaemp68lyg/fe8lc6kqa1f06n1/Grand+Theft+Modification.zip,67,12,11,Trojan
422,http://downloads-whatsapp.com,24,0,5,Trojan
423,http://downloads-whatsapp.com/whatsapp-for-nokia.php,43,0,9,Trojan
124,http://downloads-whatsapp.com/whatsapp-for-samsung.php,45,0,9,Trojan
111,http://dp-medien.eu,14,0,5,redirect
835,http://dujur.barginginfrance.net/oampimsika/foowimupho/thampoperd/files/,62,0,10,Trojan
531,http://e1r.net/download/ca.exe,22,1,7,Trojan
886,http://earthcontrolsys.com/abuse_report.php?issviews.com,47,0,9,Trojan
814,http://echoa.randbinternationaltravel.com/wheekresip/lesorgysoj/oasemteefu/files/,71,0,10,Trojan
808,http://eecky.butlerelectricsupply.com/oalseebypt/hidowodruf/phaptyrsoa/files/,67,0,10,Trojan
802,http://eekro.cruisingsmallship.com/oaglotogoa/pusoathuth/okexithejo/files/,64,0,10,Trojan
888,http://eeps.me/,10,0,5,Phishing
848,http://eeroo.frost-electric-supply.com/phoagnonga/oshuzoathu/anunserogy/files/,66,0,12,Trojan
852,http://eetho.cruisingsmallship.com/fustochoox/areltussen/hoogroxuga/files/,64,0,10,Trojan
816,http://efugl.iptvdeals.com/avoamsyrga/ujecketird/fudsoonsep/files/,56,0,10,Trojan
796,http://e-matelco.com/25/144.exe,18,5,8,Trojan
804,http://emits.iptvdeals.com/pigneglogl/psoomporso/whulsynsee/files/,56,0,10,Trojan
828,http://eroov.iptvdeals.com/wheedessyh/uptoowhooj/urognotchy/files/,56,0,10,Trojan
839,http://esoad.frost-electric-supply.com/psutsoshup/phastupsim/tigrystolt/files/,66,0,12,Trojan
1,http://espdesign.com.au,18,0,5,redirect
874,http://estoa.frost-electric-supply.com/ukoatiptyv/upseeboapo/ufekyckaft/files/,66,0,12,Trojan
795,http://eternitymobiles.com/25/144.exe,25,5,7,Trojan
884,http://europe-academy.net/wp-admin/user/ap2.php,36,1,10,Trojan
912,http://euro-vertrieb.com/hosteurope/KIS-Login.htm,40,0,9,Phishing
880,http://executivecoaching.co.il/IsKgVrtvQ/,34,0,7,Trojan
776,http://extreembilisim.com/themes/blue/Cure.exe,38,0,8,Trojan
777,http://extreembilisim.com/themes/blue/panelServerCrypted.exe,52,0,8,Trojan
489,http://f.gj555.net/download/setups30035.exe,27,8,8,Trojan
548,http://faiyazahmed.com/inddex.html,28,0,6,Trojan
551,http://faiyazahmed.com/index.zip,26,0,6,Trojan
921,http://falconsafe.com.sg/api/get.php?id=aW5mb0BzYXBjdXBncmFkZXMuY29t,54,4,10,Trojan
772,http://fbku.com/yeni/Porno-HD.exe,25,0,8,Trojan
159,http://fgawegwr.chez.com/images/1273471091.exe,28,10,8,Trojan
496,http://files.dsnetwb.com/aTube_Catcher_5188_ATU3.exe,37,5,10,Trojan
922,http://fo5.a1-downloader.org/g2v9s1.php?id=yourname@yourdomain.com,49,5,12,Trojan
883,http://fondazioneciampi.org/nuovo/blogs/media/ap2.php,43,1,9,Trojan
480,http://formessengers.com/download.php?PN=MLP,36,0,8,Trojan
94,http://free-crochet-pattern.com/webalizer/050709wareza/crack=17=keygen=serial.html,61,8,13,redirect
230,http://freefblikes.phpnet.us,23,0,5,Trojan
161,http://freeserials.ws/sn/64850.html,23,5,7,Trojan
755,http://ftp.flyfishusa.com/lords/vanishings,35,0,7,Trojan
521,http://funchill.com/Invoice.zip,25,0,6,Trojan
382,http://generalchemicalsupply.com/gLG.exe,34,0,6,Trojan
773,http://getdatanetukscan.info/sp32_64_10044639319006172375.exe,29,24,8,Trojan
774,http://getdatanetukscan.info/sp32_64_3491943367355003623.exe,29,23,8,Trojan
747,http://gogetgorgeous.com/111,20,3,5,Trojan
894,http://gosciniec-paproc.pl/lib/excel/kamp.php,36,0,9,Phishing
208,http://gravityexp.com/go.php?sid=12,25,2,8,redirect
822,http://greev.randbinternationaltravel.com/sheptighut/groadratoa/omedryglol/files/,71,0,10,Trojan
693,http://grendizer.biz/fattura/fattura05032014.zip,33,8,7,Trojan
683,http://grendizer.biz/statistiche/fattura05032014.zip,37,8,7,Trojan
694,http://grendizer.biz/statistiche/fattura05032014.zip?qgbaprb3jqghxxof,52,9,8,Trojan
684,http://gulf-industrial.com/images/2103USa.qta,33,4,8,Trojan
840,http://gurde.tourstogo.us/leefoohopt/ezussoadyz/utufegheer/files/,55,0,10,Trojan
801,http://gurde.tourstogo.us/leefoohopt/ezussoadyz/utufegheer/files/GO49776M.vbs,61,5,11,Trojan
239,http://guyscards.com/adobe/,21,0,6,Trojan
240,http://guyscards.com/adobe/update_flash_player.exe,41,0,9,Trojan
849,http://gyboo.cruisingsmallship.com/phyckyhert/oaltesteef/ptoneewhis/files/,64,0,10,Trojan
811,http://gylra.cruisingsmallship.com/talsoohaha/icoagroapt/oglaheeglo/files/,64,0,10,Trojan
538,http://h1666015.stratoserver.net/inddex.html,30,7,7,Trojan
539,http://h1666015.stratoserver.net/inddex.html,30,7,7,Trojan
543,http://h1666015.stratoserver.net/index.zip,28,7,7,Trojan
544,http://h1666015.stratoserver.net/index.zip,28,7,7,Trojan
800,http://hana-naveh.com/25/144.exe,19,5,8,Trojan
60,http://hanulsms.com,15,0,4,redirect
37,http://hardcorepornparty.com,24,0,4,redirect
762,http://harshwhispers.com/img/dunptty.gif,33,0,7,Trojan
763,http://harshwhispers.com/img/wxynts.gif,32,0,7,Trojan
164,http://helesouurusa.cjb.com/land/?n=my_loli2&id=1,35,2,12,Trojan
163,http://helesouurusa.cjb.com/land/video.php?l=4:52&id=1&n=my_loli2&a=mike&path=./tmb/my_loli2/31.jpg&rat=./img/rating5.jpg&v=61545,81,14,34,Trojan
770,http://hexadl.line55.net/FLV_Media_Player.exe,34,2,9,Trojan
771,http://hexadl.line55.net/FLV-HD.exe,25,2,8,Trojan
682,http://hnskorea.co.kr/alberta/dingo.exe,31,0,8,Trojan
830,http://hoawy.frost-electric-supply.com/synestyfoo/oampansoam/fetuksessu/files/,66,0,12,Trojan
681,http://hobbat.fvds.ru/DHL,19,0,6,Trojan
680,http://hobbat.fvds.ru/DHL%20Document.zip,30,2,8,Trojan
798,http://hobby-hangar.net/25/144.exe,21,5,8,Trojan
779,http://hoerbird.net/galerie/w4f3f4.exe,28,3,7,Trojan
21,http://hotspot.cz,13,0,4,redirect
2,http://iamagameaddict.com,21,0,4,redirect
873,http://igagh.tourstogo.us/chogoajeep/uhozyngako/iphoasteer/files/,55,0,10,Trojan
854,http://igoby.frost-electric-supply.com/eesefteeps/ookeestool/meefeleezu/files/,66,0,12,Trojan
869,http://igroo.barginginfrance.net/ogroatashy/osynoonsax/ydumtixivy/files/,62,0,10,Trojan
556,http://images.topguncustomz.com/inddex.html,36,0,7,Trojan
554,http://images.topguncustomz.com/index.zip,34,0,7,Trojan
57,http://img001.com/business/qiji.exe,25,3,7,Trojan
890,http://inclusivediversity.co.uk/wp-content/upgrade/,42,0,9,redirect
678,http://innatek.com/ListinoPrezzi.zip,30,0,6,Trojan
679,http://innatek.com/ListinoPrezzi.zip?SEmfjmWrPDXEz,43,0,7,Trojan
6,http://ipl.hk,9,0,4,redirect
806,http://iptoo.cruisingsmallship.com/cocmeepsee/nikagnypsi/hoaboogrol/files/,64,0,10,Trojan
837,http://ithyk.frenchgerlemanelectric.com/cywhamsoaj/thamtampee/oodsardoon/files/,69,0,10,Trojan
824,http://iwhab.randbinternationaltravel.com/etuwotsols/phydretack/psyveshool/files/,71,0,10,Trojan
810,http://ixoox.csheaven.com/ytoocmefta/ythyreejyk/eeshoomoar/files/,55,0,10,Trojan
766,http://iybasketball.info/wp-content/themes/twentytwelve/lo.exe,52,0,10,Trojan
902,http://izzy-cars.nl/9uj8n76b5.exe,21,5,7,Trojan
784,http://jdfabrication.com/ihfipiex,28,0,5,Trojan
915,http://jessisjewels.com/disk/update/postmaster/en/?ar=yourname@yourdomain.com,64,0,13,Phishing
780,http://josip-stadler.org/11,19,2,6,Trojan
95,http://js.tongji.linezing.com/1189582/tongji.js,31,7,9,redirect
112,http://juedische-kammerphilharmonie.de,33,0,5,redirect
17,http://juicypussyclips.com,22,0,4,redirect
474,http://k.h.a.d.free.fr/pub/utils/oepv.exe,29,0,12,Trojan
733,http://kadirzerey.com/wp-content/themes/genegri/file.ecr,46,0,10,Trojan
3,http://kalantzis.net,16,0,4,redirect
248,http://kapcotool.com/adobe/update_flash_player.exe,41,0,9,Trojan
836,http://keemy.butlerelectricsupply.com/zyrsoltoah/duftuxoxyz/epheenyzug/files/,67,0,10,Trojan
918,http://kingskillz.ru/~kingskil/Prince/Man/lucy/mine/shit.exe,48,0,12,Trojan
847,http://kulro.csheaven.com/dersyphalr/kyjorsoalt/rywoarsoaz/files/,55,0,10,Trojan
859,http://kyrsu.frost-electric-supply.com/wowoathept/grishamesa/weemoseevo/files/,66,0,12,Trojan
746,http://lefos.net/111,12,3,5,Trojan
905,http://lhs-mhs.org/9uj8n76b5.exe,20,5,7,Trojan
781,http://loft2126.dedicatedpanel.com/b.exe,29,4,7,Trojan
751,http://luckyblank.info,18,0,4,redirect
767,http://luckyclean.info,18,0,4,redirect
768,http://luckyclear.info,18,0,4,redirect
769,http://luckyeffect.info,19,0,4,redirect
752,http://luckyhalo.info,17,0,4,redirect
41,http://luckypure.info,17,0,4,redirect
42,http://luckyshine.info,18,0,4,redirect
43,http://luckysuccess.info,20,0,4,redirect
44,http://luckysure.info,17,0,4,redirect
45,http://luckytidy.info,17,0,4,redirect
46,http://luggagecast.com/adobe/update_flash_player.exe,43,0,9,Trojan
47,http://luggagepreview.com/adobe/update_flash_player.exe,46,0,9,Trojan
48,http://luggage-tv.com/adobe/update_flash_player.exe,41,0,10,Trojan
49,http://lunaticjazz.com,18,0,4,Trojan
50,http://luwyou.com/photos.php,22,0,6,Trojan
247,http://mahindrainsurance.com/download_doc/risposta.zip,46,0,8,Trojan
246,http://mailboto.com/landing/themes/bluemarine/corso/index.htm,51,0,10,Phishing
245,http://manoske.com/main.php?label=TJaxqKIV0+wlz0MJN5SxypUhWaVDQDqE4PwfdxjPls0=,63,5,10,Trojan
885,http://marialorena.com.br/wp-content/plugins/hello123/8888ytc6r.exe,48,8,11,Trojan
165,http://mathenea.com/css/report934875438jdfg8i45jg_07242014.exe,34,20,8,Trojan
653,http://mbrdot.tk/123/load.php?f=1&e=6,21,5,11,Trojan
238,http://mediatrade.h19.ru/Our,20,2,6,Trojan
243,http://merrymilkfoods.com/wp-content/uploads/2014/01/wav.exe,43,6,11,Trojan
907,http://mgfd1b.petrix.net/5i9fh30/counter.php?fid=2,34,6,10,redirect
613,http://ministerio-publi.info/web/bg-02.jpg,31,2,9,Trojan
168,http://ministerio-publi.info/web/bo_01.php,31,2,9,Trojan
644,http://ministerio-publi.info/web/bo_02.php,31,2,9,Trojan
562,http://ministerio-publi.info/web/bo_03.php,31,2,9,Trojan
532,http://mirandolasrl.it/inddex.html,28,0,6,Trojan
590,http://mirandolasrl.it/index.zip,26,0,6,Trojan
596,http://mmile.com/images/bl.exe,23,0,7,Trojan
597,http://mmile.com/images/rhcs05.exe,25,2,7,Trojan
595,http://mocka.frost-electric-supply.com/zarseehetu/igaksuxals/kyroalopsa/files/,66,0,12,Trojan
533,http://montezuma.spb.ru/key/72548.htm,24,5,8,Trojan
534,http://ms11.net/%7Ecarmine/DHL%20Document.zip,31,5,9,Trojan
249,http://mueller-holz-bau.com/v28nyn27,25,4,7,Trojan
244,http://murbil.hostei.com/wp-content/themes/Mizzo/file.ecr,46,0,11,Trojan
860,http://nadegda-95.ru,13,2,5,redirect
160,http://nailbytes1.com/test/86lkL2Xpxa.exe,30,4,7,Trojan
643,http://namso.butlerelectricsupply.com/yfuksajozi/phidampoas/ufykampoap/files/,67,0,10,Trojan
785,http://nbook.far.ru/111,14,3,6,Trojan
734,http://nc2199.eden5.netclusive.de/Invoice.zip,32,5,8,Trojan
68,http://nctbonline.co.uk/InvoiceCopy.scr,32,0,7,Trojan
778,http://nefib.tourstogo.us/shoampakre/igoawootsi/greengeeku/files/,55,0,10,Trojan
827,http://nerez-schodiste-zabradli.com,29,0,6,redirect
744,http://nlconsulateorlandoorg.siteprotect.net/inddex.html,49,0,7,Trojan
522,http://nlconsulateorlandoorg.siteprotect.net/index.zip,47,0,7,Trojan
642,http://nobodyspeakstruth.narod.ru/upload/main.exe,41,0,8,Trojan
862,http://nonsi.csheaven.com/udoartorsa/oathampoat/uzostecmew/files/,55,0,10,Trojan
23,http://noobgirls.com/pussy.exe,24,0,6,Trojan
555,http://noobgirls.com/pussy.php,24,0,6,Trojan
553,http://nordiccountry.cz,19,0,4,redirect
183,http://notebookservisru.161.com1.ru/PayInfo.zip,35,4,8,Trojan
826,http://noveslovo.com,16,0,4,redirect
507,http://nowina.info,14,0,4,redirect
506,http://ns1.the-sinner.net/modules/webstat/vodafone_service_d2,48,2,11,Trojan
24,http://ns2ns1.tk/test/load.php?f=1&e=2,23,4,11,Trojan
523,http://nudebeachgalleries.net,25,0,4,redirect
39,http://nugly.barginginfrance.net/oogamtoafo/eestathici/athiphisik/files/,62,0,10,Trojan
25,http://nuptialimages.com,20,0,4,redirect
641,http://oakso.tourstogo.us/pheekseeku/kirystobul/exeedsoots/files/,55,0,10,Trojan
166,http://oampa.csheaven.com/ovoamegloa/ishoodooho/whetcheeng/files/,55,0,10,Trojan
51,http://oapsa.tourstogo.us/looreeneps/yshoobeeje/syshyshogo/files/,55,0,10,Trojan
878,http://oawoo.frenchgerlemanelectric.com/utyfatheex/nurirsoaja/rojingaroo/files/,69,0,10,Trojan
18,http://obada-konstruktiwa.org,24,0,5,redirect
834,http://obkom.net.ua/bancodes/rotator.php?place=indexfoot,46,0,10,redirect
841,http://ocick.frost-electric-supply.com/nasaghytho/whofydroon/glotchypiv/files/,66,0,12,Trojan
863,http://ocpersian.com,16,0,4,Trojan
857,http://officeon.ch.ma/office.js?google_ad_format=728x90_as,41,5,12,redirect
26,http://oknarai.ru,13,0,4,redirect
129,http://onrio.com.br/site/Pdf/,21,0,8,Trojan
818,http://oofuv.cruisingsmallship.com/oozughoars/psoakraghi/oawygroors/files/,64,0,10,Trojan
563,http://oojee.barginginfrance.net/poovajywhi/ooghovelee/madroompob/files/,62,0,10,Trojan
9,http://ooksu.frost-electric-supply.com/sebossoode/itylseehyh/grykrostad/files/,66,0,12,Trojan
35,http://oolsi.frost-electric-supply.com/eerutsuleh/oamteejigl/shogrodroo/files/,66,0,12,Trojan
518,http://oosee.barginginfrance.net/buksyngems/boofoostiw/orignujonu/files/,62,0,10,Trojan
870,http://oowhe.frost-electric-supply.com/ejisoozach/esisseeloo/oajilitsof/files/,66,0,12,Trojan
853,http://oprahsearch.com/scripts/net19.exe,31,2,7,Trojan
815,http://optimization-methods.com/Bilder/calc.exe,39,0,8,Trojan
846,http://orbowlada.strefa.pl/text396.htm,28,3,7,redirect
856,http://orkut.krovatka.su/imagem-542454.jpg,28,6,8,Trojan
877,http://oshoa.iptvdeals.com/whoagrofta/shaphygyft/oomtyrtogl/files/,56,0,10,Trojan
66,http://oshoo.iptvdeals.com/oachudydri/theshasicm/chyshyngee/files/,56,0,10,Trojan
756,http://otylkaaotesanek.cz,21,0,4,redirect
13,http://outporn.com,14,0,4,redirect
174,http://paraskov.com/err.exe,21,0,6,Trojan
844,http://pb-webdesign.net,18,0,5,redirect
812,http://pension-helene.cz,19,0,5,redirect
27,http://perfectionautorepairs.com/jkcokunrh,37,0,5,Trojan
11,http://pgalvaoteles.pt/111,18,3,5,Trojan
757,http://pharmadeal.gr/nfqnaanl,24,0,5,Trojan
28,http://phoaz.cruisingsmallship.com/thymuksate/ysigorguru/stogroaryf/files/,64,0,10,Trojan
29,http://photoscape.ch/Setup.exe,24,0,6,Trojan
786,http://pic.starsarabian.com/,22,0,6,redirect
745,http://pigra.csheaven.com/eveebichoa/xygyrtoolt/ooholtoaka/files/,55,0,10,Trojan
787,http://plantaardigebrandstof.nl/inddex.html,37,0,6,Trojan
843,http://plantaardigebrandstof.nl/index.zip,35,0,6,Trojan
931,http://podzemi.myotis.info,21,0,5,redirect
153,http://pokachi.net/,14,0,5,redirect
871,http://port.bg/wfgv.html?php=receipt,28,0,8,redirect
541,http://portablevaporizer.com/,24,0,5,redirect
546,http://portalfiremasters.com.br/Fatura.Pdf.rar,38,0,8,Trojan
30,http://pos-kupang.com/,16,0,6,redirect
132,http://potvaporizer.com/,19,0,5,redirect
210,http://pride-u-bike.com/2006/09/30/akkymtlator/,28,8,11,redirect
108,http://pride-u-bike.com/2007/06/23/s-tolkacha/,26,8,12,redirect
520,http://pride-u-bike.com/2007/07/30/doroga-smerti/,29,8,12,redirect
7,http://pride-u-bike.com/byzapimoto/,27,0,8,redirect
107,http://pride-u-bike.com/motorcycle/suzuki-motorcycle/,43,0,10,redirect
133,http://pride-u-bike.com/motorcycle/vozdeniye-motorcycle/,46,0,10,redirect
134,http://pride-u-bike.com/sell/honda-steed-400-1996/,31,7,12,redirect
135,http://pride-u-bike.com/sell/honda-vfr400r-nc30/,32,5,11,redirect
136,http://privatkunden.datapipe9271.com/,27,4,6,Phishing
137,http://progettocrea.org/wp-content/themes/telekom/telekom_deutschland_gmbh,63,0,11,Trojan
138,http://prorodeosportmed.com/templates/atomic/html/mod_custom/default.xx,60,0,11,Trojan
139,http://psooz.tourstogo.us/joacumupty/yduhoalrow/ooksyfoogl/files/,55,0,10,Trojan
140,http://ptewh.iptvdeals.com/foogloajuc/eeshedyfon/yvookrynso/files/,56,0,10,Trojan
927,http://ptool.barginginfrance.net/wadostomot/oophosagli/tipsosteen/files/,62,0,10,Trojan
640,http://ptuph.barginginfrance.net/ytooglesyw/evymoftoph/leewhigroo/files/,62,0,10,Trojan
764,http://ptush.iptvdeals.com/oapsoadoov/vooglebopo/oasoardexy/files/,56,0,10,Trojan
845,http://pulso.butlerelectricsupply.com/uthoachugr/uceerdyhap/ochadikist/files/,67,0,10,Trojan
868,http://purethc.com/,14,0,5,redirect
817,http://pwvita.pl,12,0,4,redirect
803,http://q28840.nb.host127-0-0-1.com/bins/int/tp_map16.int?fxp=5936289861f351e362768cf97e7b45e0648647f26c6d6750fb2298af91238cf9c815a461,50,67,16,Trojan
865,http://quotidiennokoue.com/,22,0,5,redirect
861,http://quotidiennokoue.com/?cat=5,25,1,7,redirect
106,http://quotidiennokoue.com/?p=558,23,3,7,redirect
78,http://rainbowcolours.me.uk/g17.exe,26,2,7,Trojan
156,http://rainbowcolours.me.uk/z14.exe,26,2,7,Trojan
141,http://rallyeair.com/111,16,3,5,Trojan
142,http://raneevahijab.id/adnin/box/workspace/,35,0,8,Phishing
143,http://rawoo.barginginfrance.net/deethevoaz/upsachoaju/poastycith/files/,62,0,10,Trojan
639,http://reclamus.com/9uj8n76b5.exe,22,5,6,Trojan
638,http://rentfromart.com/media/system/images/Java.exe,42,0,9,Trojan
743,http://revistaelite.com/?topic=bleach-244-english-sub,40,3,10,redirect
919,http://revistaelite.com/?topic=bleach-244-raw,33,3,9,redirect
829,http://roks.ua,10,0,4,redirect
904,http://romsigmed.ro,15,0,4,redirect
735,http://roorbong.com/,15,0,5,redirect
119,http://ruiyangcn.com,16,0,4,redirect
121,http://rumog.frost-electric-supply.com/ooxyphuxoa/oodrirolta/javyphepti/files/,66,0,12,Trojan
79,http://rupor.info,13,0,4,redirect
69,http://sadiqtv.com/111,14,3,5,Trojan
104,http://safety.amw.com/family/ask-john-walsh-how-can-i-tell-if-a-child-has-been-abused/,66,0,20,redirect
14,http://safety.amw.com/home/stop-domestic-violence-before-it-starts/,54,0,13,redirect
850,http://santacruzsuspension.com/?j=bleach-episode-245,40,3,9,redirect
8,http://sarahdaniella.com/swift/SWIFT%20$.pdf.ace,36,2,10,Trojan
742,http://sasson-cpa.co.il/Progetto.zip,28,0,8,Trojan
144,http://sasson-cpa.co.il/Progetto.zip?iWPpEOb,35,0,9,Trojan
145,http://seet10.jino.ru,14,2,5,Trojan
122,http://semengineers.com,19,0,4,redirect
929,http://seoholding.com/13/boardhost,26,2,6,Trojan
637,http://seoholding.com/13/overblog,25,2,6,Trojan
636,http://seoholding.com/13/overblog&usg=AFQjCNGS7Xe0yilVQ6lGj3Oroonf7-gfhg,56,7,9,Trojan
176,http://seonetwizard.com/in.cgi?3,24,1,7,Trojan
61,http://server1.extra-web.cz/dbm.exe,26,1,8,Trojan
182,http://sexyster.tk/lo/load.php?f=1&e=6,25,2,11,Trojan
179,http://sgs.us.com/sU3P6pqaWwkJ/,22,2,7,Trojan
181,http://shovi.frost-electric-supply.com/ychoomusha/uptejawhee/eegelengic/files/,66,0,12,Trojan
180,http://simpi.tourstogo.us/vodopsoopu/dumseessee/viphadeeph/files/,55,0,10,Trojan
242,http://ska.energia.cz/download/imer.up,30,0,8,Trojan
169,http://skgroup.kiev.ua,17,0,5,redirect
558,http://slightlyoffcenter.net,24,0,4,redirect
805,http://slimxxxtubesrs.dnset.com/2013/girl-fucked-by-dog.avi.exe,47,4,12,Trojan
823,http://smrcek.com,13,0,4,redirect
91,http://somethingnice.hc0.me/Miner/CPUMiner.files,39,1,8,Trojan
80,http://somnoy.com,13,0,4,redirect
4,http://spatsz.com,13,0,4,redirect
313,http://spekband.com,15,0,4,redirect
31,http://srslogisticts.com,20,0,4,redirect
217,http://ssl-6582datamanager.de/,20,4,6,redirect
67,http://stopmeagency.free.fr/9uj8n76b5.exe,29,5,7,Trojan
70,http://strangeduckfilms.com/222,23,3,5,Trojan
32,http://sunlux.net/company/about.html,29,0,7,redirect
62,http://sunny99.cholerik.cz/plugins/3yvPRqFJ.php,36,3,8,redirect
926,http://svetyivanrilski.com,22,0,4,redirect
903,http://tatschke.net/hbc.exe,21,0,6,Trojan
737,http://tavuks.com/_vti_bin/1und1.php/,25,2,10,Trojan
10,http://tecnocuer.com,16,0,4,redirect
235,http://tecslide.com/js/down/Sbin1/MS0ftAdapter.exe,39,2,9,Trojan
71,http://tendersource.com,19,0,4,redirect
758,http://testtralala.xorg.pl/s6i8yn,25,2,6,Trojan
505,http://textsex.tk/str/load.php?f=1&e=4,25,2,11,Trojan
81,http://textspeier.de,16,0,4,Phishing
410,http://thcextractor.com/,19,0,5,redirect
63,http://thcvaporizer.com/,19,0,5,redirect
788,http://thefxarchive.com/Downloads/WLMM/MMK_Warp_Variations.exe,52,0,10,Trojan
167,http://thewinesteward.com/css/Document1704.exe,35,4,7,Trojan
930,http://timothycopus.aimoo.com,24,0,5,Trojan
105,http://titon.info,13,0,4,redirect
103,http://tk-gregoric.si,16,0,5,redirect
479,http://tomalinoalambres.com.ar,25,0,5,redirect
794,http://tophostbg.net,16,0,4,redirect
12,http://traff1.com/in.cgi?5,17,2,7,Trojan
72,http://trafficgrowth.com/,20,0,5,redirect
82,http://TRIANGLESERVICESLTD.COM/25/144.exe,29,5,7,Trojan
83,http://troytempest.com/DHLDocument.zip,32,0,6,Trojan
73,http://troytempest.com/DHLDocument.zip,32,0,6,Trojan
64,http://tscl.com.bd/m/RI%20XIN%20QUOTATION%20LIST.zip,35,6,11,Trojan
102,http://tube8vidsbbr.dnset.com/2013/girl-fucked-by-dog.avi.exe,44,5,12,Trojan
797,http://tubemoviez.com,17,0,4,redirect
633,http://typeofmarijuana.com/,22,0,5,redirect
635,http://ubike.tourstogo.us/lussoaglee/raxadsunyx/oatchingoa/files/,55,0,10,Trojan
916,http://uchyz.cruisingsmallship.com/vootukigli/shacmiwhoa/zipevelrid/files/,64,0,10,Trojan
339,http://ukonline.hc0.me/Host.exe,23,1,7,Trojan
5,http://ukonline.hc0.me/new.exe,22,1,7,Trojan
101,http://ukugl.tourstogo.us/shudsoangu/whooglagoz/isestipsep/files/,55,0,10,Trojan
875,http://unalbilgisayar.com,21,0,4,redirect
807,http://up.mykings.pw:8888/update.txt,24,4,8,Trojan
216,http://updat120.clanteam.com/calc,24,3,6,Trojan
215,http://update.51edm.net/20090728/01.dll,19,12,8,Trojan
821,http://update.51edm.net/20090728/01.kdg,19,12,8,Trojan
58,http://uploads.tmweb.ru/sFAAd3uEW9.exe,29,2,7,Trojan
923,http://upsoj.iptvdeals.com/doaryruptu/uroassulah/foomosoglo/files/,56,0,10,Trojan
510,http://upswings.net/track.php?c005,24,3,7,redirect
87,http://uvidu.butlerelectricsupply.com/ephuhoawud/fodrejymta/pugnovesho/files/,67,0,10,Trojan
88,http://v.inigsplan.ru/lich/inc/v7675/?/,24,4,11,redirect
736,http://valouweeigenaren.nl/customers/billing/df367548-18.zip,43,8,9,Trojan
855,http://valouweeigenaren.nl/customers/cases/acc56-81-93.zip,42,6,10,Trojan
205,http://veevu.tourstogo.us/yxampoavoo/psopansoom/ithexoakib/files/,55,0,10,Trojan
832,http://veksi.barginginfrance.net/oassemsoci/psolsoapsi/netsoorgaw/files/,62,0,10,Trojan
237,http://vernoblisk.com,17,0,4,redirect
500,http://vette-porno.nl,16,0,5,redirect
501,http://videoflyover.com,19,0,4,redirect
851,http://villalecchi.com/images/min/b41.exe,31,2,8,Trojan
820,http://vistatech.us/gangplanks/trysted.exe,35,0,7,Trojan
113,http://vitha.csheaven.com/awygludoav/ooghooksek/puptywoamt/files/,55,0,10,Trojan
128,http://vivaweb.org,14,0,4,redirect
212,http://vkont.bos.ru,14,0,5,Trojan
634,http://vocational-training.us,24,0,5,redirect
508,http://vural-electronic.com,22,0,5,redirect
838,http://vvps.ws/44/mothersdarlingcross.php?,32,2,8,Trojan
74,http://w4988.nb.host127-0-0-1.com/bins/int/np_pkz.int?affid=NP_0104&fxp=85c26940bd074d9ebe8290842bca496331374b71c3b8806954f77f9,54,54,19,Trojan
177,http://w612.nb.host127-0-0-1.com/bins/int/kr3_znp.int?fxp=384bd820008ee37f030b3e65bca6e8a1a65beab33574f567a23b0a987ca83e6544e3e645,58,56,16,Trojan
75,http://warco.pl,11,0,4,redirect
114,http://wc0x83ghk.homepage.t-online.de/communed/ameba.js,42,3,10,redirect
171,http://web-olymp.ru,14,0,5,redirect
157,http://webordermanager.com,22,0,4,redirect
155,http://weboxmedia.by/track.php?c005,25,3,7,redirect
76,http://wetyt.tourstogo.us/shissashee/abekekurdi/oagrusteel/files/,55,0,10,Trojan
241,http://wfoto.front.ru/fotos.com,24,0,7,Trojan
65,http://whabi.csheaven.com/ehetsusywh/yglegrehee/jitypsewhy/files/,55,0,10,Trojan
211,http://whave.iptvdeals.com/panoowyxoz/oazicmitov/ptampordap/files/,56,0,10,Trojan
207,http://whitehorsetechnologies.net/images/clients/x/mail.php,50,0,9,Phishing
831,http://wmserver.net/sgcg/?page_id=5,25,1,9,redirect
90,http://womenslabour.org,19,0,4,redirect
825,http://wonchangvacuum.com.my/libraries/pear/mandate.htm,46,0,9,Phishing
858,http://worldgymperu.com,19,0,4,redirect
790,http://wp9.ru/,8,1,5,redirect
146,http://writingassociates.com/img/lks.exe,33,0,7,Trojan
84,http://wroclawski.com.pl,19,0,5,redirect
893,http://wt10.haote.com/jywgxrjzd.exe,26,2,7,Trojan
33,http://www.0uk.net/zaaqw/cs.exe,22,1,8,Trojan
147,http://www.0uk.net/zaaqw/Pony.exe,24,1,8,Trojan
632,http://www.acquisizionevideo.com/download-software-free.html/uploads/4/9/4/6/4946671/mp3mymp3install.exe,74,13,17,Trojan
85,http://www.angolotesti.it/J/testi_canzoni_jovanotti_168/testo_canzone_chissa_se_stai_dormendo_9566.html,78,7,18,redirect
759,http://www.blueimagen.com/Attachment/Invoice-List2013-10-20-Copy.jar,48,8,12,Trojan
214,http://www.cerquasas.it/wp-admin/user/UPS_INVOICE.rar,42,0,11,Trojan
213,http://www.cortesidesign.com/Avviso.zip,32,0,7,Trojan
557,http://www.cortesidesign.com/Avviso.zip,32,0,7,Trojan
154,http://www.daspar.net/components/.kkcpgr.php?action=ss00_323,43,5,12,Trojan
426,http://www.downloaddirect.com/software/vlc-player/2567,41,4,9,Trojan
901,http://www.drteachme.com/wp-content/plugins/theme-check/misc.php,52,0,12,Trojan
630,http://www.emrlogistics.com/fr/to2.exe,29,1,8,Trojan
631,http://www.fabioalbini.com/Invoice.zip,31,0,7,Trojan
229,http://www.feiyang163.com/soft/fySpeaker.exe,33,3,8,Trojan
173,http://www.fiduciariobajio.com.mx/plugins/content/hltv.exe,48,0,10,Trojan
887,http://www.flowtec.com.br/vcard/Informazioni.zip,39,0,9,Trojan
629,http://www.flowtec.com.br/vcard/Informazioni.zip,39,0,9,Trojan
524,http://www.gameangel.com/System/html/js/html.js,37,0,10,redirect
478,http://www.gmcjjh.org/DHL,19,0,6,Trojan
760,http://www.gold-city.it/image/_vti_cnf/app/psi.exe,37,0,13,Trojan
621,http://www.icybrand.eu/pathway/created/accelerated/mailuserlg/savealife/trwrwbejtw.zip,74,0,12,Phishing
622,http://www.icybrand.eu/pathway/created/accelerated/mailuserlg/savealife/trwrwbejtw/viewer.php,80,0,13,Phishing
170,http://www.jcmarcadolib.com/hbc/a.php,29,0,8,Phishing
22,http://www.lifelabs.vn/api/get.php?id=aW5mb0BzYXBjdXBncmFkZXMuY29t,52,4,10,Trojan
900,http://www.lostartofbeingadame.com/wp-content/plugins/www.fotosupload.php,62,0,11,Trojan
898,http://www.lyzgs.com/track.php?c005,24,3,8,redirect
899,http://www.mondoperaio.net/wp-content/plugins/cached_data/k1.exe,51,1,12,Trojan
911,http://www.motivacionyrelajacion.com/Z0H24k7E6A/,36,5,7,Trojan
920,http://www.notaverde.com/Invoice.zip,29,0,7,Trojan
427,http://www.offerent.com/tmp/5lro65.php?receipt_print=825_417011330,39,15,12,Trojan
206,http://www.ohiomm.com/?page=bleach-244-vosta,31,3,10,redirect
882,http://www.perupuntocom.com/claroideas.exe,35,0,7,Trojan
879,http://www.petpleasers.ca/templates/rhuk_milkyway/images/red/sll.exe,56,0,12,Trojan
525,http://www.pgathailand.com/which.exe,29,0,7,Trojan
225,http://www.proascolcolombia.com/portal/modules/mod_banners/Imprimir_IntimacaoCTI2015-03698541.rar?cli=Cliente&/yRpBKPujKU/nNqRc6QsuO.php,104,13,19,Trojan
117,http://www.proascolcolombia.com/portal/modules/mod_banners/Imprimir_IntimacaoCTI2015-03698541.rar?cli=Cliente&/yRpBKPujKU/nNqRc6QsuO.php,104,13,19,Trojan
200,http://www.professionalblackbook.com/,31,0,6,redirect
186,http://www.purplehorses.net/?page=bleach-244-online,38,3,10,redirect
914,http://www.realinnovation.com/css/menu.js,33,0,8,redirect
891,http://www.rempko.sk/kontakt.htm,25,0,7,redirect
892,http://www.rokus-tgy.hu/Pagamento.zip,29,0,8,Trojan
98,http://www.rokus-tgy.hu/Pagamento.zip?IdjJzMrNmz,39,0,9,Trojan
115,http://www.rooversadvocatuur.nl/rel.php,32,0,7,redirect
36,http://www.sankyo.gr.jp/Pagamento.zip,29,0,8,Trojan
125,http://www.sankyo.gr.jp/Pagamento.zip?mscfopoysckwdh,43,0,9,Trojan
620,http://www.sanseracingteam.com/wordpress/,34,0,7,redirect
619,http://www.sanseracingteam.com/wordpress/?p=128,35,3,9,redirect
236,http://www.scantanzania.com/bin/img/make.html,36,0,9,Phishing
617,http://www.seal-technicsag.ch/inddex.html,33,0,8,Trojan
616,http://www.seal-technicsag.ch/index.zip,31,0,8,Trojan
148,http://www.secondome.com/sora-margherita/,33,0,8,redirect
149,http://www.sitepalace.com/w0rmreaper/NoVaC.jpeg,38,1,8,Trojan
889,http://www.sj88.com/hezi/jm/s1000.exe,22,6,9,Trojan
540,http://www.slivki.com.ua/as/Ponynl.exe,29,0,9,Trojan
545,http://www.slivki.com.ua/as/smp.exe,26,0,9,Trojan
126,http://www.sonnoli.com/?page_id=5,23,1,9,redirect
123,http://www.stirparts.ru/,18,0,6,redirect
473,http://www.studiochiarelli.eu/02-2014/clients/order.3757.zip,39,10,11,Trojan
411,http://www.super8service.de/zf0yx,25,2,6,Trojan
412,http://www.tiergestuetzt.de/,22,0,6,redirect
150,http://www.toochattoo.com/fond-ecran-anime/chinois1.exe,44,1,10,Trojan
151,http://www.t-sb.net,13,0,6,redirect
513,http://www.tvnews.or.kr/web/main.gif,27,0,9,Trojan
789,http://www.tvnews.or.kr/web/menu.gif,27,0,9,Trojan
152,http://www.two-of-us.at/images/1.exe,25,1,10,Trojan
514,http://www.two-of-us.at/images/youtube/d/flashplayer.exe,44,0,12,Trojan
59,http://www.vvvic.com,15,0,5,redirect
511,http://www.whitesports.co.kr,22,0,6,redirect
512,http://www.wildsap.com/?kkk=bleach-episodes-244,34,3,10,redirect
203,http://www.wrestlingexposed.com/faq.php?t=bleach-244-english-sub,49,3,12,redirect
418,http://www.xiruz.kit.net/mola.jpg,25,0,8,Trojan
97,http://www.zctei.com/date/9377chiyue_Y_Cdcr1124.exe,33,8,10,Trojan
100,http://www12.0zz0.com/2012/05/06/00/464591666.gif,15,23,11,Trojan
116,http://www8.0zz0.com/2012/05/05/18/394995639.gif,15,22,11,Trojan
120,http://xamateurpornlic.www1.biz/latest/xxx-porn-movie.avi.exe,49,1,11,Trojan
89,http://xicaxique.com.br/catalog/view/theme/default/image/image102.jpg,54,3,12,Trojan
497,http://xoomer.alice.it/email02/bom.jpg,28,2,8,Trojan
185,http://xotsa.frenchgerlemanelectric.com/apsestooxo/iwheewhosh/keckalrees/files/,69,0,10,Trojan
184,http://xpornstarsckc.ddns.name/latest/xxx-porn-movie.avi.exe,49,0,11,Trojan
202,http://yougube.com,14,0,4,redirect
765,http://youtibe.com,14,0,4,redirect
86,http://youtuhe.com,14,0,4,redirect
819,http://yumekin.com/inde.php,21,0,6,Trojan
204,http://yumekin.com/inde.php?comercial@cohesp.com.br,41,0,10,Trojan
232,http://z32538.nb.host127-0-0-1.com/bins/int/np_pkz.int?affid=NP_0104&fxp=2ac11c971204a16811817c725e04d68a44f9d4987c472f66eb08d0,54,54,19,Trojan
234,http://zgsysz.com,13,0,4,redirect
233,http://zibup.csheaven.com/ypsoophoov/ptycmympub/teezukedoo/files/,55,0,10,Trojan
502,http://zjjlf.croukwexdbyerr.net/zyso.cgi?16,33,2,8,redirect
503,http://zkic.com,11,0,4,redirect
158,http://zous.szm.sk,13,0,5,redirect
34,http://zt.tim-taxi.com/login.php,24,0,8,Phishing
866,http://zyrdu.cruisingsmallship.com/vyglachaph/choawoatch/glocoaphoo/files/,64,0,10,Trojan
187,,,,,
15,,,,,
38,,,,,
906,,,,,
809,,,,,
