id,link,zimu_num,shuzi,zifu_num,iframe_num,location_num,eval_num,label
99,http://www.0koryu0.easter.ne.jp,19,2,6,4,0,0,redirect
560,http://www.4dexports.com/images/wav1.exe,27,2,7,-1,-1,-1,Trojan
615,http://www.6b8a953b2bf7788063d5-6e453f33ecbb90f11a62a5c376375af3.r71.cf5.rackcdn.com/Videos%20Player.mp4.exe,52,40,12,0,0,0,Trojan
127,http://www.a.update.51edm.net/20100223/01.kdg?md5=ab2676ca2190bc21abcba6e5f5b3b2a7,38,29,11,0,0,0,Trojan
53,http://www.achren.org,13,0,4,0,0,0,redirect
842,http://www.acool.csheaven.com/okoassetch/buweegnogr/ereedrimtu/files/,55,0,10,2,4,0,Trojan
96,http://www.adgallery.whitehousedrugpolicy.gov/members/Miley-Cyrus-Nude/default.aspx,68,0,11,-1,-1,-1,Trojan
504,http://www.ads.wikipartes.com/all/test.php,30,0,8,-1,-1,-1,redirect
499,http://www.aippnetworks.com/plugins/authentication/joomla/aviancataca/aviancatacafreeticket.php,81,0,10,-1,-1,-1,Trojan
175,http://www.alissonluis-musico.sites.uol.com.br/mar.jpg,40,0,10,0,1,0,Trojan
162,http://www.allxscan.tk/ddt/load.php?f=1&e=4,26,2,11,0,0,0,Trojan
547,http://www.ama-alliance.com/inddex.html,28,0,7,-1,-1,-1,Trojan
550,http://www.ama-alliance.com/index.zip,26,0,7,-1,-1,-1,Trojan
732,http://www.amazingvacationhotels.com/wp-content/themes/HotelWeb2/connect/mac.exe,64,1,11,2,0,0,Trojan
928,http://www.amazon-sicherheit.kunden-ueberpruefung.xyz,42,0,7,-1,-1,-1,Phishing
730,http://www.americancareconcept.com/modules/webstat/rechnungonline_telekom_rt/2014_05_rechnungonline_8290155236sign.zip,84,16,14,0,0,0,Trojan
731,http://www.americancareconcept.com/modules/webstat/rechnungonline_telekom_rt/2014_05_rechnungonline_8290155236sign.zip,84,16,14,0,0,0,Trojan
209,http://www.analxxxclipsyjh.dnset.com/latest/amateur_dog_sex_01.avi.exe,52,2,12,-1,-1,-1,Trojan
559,http://www.anshrit.com/images/m216.exe,24,3,7,-1,-1,-1,Trojan
55,http://www.antalya.ru/links/,18,0,6,-1,-1,-1,redirect
740,http://www.arkinsoftware.in/images/aveksynkens.exe,39,0,7,0,0,0,Trojan
739,http://www.arkinsoftware.in/images/inexsabit.exe,37,0,7,0,0,0,Trojan
738,http://www.arkinsoftware.in/images/nukotobne.exe,37,0,7,0,0,0,Trojan
917,http://www.art-archiv.ru/images/animated-number/docum-arhiv.exe,48,0,11,-1,-1,-1,Trojan
833,http://www.asham.tourstogo.us/oadirteeph/eeroaghyss/evoarsoshi/files/,55,0,10,-1,-1,-1,Trojan
54,http://www.associatesexports.com,24,0,4,-1,-1,-1,redirect
881,http://www.atlcourier.com/wp-content/plugins/cached_data/k1.exe,47,1,11,-1,-1,-1,Trojan
867,http://www.atyss.barginginfrance.net/aseerteert/ootoorezav/olaweersyb/files/,62,0,10,-1,-1,-1,Trojan
909,http://www.avokka.com/Panel/dl.exe,23,0,7,0,0,0,Trojan
910,http://www.avokka.com/Panel/gate.php,25,0,7,0,0,0,Trojan
750,http://www.axisbuild.com/111,16,3,5,0,0,0,Trojan
864,http://www.azoos.csheaven.com/eechoawoap/rissupsuns/bigleeptuf/files/,55,0,10,2,4,0,Trojan
131,http://www.bargainracks.co.uk/img/common/1x2.gif,33,2,9,-1,-1,-1,Trojan
509,http://www.batcoroadlinescorporation.com/concedes/diggers.exe,50,0,7,-1,-1,-1,Trojan
227,http://www.bbs.bjchun.com/report.htm,25,0,7,-1,-1,-1,redirect
77,http://www.bde.be,9,0,4,0,0,0,redirect
749,http://www.beautysafari.com/111,19,3,5,0,0,0,Trojan
741,http://www.beespace.com.ua/hook/hookkey.exe,31,0,8,0,0,0,Trojan
118,http://www.be-funk.com/?kkk=bleach-244-english-sub,32,3,11,0,0,0,redirect
172,http://www.beldiplomcom.75.com1.ru/loading.php?spl=mdac,38,3,10,-1,-1,-1,Trojan
19,http://www.bezproudoff.cz,17,0,4,0,0,0,redirect
413,http://www.bizzibeans.net/wp-admin/zope/,28,0,8,4,0,0,Trojan
414,http://www.bizzibeans.net/wp-admin/zope/adobe_flash.exe,41,0,10,4,0,0,Trojan
130,http://www.blacknite.eu/cracking/Pelite.EXE,32,0,7,0,0,0,Trojan
250,http://www.bluecutsystem.com/load3.exe,27,1,6,-1,-1,-1,Trojan
876,http://www.boogu.barginginfrance.net/peehejoaty/avugnemtee/hibygnoars/files/,62,0,10,-1,-1,-1,Trojan
549,http://www.boschetto-hotel.gr/inddex.html,30,0,7,0,0,0,Trojan
552,http://www.boschetto-hotel.gr/index.zip,28,0,7,0,0,0,Trojan
561,http://www.bracbetul.com/images/sh-pdf.exe,30,0,8,0,0,0,Trojan
428,http://www.bride1.com/File/www.fotosupload.com/fotosuploadcominfidelidadfotos2dediciembreparaquenoquedendudasc.zip,98,2,10,0,0,0,Trojan
52,http://www.buffalogoesout.com,21,0,4,-1,-1,-1,redirect
908,http://www.buildviet.info/servicer/fattura/,32,0,7,0,0,0,Trojan
92,http://www.callingcardsinstantly.com/webalizer/050709wareza/crack=17=keygen=serial.html,64,8,11,0,2,0,redirect
754,http://www.campamento.queenscamp.com/yuppie/staying,40,0,7,0,0,0,Trojan
110,http://www.cannabislyric.com/,20,0,5,0,0,0,redirect
109,http://www.cannabispicture.com/,22,0,5,0,0,0,redirect
726,http://www.centralwestwater.com.au/Conto.zip,33,0,7,0,0,0,Trojan
729,http://www.centralwestwater.com.au/Conto.zip?gZ5lXOdeRY7y,43,2,8,0,0,0,Trojan
725,http://www.centralwestwater.com.au/Dettagli_Fatture.zip,43,0,8,0,0,0,Trojan
728,http://www.centralwestwater.com.au/Dettagli_Fatture.zip?aladinodepaulis@uniadriatica.it,72,0,11,0,0,0,Trojan
724,http://www.centralwestwater.com.au/Estratto/Dati.zip,40,0,8,0,0,0,Trojan
727,http://www.centralwestwater.com.au/Estratto/Dati.zip,40,0,8,0,0,0,Trojan
20,http://www.ceskarepublika.net,21,0,4,0,1,0,redirect
753,http://www.chaveiro.bio.br/tmp/AcbtReader.exe,33,0,8,-1,-1,-1,Trojan
782,http://www.chsplantsales.co.uk/werwre56,27,2,6,-1,-1,-1,Trojan
723,http://www.classicspeedway.com/ff.exe,27,0,6,0,0,0,Trojan
761,http://www.cmicapui.ce.gov.br/components/com_phocadownload/helpers/modu.exe,59,0,12,-1,-1,-1,Trojan
813,http://www.coaha.frenchgerlemanelectric.com/atydymulra/psoaptylty/ywhopaptyl/files/,69,0,10,-1,-1,-1,Trojan
566,http://www.coalimpex.com/web/bg-02.jpg,24,2,8,0,0,0,Trojan
572,http://www.coalimpex.com/web/bo_02.php,24,2,8,0,0,0,Trojan
570,http://www.coalimpex.com/web/bo_03.php,24,2,8,0,0,0,Trojan
913,http://www.coffeol.com/fend/raw_server.exe,30,0,8,0,0,0,Trojan
56,http://www.conds.ru,11,0,4,0,0,0,redirect
721,http://www.cope.it/templates/webstat/finanzgruppe_volksbanken_ne/index,56,0,10,0,2,0,Trojan
16,http://www.cracks.vg/d1.php,16,1,6,0,0,0,redirect
799,http://www.creditbootcamp.com/25/144.exe,24,5,7,2,0,0,Trojan
720,http://www.csmail.iggcn.com/temp/service_mail/attachments/2014/03/11/2014031105343091111.zip,47,27,14,0,0,0,Trojan
722,http://www.csmail.iggcn.com/temp/service_mail/attachments/2014/03/11/2014031105343091111.zip,47,27,14,0,0,0,Trojan
783,http://www.cudacorp.com/shqgowox,23,0,5,-1,-1,-1,Trojan
228,http://www.customsboysint.com/1/25/human-head-wireframe,39,3,9,-1,-1,-1,redirect
464,http://www.d1.kuai8.com/setup/kuai8_zjy.exe,27,3,9,-1,-1,-1,Trojan
775,http://www.d32k27yvyi4kmv.cloudfront.net/installer/Installer.exe,47,5,8,-1,-1,-1,Trojan
93,http://www.dawnframing.com/webalizer/050709wareza/crack=17=keygen=serial.html,54,8,11,-1,-1,-1,redirect
467,http://www.ddd.gouwuke.cn/down/exejmman.exe,31,0,8,0,0,0,Trojan
719,http://www.decografix.com/wp-content/uploads/2014/03/b41.exe,37,8,11,0,0,0,Trojan
748,http://www.decota.es/111,12,3,5,0,0,0,Trojan
718,http://www.decrolyschool.be/backup/1_1_777.exe,28,5,9,0,0,0,Trojan
895,http://www.deleondeos.com/img/script.php?tup1.jpg,35,1,9,0,0,0,Trojan
715,http://www.demo.vertexinfo.in/conclusione/dettagli.zip,42,0,8,0,0,0,Trojan
612,http://www.dentairemalin.com/images/report934875438jdfg8i45jg_07242014.exe,42,20,8,0,0,0,Trojan
714,http://www.destre45.com/p/f.exe,18,2,7,-1,-1,-1,Trojan
713,http://www.destre45.com/p/svhost.exe,23,2,7,-1,-1,-1,Trojan
535,http://www.dianepiette.co.uk/inddex.html,29,0,7,0,0,0,Trojan
536,http://www.dianepiette.co.uk/index.zip,27,0,7,0,0,0,Trojan
791,http://www.dimarsbg.com/images/portfolio/vtutmcireturxeitritxirete/rcturtncuyretycrutycreu.exe,81,0,9,0,0,0,Trojan
40,http://www.dimsnetwork.com,18,0,4,-1,-1,-1,redirect
231,http://www.directxex.com/uploads/1005443056.cryptedserver.exe,39,10,8,0,0,0,Trojan
481,http://www.dl.microsword.net/softdown/filerubber.exe,40,0,8,-1,-1,-1,Trojan
482,http://www.dl.microsword.net/Softdown/VideoRecord.exe,41,0,8,-1,-1,-1,Trojan
872,http://www.dofeb.frenchgerlemanelectric.com/iglejimoar/upsudypooz/leepeegrah/files/,69,0,10,-1,-1,-1,Trojan
711,http://www.dougmlee.com/DHL,18,0,5,0,0,0,Trojan
712,http://www.dougmlee.com/DHL%20Document.zip,29,2,7,0,0,0,Trojan
468,http://www.down.feiyang163.com/soft/alexacha.exe,33,3,8,0,0,0,Trojan
469,http://www.down.feiyang163.com/soft/usblock.exe,32,3,8,0,0,0,Trojan
471,http://www.down.guangsu.cn/qdn/setup_qd262.exe,30,3,9,-1,-1,-1,Trojan
924,http://www.down.mykings.pw:8888/ver.txt,23,4,8,0,0,0,Trojan
465,http://www.down.unadnet.com.cn/soft/2Dmofang.exe,34,1,9,-1,-1,-1,Trojan
462,http://www.down2.feiyang163.com/soft/wavtomp3.exe,32,5,8,0,0,0,Trojan
483,http://www.download.56.com/lp/client/update.lua,32,2,9,-1,-1,-1,Trojan
475,http://www.download.grandcloud.cn/9291/15474/setup_2949-14598.exe,32,18,11,-1,-1,-1,Trojan
485,http://www.download.ttrili.com:98/Setup%5B57%5D-rl.exe,33,6,11,-1,-1,-1,Trojan
487,http://www.download.ttrili.com:98/setup%5B79%5D-rl.exe,33,6,11,-1,-1,-1,Trojan
488,http://www.download.ttrili.com:98/Setup[11]-rl.exe,31,4,11,-1,-1,-1,Trojan
178,http://www.download207.mediafire.com/2ezaemp68lyg/fe8lc6kqa1f06n1/Grand+Theft+Modification.zip,67,12,11,14,2,1,Trojan
422,http://www.downloads-whatsapp.com,24,0,5,1,2,0,Trojan
423,http://www.downloads-whatsapp.com/whatsapp-for-nokia.php,43,0,9,1,2,0,Trojan
124,http://www.downloads-whatsapp.com/whatsapp-for-samsung.php,45,0,9,1,2,0,Trojan
111,http://www.dp-medien.eu,14,0,5,0,0,0,redirect
835,http://www.dujur.barginginfrance.net/oampimsika/foowimupho/thampoperd/files/,62,0,10,-1,-1,-1,Trojan
531,http://www.e1r.net/download/ca.exe,22,1,7,0,0,0,Trojan
886,http://www.earthcontrolsys.com/abuse_report.php?issviews.com,47,0,9,0,0,0,Trojan
814,http://www.echoa.randbinternationaltravel.com/wheekresip/lesorgysoj/oasemteefu/files/,71,0,10,0,0,0,Trojan
808,http://www.eecky.butlerelectricsupply.com/oalseebypt/hidowodruf/phaptyrsoa/files/,67,0,10,-1,-1,-1,Trojan
802,http://www.eekro.cruisingsmallship.com/oaglotogoa/pusoathuth/okexithejo/files/,64,0,10,-1,-1,-1,Trojan
888,http://www.eeps.me/,10,0,5,-1,-1,-1,Phishing
848,http://www.eeroo.frost-electric-supply.com/phoagnonga/oshuzoathu/anunserogy/files/,66,0,12,-1,-1,-1,Trojan
852,http://www.eetho.cruisingsmallship.com/fustochoox/areltussen/hoogroxuga/files/,64,0,10,-1,-1,-1,Trojan
816,http://www.efugl.iptvdeals.com/avoamsyrga/ujecketird/fudsoonsep/files/,56,0,10,-1,-1,-1,Trojan
796,http://www.e-matelco.com/25/144.exe,18,5,8,-1,-1,-1,Trojan
804,http://www.emits.iptvdeals.com/pigneglogl/psoomporso/whulsynsee/files/,56,0,10,-1,-1,-1,Trojan
828,http://www.eroov.iptvdeals.com/wheedessyh/uptoowhooj/urognotchy/files/,56,0,10,-1,-1,-1,Trojan
839,http://www.esoad.frost-electric-supply.com/psutsoshup/phastupsim/tigrystolt/files/,66,0,12,-1,-1,-1,Trojan
1,http://www.espdesign.com.au,18,0,5,0,0,0,redirect
874,http://www.estoa.frost-electric-supply.com/ukoatiptyv/upseeboapo/ufekyckaft/files/,66,0,12,-1,-1,-1,Trojan
795,http://www.eternitymobiles.com/25/144.exe,25,5,7,0,2,0,Trojan
884,http://www.europe-academy.net/wp-admin/user/ap2.php,36,1,10,-1,-1,-1,Trojan
912,http://www.euro-vertrieb.com/hosteurope/KIS-Login.htm,40,0,9,0,0,0,Phishing
880,http://www.executivecoaching.co.il/IsKgVrtvQ/,34,0,7,-1,-1,-1,Trojan
776,http://www.extreembilisim.com/themes/blue/Cure.exe,38,0,8,0,0,0,Trojan
777,http://www.extreembilisim.com/themes/blue/panelServerCrypted.exe,52,0,8,0,0,0,Trojan
489,http://www.f.gj555.net/download/setups30035.exe,27,8,8,-1,-1,-1,Trojan
548,http://www.faiyazahmed.com/inddex.html,28,0,6,0,0,0,Trojan
551,http://www.faiyazahmed.com/index.zip,26,0,6,0,0,0,Trojan
921,http://www.falconsafe.com.sg/api/get.php?id=aW5mb0BzYXBjdXBncmFkZXMuY29t,54,4,10,0,0,0,Trojan
772,http://www.fbku.com/yeni/Porno-HD.exe,25,0,8,-1,-1,-1,Trojan
159,http://www.fgawegwr.chez.com/images/1273471091.exe,28,10,8,0,0,0,Trojan
496,http://www.files.dsnetwb.com/aTube_Catcher_5188_ATU3.exe,37,5,10,-1,-1,-1,Trojan
922,http://www.fo5.a1-downloader.org/g2v9s1.php?id=yourname@yourdomain.com,49,5,12,-1,-1,-1,Trojan
883,http://www.fondazioneciampi.org/nuovo/blogs/media/ap2.php,43,1,9,0,2,0,Trojan
480,http://www.formessengers.com/download.php?PN=MLP,36,0,8,0,0,0,Trojan
94,http://www.free-crochet-pattern.com/webalizer/050709wareza/crack=17=keygen=serial.html,61,8,13,0,2,0,redirect
230,http://www.freefblikes.phpnet.us,23,0,5,0,1,0,Trojan
161,http://www.freeserials.ws/sn/64850.html,23,5,7,-1,-1,-1,Trojan
755,http://www.ftp.flyfishusa.com/lords/vanishings,35,0,7,0,0,0,Trojan
521,http://www.funchill.com/Invoice.zip,25,0,6,0,0,0,Trojan
382,http://www.generalchemicalsupply.com/gLG.exe,34,0,6,0,0,0,Trojan
773,http://www.getdatanetukscan.info/sp32_64_10044639319006172375.exe,29,24,8,0,0,0,Trojan
774,http://www.getdatanetukscan.info/sp32_64_3491943367355003623.exe,29,23,8,0,0,0,Trojan
747,http://www.gogetgorgeous.com/111,20,3,5,-1,-1,-1,Trojan
894,http://www.gosciniec-paproc.pl/lib/excel/kamp.php,36,0,9,-1,-1,-1,Phishing
208,http://www.gravityexp.com/go.php?sid=12,25,2,8,-1,-1,-1,redirect
822,http://www.greev.randbinternationaltravel.com/sheptighut/groadratoa/omedryglol/files/,71,0,10,0,0,0,Trojan
693,http://www.grendizer.biz/fattura/fattura05032014.zip,33,8,7,-1,-1,-1,Trojan
683,http://www.grendizer.biz/statistiche/fattura05032014.zip,37,8,7,-1,-1,-1,Trojan
694,http://www.grendizer.biz/statistiche/fattura05032014.zip?qgbaprb3jqghxxof,52,9,8,-1,-1,-1,Trojan
684,http://www.gulf-industrial.com/images/2103USa.qta,33,4,8,0,0,0,Trojan
840,http://www.gurde.tourstogo.us/leefoohopt/ezussoadyz/utufegheer/files/,55,0,10,-1,-1,-1,Trojan
801,http://www.gurde.tourstogo.us/leefoohopt/ezussoadyz/utufegheer/files/GO49776M.vbs,61,5,11,-1,-1,-1,Trojan
239,http://www.guyscards.com/adobe/,21,0,6,0,0,0,Trojan
240,http://www.guyscards.com/adobe/update_flash_player.exe,41,0,9,0,0,0,Trojan
849,http://www.gyboo.cruisingsmallship.com/phyckyhert/oaltesteef/ptoneewhis/files/,64,0,10,-1,-1,-1,Trojan
811,http://www.gylra.cruisingsmallship.com/talsoohaha/icoagroapt/oglaheeglo/files/,64,0,10,-1,-1,-1,Trojan
538,http://www.h1666015.stratoserver.net/inddex.html,30,7,7,-1,-1,-1,Trojan
539,http://www.h1666015.stratoserver.net/inddex.html,30,7,7,-1,-1,-1,Trojan
543,http://www.h1666015.stratoserver.net/index.zip,28,7,7,-1,-1,-1,Trojan
544,http://www.h1666015.stratoserver.net/index.zip,28,7,7,-1,-1,-1,Trojan
800,http://www.hana-naveh.com/25/144.exe,19,5,8,0,0,0,Trojan
60,http://www.hanulsms.com,15,0,4,0,0,0,redirect
37,http://www.hardcorepornparty.com,24,0,4,-1,-1,-1,redirect
762,http://www.harshwhispers.com/img/dunptty.gif,33,0,7,0,0,0,Trojan
763,http://www.harshwhispers.com/img/wxynts.gif,32,0,7,0,0,0,Trojan
164,http://www.helesouurusa.cjb.com/land/?n=my_loli2&id=1,35,2,12,0,5,0,Trojan
163,http://www.helesouurusa.cjb.com/land/video.php?l=4:52&id=1&n=my_loli2&a=mike&path=./tmb/my_loli2/31.jpg&rat=./img/rating5.jpg&v=61545,81,14,34,0,5,0,Trojan
770,http://www.hexadl.line55.net/FLV_Media_Player.exe,34,2,9,-1,-1,-1,Trojan
771,http://www.hexadl.line55.net/FLV-HD.exe,25,2,8,-1,-1,-1,Trojan
682,http://www.hnskorea.co.kr/alberta/dingo.exe,31,0,8,0,0,0,Trojan
830,http://www.hoawy.frost-electric-supply.com/synestyfoo/oampansoam/fetuksessu/files/,66,0,12,-1,-1,-1,Trojan
681,http://www.hobbat.fvds.ru/DHL,19,0,6,-1,-1,-1,Trojan
680,http://www.hobbat.fvds.ru/DHL%20Document.zip,30,2,8,-1,-1,-1,Trojan
798,http://www.hobby-hangar.net/25/144.exe,21,5,8,-1,-1,-1,Trojan
779,http://www.hoerbird.net/galerie/w4f3f4.exe,28,3,7,0,0,0,Trojan
21,http://www.hotspot.cz,13,0,4,0,0,0,redirect
2,http://www.iamagameaddict.com,21,0,4,0,0,0,redirect
873,http://www.igagh.tourstogo.us/chogoajeep/uhozyngako/iphoasteer/files/,55,0,10,-1,-1,-1,Trojan
854,http://www.igoby.frost-electric-supply.com/eesefteeps/ookeestool/meefeleezu/files/,66,0,12,-1,-1,-1,Trojan
869,http://www.igroo.barginginfrance.net/ogroatashy/osynoonsax/ydumtixivy/files/,62,0,10,-1,-1,-1,Trojan
556,http://www.images.topguncustomz.com/inddex.html,36,0,7,0,0,0,Trojan
554,http://www.images.topguncustomz.com/index.zip,34,0,7,0,0,0,Trojan
57,http://www.img001.com/business/qiji.exe,25,3,7,0,0,0,Trojan
890,http://www.inclusivediversity.co.uk/wp-content/upgrade/,42,0,9,0,0,0,redirect
678,http://www.innatek.com/ListinoPrezzi.zip,30,0,6,0,0,0,Trojan
679,http://www.innatek.com/ListinoPrezzi.zip?SEmfjmWrPDXEz,43,0,7,0,0,0,Trojan
6,http://www.ipl.hk,9,0,4,0,0,0,redirect
806,http://www.iptoo.cruisingsmallship.com/cocmeepsee/nikagnypsi/hoaboogrol/files/,64,0,10,-1,-1,-1,Trojan
837,http://www.ithyk.frenchgerlemanelectric.com/cywhamsoaj/thamtampee/oodsardoon/files/,69,0,10,-1,-1,-1,Trojan
824,http://www.iwhab.randbinternationaltravel.com/etuwotsols/phydretack/psyveshool/files/,71,0,10,0,0,0,Trojan
810,http://www.ixoox.csheaven.com/ytoocmefta/ythyreejyk/eeshoomoar/files/,55,0,10,2,4,0,Trojan
766,http://www.iybasketball.info/wp-content/themes/twentytwelve/lo.exe,52,0,10,0,0,0,Trojan
902,http://www.izzy-cars.nl/9uj8n76b5.exe,21,5,7,0,0,0,Trojan
784,http://www.jdfabrication.com/ihfipiex,28,0,5,0,0,0,Trojan
915,http://www.jessisjewels.com/disk/update/postmaster/en/?ar=yourname@yourdomain.com,64,0,13,0,0,0,Phishing
780,http://www.josip-stadler.org/11,19,2,6,0,0,0,Trojan
95,http://www.js.tongji.linezing.com/1189582/tongji.js,31,7,9,-1,-1,-1,redirect
112,http://www.juedische-kammerphilharmonie.de,33,0,5,0,0,0,redirect
17,http://www.juicypussyclips.com,22,0,4,0,0,0,redirect
474,http://www.k.h.a.d.free.fr/pub/utils/oepv.exe,29,0,12,0,0,0,Trojan
733,http://www.kadirzerey.com/wp-content/themes/genegri/file.ecr,46,0,10,0,0,0,Trojan
3,http://www.kalantzis.net,16,0,4,0,0,0,redirect
248,http://www.kapcotool.com/adobe/update_flash_player.exe,41,0,9,0,0,0,Trojan
836,http://www.keemy.butlerelectricsupply.com/zyrsoltoah/duftuxoxyz/epheenyzug/files/,67,0,10,-1,-1,-1,Trojan
918,http://www.kingskillz.ru/~kingskil/Prince/Man/lucy/mine/shit.exe,48,0,12,-1,-1,-1,Trojan
847,http://www.kulro.csheaven.com/dersyphalr/kyjorsoalt/rywoarsoaz/files/,55,0,10,2,4,0,Trojan
859,http://www.kyrsu.frost-electric-supply.com/wowoathept/grishamesa/weemoseevo/files/,66,0,12,-1,-1,-1,Trojan
746,http://www.lefos.net/111,12,3,5,-1,-1,-1,Trojan
905,http://www.lhs-mhs.org/9uj8n76b5.exe,20,5,7,-1,-1,-1,Trojan
781,http://www.loft2126.dedicatedpanel.com/b.exe,29,4,7,0,0,0,Trojan
751,http://www.luckyblank.info,18,0,4,0,1,0,redirect
767,http://www.luckyclean.info,18,0,4,0,1,0,redirect
768,http://www.luckyclear.info,18,0,4,0,1,0,redirect
769,http://www.luckyeffect.info,19,0,4,0,1,0,redirect
752,http://www.luckyhalo.info,17,0,4,0,1,0,redirect
41,http://www.luckypure.info,17,0,4,0,1,0,redirect
42,http://www.luckyshine.info,18,0,4,0,1,0,redirect
43,http://www.luckysuccess.info,20,0,4,0,1,0,redirect
44,http://www.luckysure.info,17,0,4,0,1,0,redirect
45,http://www.luckytidy.info,17,0,4,0,1,0,redirect
46,http://www.luggagecast.com/adobe/update_flash_player.exe,43,0,9,-1,-1,-1,Trojan
47,http://www.luggagepreview.com/adobe/update_flash_player.exe,46,0,9,-1,-1,-1,Trojan
48,http://www.luggage-tv.com/adobe/update_flash_player.exe,41,0,10,-1,-1,-1,Trojan
49,http://www.lunaticjazz.com,18,0,4,0,0,0,Trojan
50,http://www.luwyou.com/photos.php,22,0,6,-1,-1,-1,Trojan
247,http://www.mahindrainsurance.com/download_doc/risposta.zip,46,0,8,0,0,0,Trojan
246,http://www.mailboto.com/landing/themes/bluemarine/corso/index.htm,51,0,10,0,0,0,Phishing
245,http://www.manoske.com/main.php?label=TJaxqKIV0+wlz0MJN5SxypUhWaVDQDqE4PwfdxjPls0=,63,5,10,0,0,0,Trojan
885,http://www.marialorena.com.br/wp-content/plugins/hello123/8888ytc6r.exe,48,8,11,-1,-1,-1,Trojan
165,http://www.mathenea.com/css/report934875438jdfg8i45jg_07242014.exe,34,20,8,0,0,0,Trojan
653,http://www.mbrdot.tk/123/load.php?f=1&e=6,21,5,11,0,0,0,Trojan
238,http://www.mediatrade.h19.ru/Our,20,2,6,0,0,0,Trojan
243,http://www.merrymilkfoods.com/wp-content/uploads/2014/01/wav.exe,43,6,11,-1,-1,-1,Trojan
907,http://www.mgfd1b.petrix.net/5i9fh30/counter.php?fid=2,34,6,10,0,0,0,redirect
613,http://www.ministerio-publi.info/web/bg-02.jpg,31,2,9,0,0,0,Trojan
168,http://www.ministerio-publi.info/web/bo_01.php,31,2,9,0,0,0,Trojan
644,http://www.ministerio-publi.info/web/bo_02.php,31,2,9,0,0,0,Trojan
562,http://www.ministerio-publi.info/web/bo_03.php,31,2,9,0,0,0,Trojan
532,http://www.mirandolasrl.it/inddex.html,28,0,6,0,0,0,Trojan
590,http://www.mirandolasrl.it/index.zip,26,0,6,0,0,0,Trojan
596,http://www.mmile.com/images/bl.exe,23,0,7,-1,-1,-1,Trojan
597,http://www.mmile.com/images/rhcs05.exe,25,2,7,0,0,0,Trojan
595,http://www.mocka.frost-electric-supply.com/zarseehetu/igaksuxals/kyroalopsa/files/,66,0,12,-1,-1,-1,Trojan
533,http://www.montezuma.spb.ru/key/72548.htm,24,5,8,0,0,0,Trojan
534,http://www.ms11.net/%7Ecarmine/DHL%20Document.zip,31,5,9,0,0,0,Trojan
249,http://www.mueller-holz-bau.com/v28nyn27,25,4,7,0,0,0,Trojan
244,http://www.murbil.hostei.com/wp-content/themes/Mizzo/file.ecr,46,0,11,2,1,0,Trojan
860,http://www.nadegda-95.ru,13,2,5,0,0,0,redirect
160,http://www.nailbytes1.com/test/86lkL2Xpxa.exe,30,4,7,-1,-1,-1,Trojan
643,http://www.namso.butlerelectricsupply.com/yfuksajozi/phidampoas/ufykampoap/files/,67,0,10,-1,-1,-1,Trojan
785,http://www.nbook.far.ru/111,14,3,6,0,0,0,Trojan
734,http://www.nc2199.eden5.netclusive.de/Invoice.zip,32,5,8,-1,-1,-1,Trojan
68,http://www.nctbonline.co.uk/InvoiceCopy.scr,32,0,7,-1,-1,-1,Trojan
778,http://www.nefib.tourstogo.us/shoampakre/igoawootsi/greengeeku/files/,55,0,10,-1,-1,-1,Trojan
827,http://www.nerez-schodiste-zabradli.com,29,0,6,0,1,0,redirect
744,http://www.nlconsulateorlandoorg.siteprotect.net/inddex.html,49,0,7,-1,-1,-1,Trojan
522,http://www.nlconsulateorlandoorg.siteprotect.net/index.zip,47,0,7,-1,-1,-1,Trojan
642,http://www.nobodyspeakstruth.narod.ru/upload/main.exe,41,0,8,0,2,0,Trojan
862,http://www.nonsi.csheaven.com/udoartorsa/oathampoat/uzostecmew/files/,55,0,10,2,4,0,Trojan
23,http://www.noobgirls.com/pussy.exe,24,0,6,0,0,0,Trojan
555,http://www.noobgirls.com/pussy.php,24,0,6,0,0,0,Trojan
553,http://www.nordiccountry.cz,19,0,4,0,0,1,redirect
183,http://www.notebookservisru.161.com1.ru/PayInfo.zip,35,4,8,-1,-1,-1,Trojan
826,http://www.noveslovo.com,16,0,4,0,2,0,redirect
507,http://www.nowina.info,14,0,4,0,1,0,redirect
506,http://www.ns1.the-sinner.net/modules/webstat/vodafone_service_d2,48,2,11,0,0,0,Trojan
24,http://www.ns2ns1.tk/test/load.php?f=1&e=2,23,4,11,0,0,0,Trojan
523,http://www.nudebeachgalleries.net,25,0,4,-1,-1,-1,redirect
39,http://www.nugly.barginginfrance.net/oogamtoafo/eestathici/athiphisik/files/,62,0,10,-1,-1,-1,Trojan
25,http://www.nuptialimages.com,20,0,4,-1,-1,-1,redirect
641,http://www.oakso.tourstogo.us/pheekseeku/kirystobul/exeedsoots/files/,55,0,10,-1,-1,-1,Trojan
166,http://www.oampa.csheaven.com/ovoamegloa/ishoodooho/whetcheeng/files/,55,0,10,2,4,0,Trojan
51,http://www.oapsa.tourstogo.us/looreeneps/yshoobeeje/syshyshogo/files/,55,0,10,-1,-1,-1,Trojan
878,http://www.oawoo.frenchgerlemanelectric.com/utyfatheex/nurirsoaja/rojingaroo/files/,69,0,10,-1,-1,-1,Trojan
18,http://www.obada-konstruktiwa.org,24,0,5,0,0,0,redirect
834,http://www.obkom.net.ua/bancodes/rotator.php?place=indexfoot,46,0,10,0,0,0,redirect
841,http://www.ocick.frost-electric-supply.com/nasaghytho/whofydroon/glotchypiv/files/,66,0,12,-1,-1,-1,Trojan
863,http://www.ocpersian.com,16,0,4,0,3,0,Trojan
857,http://www.officeon.ch.ma/office.js?google_ad_format=728x90_as,41,5,12,0,0,0,redirect
26,http://www.oknarai.ru,13,0,4,0,1,0,redirect
129,http://www.onrio.com.br/site/Pdf/,21,0,8,0,0,0,Trojan
818,http://www.oofuv.cruisingsmallship.com/oozughoars/psoakraghi/oawygroors/files/,64,0,10,-1,-1,-1,Trojan
563,http://www.oojee.barginginfrance.net/poovajywhi/ooghovelee/madroompob/files/,62,0,10,-1,-1,-1,Trojan
9,http://www.ooksu.frost-electric-supply.com/sebossoode/itylseehyh/grykrostad/files/,66,0,12,-1,-1,-1,Trojan
35,http://www.oolsi.frost-electric-supply.com/eerutsuleh/oamteejigl/shogrodroo/files/,66,0,12,-1,-1,-1,Trojan
518,http://www.oosee.barginginfrance.net/buksyngems/boofoostiw/orignujonu/files/,62,0,10,-1,-1,-1,Trojan
870,http://www.oowhe.frost-electric-supply.com/ejisoozach/esisseeloo/oajilitsof/files/,66,0,12,-1,-1,-1,Trojan
853,http://www.oprahsearch.com/scripts/net19.exe,31,2,7,-1,-1,-1,Trojan
815,http://www.optimization-methods.com/Bilder/calc.exe,39,0,8,0,0,0,Trojan
846,http://www.orbowlada.strefa.pl/text396.htm,28,3,7,14,41,0,redirect
856,http://www.orkut.krovatka.su/imagem-542454.jpg,28,6,8,-1,-1,-1,Trojan
877,http://www.oshoa.iptvdeals.com/whoagrofta/shaphygyft/oomtyrtogl/files/,56,0,10,-1,-1,-1,Trojan
66,http://www.oshoo.iptvdeals.com/oachudydri/theshasicm/chyshyngee/files/,56,0,10,-1,-1,-1,Trojan
756,http://www.otylkaaotesanek.cz,21,0,4,0,0,0,redirect
13,http://www.outporn.com,14,0,4,0,0,0,redirect
174,http://www.paraskov.com/err.exe,21,0,6,0,0,0,Trojan
844,http://www.pb-webdesign.net,18,0,5,0,0,0,redirect
812,http://www.pension-helene.cz,19,0,5,0,0,0,redirect
27,http://www.perfectionautorepairs.com/jkcokunrh,37,0,5,-1,-1,-1,Trojan
11,http://www.pgalvaoteles.pt/111,18,3,5,0,0,0,Trojan
757,http://www.pharmadeal.gr/nfqnaanl,24,0,5,0,0,0,Trojan
28,http://www.phoaz.cruisingsmallship.com/thymuksate/ysigorguru/stogroaryf/files/,64,0,10,-1,-1,-1,Trojan
29,http://www.photoscape.ch/Setup.exe,24,0,6,0,0,0,Trojan
786,http://www.pic.starsarabian.com/,22,0,6,2,4,0,redirect
745,http://www.pigra.csheaven.com/eveebichoa/xygyrtoolt/ooholtoaka/files/,55,0,10,2,4,0,Trojan
787,http://www.plantaardigebrandstof.nl/inddex.html,37,0,6,-1,-1,-1,Trojan
843,http://www.plantaardigebrandstof.nl/index.zip,35,0,6,-1,-1,-1,Trojan
931,http://www.podzemi.myotis.info,21,0,5,0,0,0,redirect
153,http://www.pokachi.net/,14,0,5,0,1,0,redirect
871,http://www.port.bg/wfgv.html?php=receipt,28,0,8,2,3,0,redirect
541,http://www.portablevaporizer.com/,24,0,5,0,0,0,redirect
546,http://www.portalfiremasters.com.br/Fatura.Pdf.rar,38,0,8,-1,-1,-1,Trojan
30,http://www.pos-kupang.com/,16,0,6,23,6,1,redirect
132,http://www.potvaporizer.com/,19,0,5,0,0,0,redirect
210,http://www.pride-u-bike.com/2006/09/30/akkymtlator/,28,8,11,0,0,0,redirect
108,http://www.pride-u-bike.com/2007/06/23/s-tolkacha/,26,8,12,0,0,0,redirect
520,http://www.pride-u-bike.com/2007/07/30/doroga-smerti/,29,8,12,0,0,0,redirect
7,http://www.pride-u-bike.com/byzapimoto/,27,0,8,2,0,0,redirect
107,http://www.pride-u-bike.com/motorcycle/suzuki-motorcycle/,43,0,10,0,0,0,redirect
133,http://www.pride-u-bike.com/motorcycle/vozdeniye-motorcycle/,46,0,10,0,0,0,redirect
134,http://www.pride-u-bike.com/sell/honda-steed-400-1996/,31,7,12,0,0,0,redirect
135,http://www.pride-u-bike.com/sell/honda-vfr400r-nc30/,32,5,11,0,0,0,redirect
136,http://www.privatkunden.datapipe9271.com/,27,4,6,0,0,0,Phishing
137,http://www.progettocrea.org/wp-content/themes/telekom/telekom_deutschland_gmbh,63,0,11,0,0,0,Trojan
138,http://www.prorodeosportmed.com/templates/atomic/html/mod_custom/default.xx,60,0,11,0,0,0,Trojan
139,http://www.psooz.tourstogo.us/joacumupty/yduhoalrow/ooksyfoogl/files/,55,0,10,-1,-1,-1,Trojan
140,http://www.ptewh.iptvdeals.com/foogloajuc/eeshedyfon/yvookrynso/files/,56,0,10,-1,-1,-1,Trojan
927,http://www.ptool.barginginfrance.net/wadostomot/oophosagli/tipsosteen/files/,62,0,10,-1,-1,-1,Trojan
640,http://www.ptuph.barginginfrance.net/ytooglesyw/evymoftoph/leewhigroo/files/,62,0,10,-1,-1,-1,Trojan
764,http://www.ptush.iptvdeals.com/oapsoadoov/vooglebopo/oasoardexy/files/,56,0,10,-1,-1,-1,Trojan
845,http://www.pulso.butlerelectricsupply.com/uthoachugr/uceerdyhap/ochadikist/files/,67,0,10,-1,-1,-1,Trojan
868,http://www.purethc.com/,14,0,5,0,0,0,redirect
817,http://www.pwvita.pl,12,0,4,0,0,0,redirect
803,http://www.q28840.nb.host127-0-0-1.com/bins/int/tp_map16.int?fxp=5936289861f351e362768cf97e7b45e0648647f26c6d6750fb2298af91238cf9c815a461,50,67,16,-1,-1,-1,Trojan
865,http://www.quotidiennokoue.com/,22,0,5,0,0,0,redirect
861,http://www.quotidiennokoue.com/?cat=5,25,1,7,0,0,0,redirect
106,http://www.quotidiennokoue.com/?p=558,23,3,7,0,0,0,redirect
78,http://www.rainbowcolours.me.uk/g17.exe,26,2,7,-1,-1,-1,Trojan
156,http://www.rainbowcolours.me.uk/z14.exe,26,2,7,-1,-1,-1,Trojan
141,http://www.rallyeair.com/111,16,3,5,0,0,0,Trojan
142,http://www.raneevahijab.id/adnin/box/workspace/,35,0,8,-1,-1,-1,Phishing
143,http://www.rawoo.barginginfrance.net/deethevoaz/upsachoaju/poastycith/files/,62,0,10,-1,-1,-1,Trojan
639,http://www.reclamus.com/9uj8n76b5.exe,22,5,6,0,0,0,Trojan
638,http://www.rentfromart.com/media/system/images/Java.exe,42,0,9,0,0,0,Trojan
743,http://www.revistaelite.com/?topic=bleach-244-english-sub,40,3,10,2,3,0,redirect
919,http://www.revistaelite.com/?topic=bleach-244-raw,33,3,9,2,3,0,redirect
829,http://www.roks.ua,10,0,4,0,0,0,redirect
904,http://www.romsigmed.ro,15,0,4,-1,-1,-1,redirect
735,http://www.roorbong.com/,15,0,5,0,0,0,redirect
119,http://www.ruiyangcn.com,16,0,4,-1,-1,-1,redirect
121,http://www.rumog.frost-electric-supply.com/ooxyphuxoa/oodrirolta/javyphepti/files/,66,0,12,-1,-1,-1,Trojan
79,http://www.rupor.info,13,0,4,0,3,3,redirect
69,http://www.sadiqtv.com/111,14,3,5,-1,-1,-1,Trojan
104,http://www.safety.amw.com/family/ask-john-walsh-how-can-i-tell-if-a-child-has-been-abused/,66,0,20,-1,-1,-1,redirect
14,http://www.safety.amw.com/home/stop-domestic-violence-before-it-starts/,54,0,13,-1,-1,-1,redirect
850,http://www.santacruzsuspension.com/?j=bleach-episode-245,40,3,9,0,0,0,redirect
8,http://www.sarahdaniella.com/swift/SWIFT%20$.pdf.ace,36,2,10,0,2,0,Trojan
742,http://www.sasson-cpa.co.il/Progetto.zip,28,0,8,-1,-1,-1,Trojan
144,http://www.sasson-cpa.co.il/Progetto.zip?iWPpEOb,35,0,9,-1,-1,-1,Trojan
145,http://www.seet10.jino.ru,14,2,5,0,0,0,Trojan
122,http://www.semengineers.com,19,0,4,0,0,0,redirect
929,http://www.seoholding.com/13/boardhost,26,2,6,0,0,0,Trojan
637,http://www.seoholding.com/13/overblog,25,2,6,0,0,0,Trojan
636,http://www.seoholding.com/13/overblog&usg=AFQjCNGS7Xe0yilVQ6lGj3Oroonf7-gfhg,56,7,9,0,0,0,Trojan
176,http://www.seonetwizard.com/in.cgi?3,24,1,7,0,0,0,Trojan
61,http://www.server1.extra-web.cz/dbm.exe,26,1,8,0,0,0,Trojan
182,http://www.sexyster.tk/lo/load.php?f=1&e=6,25,2,11,0,0,0,Trojan
179,http://www.sgs.us.com/sU3P6pqaWwkJ/,22,2,7,4,1,0,Trojan
181,http://www.shovi.frost-electric-supply.com/ychoomusha/uptejawhee/eegelengic/files/,66,0,12,-1,-1,-1,Trojan
180,http://www.simpi.tourstogo.us/vodopsoopu/dumseessee/viphadeeph/files/,55,0,10,-1,-1,-1,Trojan
242,http://www.ska.energia.cz/download/imer.up,30,0,8,-1,-1,-1,Trojan
169,http://www.skgroup.kiev.ua,17,0,5,-1,-1,-1,redirect
558,http://www.slightlyoffcenter.net,24,0,4,0,0,0,redirect
805,http://www.slimxxxtubesrs.dnset.com/2013/girl-fucked-by-dog.avi.exe,47,4,12,-1,-1,-1,Trojan
823,http://www.smrcek.com,13,0,4,0,0,0,redirect
91,http://www.somethingnice.hc0.me/Miner/CPUMiner.files,39,1,8,0,0,0,Trojan
80,http://www.somnoy.com,13,0,4,0,0,0,redirect
4,http://www.spatsz.com,13,0,4,0,0,0,redirect
313,http://www.spekband.com,15,0,4,0,0,0,redirect
31,http://www.srslogisticts.com,20,0,4,-1,-1,-1,redirect
217,http://www.ssl-6582datamanager.de/,20,4,6,-1,-1,-1,redirect
67,http://www.stopmeagency.free.fr/9uj8n76b5.exe,29,5,7,0,0,0,Trojan
70,http://www.strangeduckfilms.com/222,23,3,5,-1,-1,-1,Trojan
32,http://www.sunlux.net/company/about.html,29,0,7,0,2,0,redirect
62,http://www.sunny99.cholerik.cz/plugins/3yvPRqFJ.php,36,3,8,0,0,0,redirect
926,http://www.svetyivanrilski.com,22,0,4,0,0,0,redirect
903,http://www.tatschke.net/hbc.exe,21,0,6,-1,-1,-1,Trojan
737,http://www.tavuks.com/_vti_bin/1und1.php/,25,2,10,0,0,0,Trojan
10,http://www.tecnocuer.com,16,0,4,-1,-1,-1,redirect
235,http://www.tecslide.com/js/down/Sbin1/MS0ftAdapter.exe,39,2,9,0,0,0,Trojan
71,http://www.tendersource.com,19,0,4,2,4,0,redirect
758,http://www.testtralala.xorg.pl/s6i8yn,25,2,6,-1,-1,-1,Trojan
505,http://www.textsex.tk/str/load.php?f=1&e=4,25,2,11,0,0,0,Trojan
81,http://www.textspeier.de,16,0,4,0,0,0,Phishing
410,http://www.thcextractor.com/,19,0,5,0,0,0,redirect
63,http://www.thcvaporizer.com/,19,0,5,0,0,0,redirect
788,http://www.thefxarchive.com/Downloads/WLMM/MMK_Warp_Variations.exe,52,0,10,-1,-1,-1,Trojan
167,http://www.thewinesteward.com/css/Document1704.exe,35,4,7,3,5,0,Trojan
930,http://www.timothycopus.aimoo.com,24,0,5,0,0,0,Trojan
105,http://www.titon.info,13,0,4,-1,-1,-1,redirect
103,http://www.tk-gregoric.si,16,0,5,0,0,0,redirect
479,http://www.tomalinoalambres.com.ar,25,0,5,2,0,0,redirect
794,http://www.tophostbg.net,16,0,4,0,0,0,redirect
12,http://www.traff1.com/in.cgi?5,17,2,7,0,0,0,Trojan
72,http://www.trafficgrowth.com/,20,0,5,0,0,0,redirect
82,http://www.TRIANGLESERVICESLTD.COM/25/144.exe,29,5,7,0,0,0,Trojan
83,http://www.troytempest.com/DHLDocument.zip,32,0,6,0,0,0,Trojan
73,http://www.troytempest.com/DHLDocument.zip,32,0,6,0,0,0,Trojan
64,http://www.tscl.com.bd/m/RI%20XIN%20QUOTATION%20LIST.zip,35,6,11,0,0,0,Trojan
102,http://www.tube8vidsbbr.dnset.com/2013/girl-fucked-by-dog.avi.exe,44,5,12,-1,-1,-1,Trojan
797,http://www.tubemoviez.com,17,0,4,0,0,0,redirect
633,http://www.typeofmarijuana.com/,22,0,5,0,0,0,redirect
635,http://www.ubike.tourstogo.us/lussoaglee/raxadsunyx/oatchingoa/files/,55,0,10,-1,-1,-1,Trojan
916,http://www.uchyz.cruisingsmallship.com/vootukigli/shacmiwhoa/zipevelrid/files/,64,0,10,-1,-1,-1,Trojan
339,http://www.ukonline.hc0.me/Host.exe,23,1,7,0,0,0,Trojan
5,http://www.ukonline.hc0.me/new.exe,22,1,7,0,0,0,Trojan
101,http://www.ukugl.tourstogo.us/shudsoangu/whooglagoz/isestipsep/files/,55,0,10,-1,-1,-1,Trojan
875,http://www.unalbilgisayar.com,21,0,4,0,0,0,redirect
807,http://www.up.mykings.pw:8888/update.txt,24,4,8,0,0,0,Trojan
216,http://www.updat120.clanteam.com/calc,24,3,6,0,0,0,Trojan
215,http://www.update.51edm.net/20090728/01.dll,19,12,8,0,0,0,Trojan
821,http://www.update.51edm.net/20090728/01.kdg,19,12,8,0,0,0,Trojan
58,http://www.uploads.tmweb.ru/sFAAd3uEW9.exe,29,2,7,2,0,0,Trojan
923,http://www.upsoj.iptvdeals.com/doaryruptu/uroassulah/foomosoglo/files/,56,0,10,-1,-1,-1,Trojan
510,http://www.upswings.net/track.php?c005,24,3,7,0,0,0,redirect
87,http://www.uvidu.butlerelectricsupply.com/ephuhoawud/fodrejymta/pugnovesho/files/,67,0,10,-1,-1,-1,Trojan
88,http://www.v.inigsplan.ru/lich/inc/v7675/?/,24,4,11,-1,-1,-1,redirect
736,http://www.valouweeigenaren.nl/customers/billing/df367548-18.zip,43,8,9,-1,-1,-1,Trojan
855,http://www.valouweeigenaren.nl/customers/cases/acc56-81-93.zip,42,6,10,-1,-1,-1,Trojan
205,http://www.veevu.tourstogo.us/yxampoavoo/psopansoom/ithexoakib/files/,55,0,10,-1,-1,-1,Trojan
832,http://www.veksi.barginginfrance.net/oassemsoci/psolsoapsi/netsoorgaw/files/,62,0,10,-1,-1,-1,Trojan
237,http://www.vernoblisk.com,17,0,4,0,0,0,redirect
500,http://www.vette-porno.nl,16,0,5,0,0,0,redirect
501,http://www.videoflyover.com,19,0,4,0,0,0,redirect
851,http://www.villalecchi.com/images/min/b41.exe,31,2,8,0,0,0,Trojan
820,http://www.vistatech.us/gangplanks/trysted.exe,35,0,7,0,0,0,Trojan
113,http://www.vitha.csheaven.com/awygludoav/ooghooksek/puptywoamt/files/,55,0,10,2,4,0,Trojan
128,http://www.vivaweb.org,14,0,4,0,0,0,redirect
212,http://www.vkont.bos.ru,14,0,5,0,2,0,Trojan
634,http://www.vocational-training.us,24,0,5,0,0,0,redirect
508,http://www.vural-electronic.com,22,0,5,0,0,0,redirect
838,http://www.vvps.ws/44/mothersdarlingcross.php?,32,2,8,0,0,0,Trojan
74,http://www.w4988.nb.host127-0-0-1.com/bins/int/np_pkz.int?affid=NP_0104&fxp=85c26940bd074d9ebe8290842bca496331374b71c3b8806954f77f9,54,54,19,-1,-1,-1,Trojan
177,http://www.w612.nb.host127-0-0-1.com/bins/int/kr3_znp.int?fxp=384bd820008ee37f030b3e65bca6e8a1a65beab33574f567a23b0a987ca83e6544e3e645,58,56,16,-1,-1,-1,Trojan
75,http://www.warco.pl,11,0,4,0,0,0,redirect
114,http://www.wc0x83ghk.homepage.t-online.de/communed/ameba.js,42,3,10,0,0,0,redirect
171,http://www.web-olymp.ru,14,0,5,0,2,0,redirect
157,http://www.webordermanager.com,22,0,4,0,2,0,redirect
155,http://www.weboxmedia.by/track.php?c005,25,3,7,-1,-1,-1,redirect
76,http://www.wetyt.tourstogo.us/shissashee/abekekurdi/oagrusteel/files/,55,0,10,-1,-1,-1,Trojan
241,http://www.wfoto.front.ru/fotos.com,24,0,7,-1,-1,-1,Trojan
65,http://www.whabi.csheaven.com/ehetsusywh/yglegrehee/jitypsewhy/files/,55,0,10,2,4,0,Trojan
211,http://www.whave.iptvdeals.com/panoowyxoz/oazicmitov/ptampordap/files/,56,0,10,-1,-1,-1,Trojan
207,http://www.whitehorsetechnologies.net/images/clients/x/mail.php,50,0,9,-1,-1,-1,Phishing
831,http://www.wmserver.net/sgcg/?page_id=5,25,1,9,0,0,0,redirect
90,http://www.womenslabour.org,19,0,4,-1,-1,-1,redirect
825,http://www.wonchangvacuum.com.my/libraries/pear/mandate.htm,46,0,9,0,0,0,Phishing
858,http://www.worldgymperu.com,19,0,4,-1,-1,-1,redirect
790,http://www.wp9.ru/,8,1,5,0,0,0,redirect
146,http://www.writingassociates.com/img/lks.exe,33,0,7,0,0,0,Trojan
84,http://www.wroclawski.com.pl,19,0,5,2,0,0,redirect
893,http://www.wt10.haote.com/jywgxrjzd.exe,26,2,7,-1,-1,-1,Trojan
33,http://www.www.0uk.net/zaaqw/cs.exe,22,1,8,0,0,0,Trojan
147,http://www.www.0uk.net/zaaqw/Pony.exe,24,1,8,0,0,0,Trojan
632,http://www.www.acquisizionevideo.com/download-software-free.html/uploads/4/9/4/6/4946671/mp3mymp3install.exe,74,13,17,0,0,0,Trojan
85,http://www.www.angolotesti.it/J/testi_canzoni_jovanotti_168/testo_canzone_chissa_se_stai_dormendo_9566.html,78,7,18,2,3,0,redirect
759,http://www.www.blueimagen.com/Attachment/Invoice-List2013-10-20-Copy.jar,48,8,12,-1,-1,-1,Trojan
214,http://www.www.cerquasas.it/wp-admin/user/UPS_INVOICE.rar,42,0,11,0,0,0,Trojan
213,http://www.www.cortesidesign.com/Avviso.zip,32,0,7,0,0,0,Trojan
557,http://www.www.cortesidesign.com/Avviso.zip,32,0,7,0,0,0,Trojan
154,http://www.www.daspar.net/components/.kkcpgr.php?action=ss00_323,43,5,12,-1,-1,-1,Trojan
426,http://www.www.downloaddirect.com/software/vlc-player/2567,41,4,9,0,0,0,Trojan
901,http://www.www.drteachme.com/wp-content/plugins/theme-check/misc.php,52,0,12,-1,-1,-1,Trojan
630,http://www.www.emrlogistics.com/fr/to2.exe,29,1,8,0,0,0,Trojan
631,http://www.www.fabioalbini.com/Invoice.zip,31,0,7,0,0,0,Trojan
229,http://www.www.feiyang163.com/soft/fySpeaker.exe,33,3,8,0,0,0,Trojan
173,http://www.www.fiduciariobajio.com.mx/plugins/content/hltv.exe,48,0,10,-1,-1,-1,Trojan
887,http://www.www.flowtec.com.br/vcard/Informazioni.zip,39,0,9,0,0,0,Trojan
629,http://www.www.flowtec.com.br/vcard/Informazioni.zip,39,0,9,0,0,0,Trojan
524,http://www.www.gameangel.com/System/html/js/html.js,37,0,10,0,0,0,redirect
478,http://www.www.gmcjjh.org/DHL,19,0,6,0,0,0,Trojan
760,http://www.www.gold-city.it/image/_vti_cnf/app/psi.exe,37,0,13,0,0,0,Trojan
621,http://www.www.icybrand.eu/pathway/created/accelerated/mailuserlg/savealife/trwrwbejtw.zip,74,0,12,0,0,0,Phishing
622,http://www.www.icybrand.eu/pathway/created/accelerated/mailuserlg/savealife/trwrwbejtw/viewer.php,80,0,13,0,0,0,Phishing
170,http://www.www.jcmarcadolib.com/hbc/a.php,29,0,8,0,0,0,Phishing
22,http://www.www.lifelabs.vn/api/get.php?id=aW5mb0BzYXBjdXBncmFkZXMuY29t,52,4,10,0,0,0,Trojan
900,http://www.www.lostartofbeingadame.com/wp-content/plugins/www.fotosupload.php,62,0,11,0,0,0,Trojan
898,http://www.www.lyzgs.com/track.php?c005,24,3,8,-1,-1,-1,redirect
899,http://www.www.mondoperaio.net/wp-content/plugins/cached_data/k1.exe,51,1,12,0,0,0,Trojan
911,http://www.www.motivacionyrelajacion.com/Z0H24k7E6A/,36,5,7,0,0,0,Trojan
920,http://www.www.notaverde.com/Invoice.zip,29,0,7,0,0,0,Trojan
427,http://www.www.offerent.com/tmp/5lro65.php?receipt_print=825_417011330,39,15,12,0,0,0,Trojan
206,http://www.www.ohiomm.com/?page=bleach-244-vosta,31,3,10,0,0,0,redirect
882,http://www.www.perupuntocom.com/claroideas.exe,35,0,7,0,0,0,Trojan
879,http://www.www.petpleasers.ca/templates/rhuk_milkyway/images/red/sll.exe,56,0,12,0,0,0,Trojan
525,http://www.www.pgathailand.com/which.exe,29,0,7,0,0,0,Trojan
225,http://www.www.proascolcolombia.com/portal/modules/mod_banners/Imprimir_IntimacaoCTI2015-03698541.rar?cli=Cliente&/yRpBKPujKU/nNqRc6QsuO.php,104,13,19,-1,-1,-1,Trojan
117,http://www.www.proascolcolombia.com/portal/modules/mod_banners/Imprimir_IntimacaoCTI2015-03698541.rar?cli=Cliente&/yRpBKPujKU/nNqRc6QsuO.php,104,13,19,-1,-1,-1,Trojan
200,http://www.www.professionalblackbook.com/,31,0,6,0,0,0,redirect
186,http://www.www.purplehorses.net/?page=bleach-244-online,38,3,10,0,0,0,redirect
914,http://www.www.realinnovation.com/css/menu.js,33,0,8,0,0,0,redirect
891,http://www.www.rempko.sk/kontakt.htm,25,0,7,0,0,0,redirect
892,http://www.www.rokus-tgy.hu/Pagamento.zip,29,0,8,0,0,0,Trojan
98,http://www.www.rokus-tgy.hu/Pagamento.zip?IdjJzMrNmz,39,0,9,0,0,0,Trojan
115,http://www.www.rooversadvocatuur.nl/rel.php,32,0,7,0,0,0,redirect
36,http://www.www.sankyo.gr.jp/Pagamento.zip,29,0,8,0,0,0,Trojan
125,http://www.www.sankyo.gr.jp/Pagamento.zip?mscfopoysckwdh,43,0,9,0,0,0,Trojan
620,http://www.www.sanseracingteam.com/wordpress/,34,0,7,0,1,0,redirect
619,http://www.www.sanseracingteam.com/wordpress/?p=128,35,3,9,2,2,0,redirect
236,http://www.www.scantanzania.com/bin/img/make.html,36,0,9,0,0,0,Phishing
617,http://www.www.seal-technicsag.ch/inddex.html,33,0,8,0,0,0,Trojan
616,http://www.www.seal-technicsag.ch/index.zip,31,0,8,0,0,0,Trojan
148,http://www.www.secondome.com/sora-margherita/,33,0,8,0,0,0,redirect
149,http://www.www.sitepalace.com/w0rmreaper/NoVaC.jpeg,38,1,8,0,0,0,Trojan
889,http://www.www.sj88.com/hezi/jm/s1000.exe,22,6,9,0,0,0,Trojan
540,http://www.www.slivki.com.ua/as/Ponynl.exe,29,0,9,0,0,0,Trojan
545,http://www.www.slivki.com.ua/as/smp.exe,26,0,9,0,0,0,Trojan
126,http://www.www.sonnoli.com/?page_id=5,23,1,9,0,0,0,redirect
123,http://www.www.stirparts.ru/,18,0,6,0,0,0,redirect
473,http://www.www.studiochiarelli.eu/02-2014/clients/order.3757.zip,39,10,11,0,0,0,Trojan
411,http://www.www.super8service.de/zf0yx,25,2,6,0,0,0,Trojan
412,http://www.www.tiergestuetzt.de/,22,0,6,0,0,0,redirect
150,http://www.www.toochattoo.com/fond-ecran-anime/chinois1.exe,44,1,10,0,0,0,Trojan
151,http://www.www.t-sb.net,13,0,6,0,2,0,redirect
513,http://www.www.tvnews.or.kr/web/main.gif,27,0,9,0,0,0,Trojan
789,http://www.www.tvnews.or.kr/web/menu.gif,27,0,9,0,0,0,Trojan
152,http://www.www.two-of-us.at/images/1.exe,25,1,10,0,0,0,Trojan
514,http://www.www.two-of-us.at/images/youtube/d/flashplayer.exe,44,0,12,0,0,0,Trojan
59,http://www.www.vvvic.com,15,0,5,4,10,0,redirect
511,http://www.www.whitesports.co.kr,22,0,6,2,1,0,redirect
512,http://www.www.wildsap.com/?kkk=bleach-episodes-244,34,3,10,0,0,0,redirect
203,http://www.www.wrestlingexposed.com/faq.php?t=bleach-244-english-sub,49,3,12,0,0,0,redirect
418,http://www.www.xiruz.kit.net/mola.jpg,25,0,8,0,0,0,Trojan
97,http://www.www.zctei.com/date/9377chiyue_Y_Cdcr1124.exe,33,8,10,-1,-1,-1,Trojan
100,http://www.www12.0zz0.com/2012/05/06/00/464591666.gif,15,23,11,0,0,0,Trojan
116,http://www.www8.0zz0.com/2012/05/05/18/394995639.gif,15,22,11,0,0,0,Trojan
120,http://www.xamateurpornlic.www1.biz/latest/xxx-porn-movie.avi.exe,49,1,11,-1,-1,-1,Trojan
89,http://www.xicaxique.com.br/catalog/view/theme/default/image/image102.jpg,54,3,12,-1,-1,-1,Trojan
497,http://www.xoomer.alice.it/email02/bom.jpg,28,2,8,0,1,2,Trojan
185,http://www.xotsa.frenchgerlemanelectric.com/apsestooxo/iwheewhosh/keckalrees/files/,69,0,10,-1,-1,-1,Trojan
184,http://www.xpornstarsckc.ddns.name/latest/xxx-porn-movie.avi.exe,49,0,11,-1,-1,-1,Trojan
202,http://www.yougube.com,14,0,4,0,0,0,redirect
765,http://www.youtibe.com,14,0,4,0,0,0,redirect
86,http://www.youtuhe.com,14,0,4,0,0,0,redirect
819,http://www.yumekin.com/inde.php,21,0,6,0,0,0,Trojan
204,http://www.yumekin.com/inde.php?comercial@cohesp.com.br,41,0,10,0,0,0,Trojan
232,http://www.z32538.nb.host127-0-0-1.com/bins/int/np_pkz.int?affid=NP_0104&fxp=2ac11c971204a16811817c725e04d68a44f9d4987c472f66eb08d0,54,54,19,-1,-1,-1,Trojan
234,http://www.zgsysz.com,13,0,4,0,0,0,redirect
233,http://www.zibup.csheaven.com/ypsoophoov/ptycmympub/teezukedoo/files/,55,0,10,2,4,0,Trojan
502,http://www.zjjlf.croukwexdbyerr.net/zyso.cgi?16,33,2,8,-1,-1,-1,redirect
503,http://www.zkic.com,11,0,4,0,0,0,redirect
158,http://www.zous.szm.sk,13,0,5,0,2,0,redirect
34,http://www.zt.tim-taxi.com/login.php,24,0,8,-1,-1,-1,Phishing
866,http://www.zyrdu.cruisingsmallship.com/vyglachaph/choawoatch/glocoaphoo/files/,64,0,10,-1,-1,-1,Trojan
187,,,,,-1,-1,-1,
15,,,,,-1,-1,-1,
38,,,,,-1,-1,-1,
906,,,,,-1,-1,-1,
809,,,,,-1,-1,-1,
