id,link,zimu_num,shuzi,zifu_num,url_T_zifu_num,inner,out,sum,bili,label,Unnamed: 11
2,http://www.iamagameaddict.com,24,0,5,0,0,0,0,,redirect,
4,http://www.slightlyoffcenter.net,27,0,5,0,0,0,0,,redirect,
5,http://www.tubemoviez.com,20,0,5,0,33,0,33,1,redirect,
8,http://www.rupor.info,16,0,5,0,955,1379,2334,0.4091688,redirect,
9,http://www.officeon.ch.ma/office.js?google_ad_format=728x90_as,44,5,13,5,0,0,0,,redirect,www.venez.fr
11,http://www.outporn.com,17,0,5,0,0,958,958,0,redirect,
12,http://www.timothycopus.aimoo.com,27,0,6,0,32,0,32,1,Trojan,
13,http://www.orbowlada.strefa.pl/text396.htm,31,3,8,0,,,,,redirect,"www.interia.pl,875,8293,9168,0.09544066317626528"
14,http://www.ruiyangcn.com,19,0,5,0,0,0,0,,redirect,
15,http://www.zkic.com,14,0,5,0,640,86,726,0.8815427,redirect,
16,http://www.cracks.vg/d1.php,19,1,7,0,44,88,132,0.3333333,redirect,http://parking.zunmi.cn
17,http://www.juicypussyclips.com,25,0,5,0,,,,,redirect,http://parking.zunmi.cn
18,http://www.nuptialimages.com,23,0,5,0,0,50,50,0,redirect,
19,http://www.bezproudoff.cz,20,0,5,0,51,0,51,1,redirect,
20,http://www.ceskarepublika.net,24,0,5,0,,,,,redirect,parking.zunmi.cn
21,http://www.hotspot.cz,16,0,5,0,0,107,107,0,redirect,
22,http://www.gmcjjh.org/DHL,19,0,6,0,0,0,0,,Trojan,
23,http://www.nerez-schodiste-zabradli.com,32,0,7,2,,,,,redirect,"www.hlinik-nerez.cz,2843,336,3179,0.8943063856558666"
24,http://www.nordiccountry.cz,22,0,5,0,0,0,0,,redirect,
25,http://www.nowina.info,17,0,5,0,850,330,1182,0.7208,redirect,
29,http://www.pension-helene.cz,22,0,6,1,692,0,692,0,redirect,
30,http://www.podzemi.myotis.info,24,0,6,0,156,0,156,1,redirect,
31,http://www.smrcek.com,16,0,5,0,712,720,1432,0.4972,redirect,
34,http://www.zgsysz.com,16,0,5,0,,,,,redirect,"www.hugedomains.com,2799,510,3309,0.8458748866727108"
35,http://www.oknarai.ru,16,0,5,0,1505,6302,7807,0.1927757,redirect,
36,http://www.realinnovation.com/css/menu.js,33,0,8,0,0,190,190,0,redirect,
37,http://www.hardcorepornparty.com,27,0,5,0,,,,,redirect,
38,http://www.zous.szm.sk,16,0,6,0,415,831,1246,0.33306,redirect,
39,http://www.noveslovo.com,19,0,5,0,1568,522,2090,0.75023,redirect,
41,http://www.luckyblank.info,21,0,5,0,http://parking.zunmi.cn,,,,redirect,http://parking.zunmi.cn
44,http://www.luckyeffect.info,22,0,5,0,http://parking.zunmi.cn,,,,redirect,
45,http://www.luckyhalo.info,20,0,5,0,http://parking.zunmi.cn,,,,redirect,
46,http://www.luckypure.info,20,0,5,0,http://parking.zunmi.cn,,,,redirect,
47,http://www.luckyshine.info,21,0,5,0,http://parking.zunmi.cn,,,,redirect,
48,http://www.luckysuccess.info,23,0,5,0,http://parking.zunmi.cn,,,,redirect,
49,http://www.luckysure.info,20,0,5,0,http://parking.zunmi.cn,,,,redirect,
50,http://www.luckytidy.info,20,0,5,0,http://parking.zunmi.cn,,,,redirect,
52,http://www.buffalogoesout.com,24,0,5,0,,,,,redirect,
58,http://www.unalbilgisayar.com,24,0,5,0,,,,,redirect,
61,http://www.semengineers.com,22,0,5,0,,,,,redirect,
63,http://www.tendersource.com,22,0,5,0,,,,,redirect,
64,http://www.traff1.com/in.cgi?5,20,2,8,1,,,,,Trojan,
66,http://www.oprahsearch.com/scripts/net19.exe,34,2,8,0,,,,,Trojan,
67,http://www.somnoy.com,16,0,5,0,hugedomains,,,,redirect,
68,http://www.nadegda-95.ru,16,2,6,1,,,,,redirect,
69,http://www.romsigmed.ro,18,0,5,0,,,,,redirect,
70,http://www.spatsz.com,16,0,5,0,,,,,redirect,
71,http://www.svetyivanrilski.com,25,0,5,0,,,,,redirect,
73,http://www.tophostbg.net,19,0,5,0,,,,,redirect,
74,http://www.vivaweb.org,17,0,5,0,,,,,redirect,
75,http://www.vocational-training.us,27,0,6,1,,,,,redirect,
76,http://www.warco.pl,14,0,5,0,,,,,redirect,
77,http://www.bde.be,12,0,5,0,,,,,redirect,
78,http://www.pwvita.pl,15,0,5,0,,,,,redirect,
79,http://www.roks.ua,13,0,5,0,,,,,redirect,
80,http://www.skgroup.kiev.ua,20,0,6,0,,,,,redirect,
82,http://www.tk-gregoric.si,19,0,6,1,,,,,redirect,
83,http://www.tomalinoalambres.com.ar,28,0,6,0,,,,,redirect,
87,http://www.update.51edm.net/20090728/01.dll,22,12,9,0,,,,,Trojan,
88,http://www.update.51edm.net/20090728/01.kdg,22,12,9,0,,,,,Trojan,
89,http://www.xiruz.kit.net/mola.jpg,25,0,8,0,,,,,Trojan,
90,http://www.wfoto.front.ru/fotos.com,27,0,8,0,,,,,Trojan,
91,http://www.ska.energia.cz/download/imer.up,33,0,9,0,,,,,Trojan,
92,http://www.callingcardsinstantly.com/webalizer/050709wareza/crack=17=keygen=serial.html,67,8,12,3,,,,,redirect,
93,http://www.dawnframing.com/webalizer/050709wareza/crack=17=keygen=serial.html,57,8,12,3,,,,,redirect,
94,http://www.free-crochet-pattern.com/webalizer/050709wareza/crack=17=keygen=serial.html,64,8,14,5,,,,,redirect,
95,http://www.js.tongji.linezing.com/1189582/tongji.js,34,7,10,0,,,,,redirect,
96,http://www.adgallery.whitehousedrugpolicy.gov/members/Miley-Cyrus-Nude/default.aspx,71,0,12,2,,,,,Trojan,
97,http://www.vvvic.com,15,0,5,0,,,,,redirect,
98,http://www.professionalblackbook.com/,31,0,6,0,,,,,redirect,
99,http://www.0koryu0.easter.ne.jp,22,2,7,0,,,,,redirect,
100,http://www.whitesports.co.kr,22,0,6,0,,,,,redirect,
101,http://www.typeofmarijuana.com/,25,0,6,0,,,,,redirect,
102,http://www.trafficgrowth.com/,23,0,6,0,,,,,redirect,
103,http://www.thcvaporizer.com/,22,0,6,0,,,,,redirect,
104,http://www.roorbong.com/,18,0,6,0,,,,,redirect,
105,http://www.thcextractor.com/,22,0,6,0,,,,,redirect,
106,http://www.purethc.com/,17,0,6,0,,,,,redirect,
107,http://www.potvaporizer.com/,22,0,6,0,,,,,redirect,
108,http://www.portablevaporizer.com/,27,0,6,0,,,,,redirect,
109,http://www.cannabispicture.com/,25,0,6,0,parking.z,,,,redirect,
110,http://www.cannabislyric.com/,23,0,6,0,,,,,redirect,
111,http://www.dp-medien.eu,17,0,6,1,,,,,redirect,
112,http://www.juedische-kammerphilharmonie.de,36,0,6,1,,,,,redirect,
113,http://www.vernoblisk.com,20,0,5,0,,,,,redirect,
114,http://www.vural-electronic.com,25,0,6,1,,,,,redirect,
115,http://www.purplehorses.net/?page=bleach-244-online,38,3,10,4,,,,,redirect,
116,http://www.wildsap.com/?kkk=bleach-episodes-244,34,3,10,4,,,,,redirect,
117,http://www.ohiomm.com/?page=bleach-244-vosta,31,3,10,4,,,,,redirect,
118,http://www.be-funk.com/?kkk=bleach-244-english-sub,35,3,12,6,,,,,redirect,
119,http://www.revistaelite.com/?topic=bleach-244-english-sub,43,3,11,5,,,,,redirect,
120,http://www.wrestlingexposed.com/faq.php?t=bleach-244-english-sub,49,3,12,5,,,,,redirect,
121,http://www.revistaelite.com/?topic=bleach-244-raw,36,3,10,4,,,,,redirect,
123,http://www.sitepalace.com/w0rmreaper/NoVaC.jpeg,38,1,8,0,,,,,Trojan,
124,http://www.downloads-whatsapp.com/whatsapp-for-samsung.php,48,0,10,3,,,,,Trojan,
125,http://www.rempko.sk/kontakt.htm,25,0,7,0,,,,,redirect,
126,http://www.secondome.com/sora-margherita/,33,0,8,1,,,,,redirect,
127,http://www.a.update.51edm.net/20100223/01.kdg?md5=ab2676ca2190bc21abcba6e5f5b3b2a7,41,29,12,2,,,,,Trojan,
128,http://www.vette-porno.nl,19,0,6,1,,,,,redirect,
129,http://www.obkom.net.ua/bancodes/rotator.php?place=indexfoot,49,0,11,2,,,,,redirect,
130,http://www.blacknite.eu/cracking/Pelite.EXE,35,0,8,0,,,,,Trojan,
131,http://www.bargainracks.co.uk/img/common/1x2.gif,36,2,10,0,,,,,Trojan,
132,http://www.pokachi.net/,17,0,6,0,,,,,redirect,
133,http://www.pride-u-bike.com/2006/09/30/akkymtlator/,31,8,12,2,,,,,redirect,
134,http://www.pride-u-bike.com/2007/06/23/s-tolkacha/,29,8,13,3,,,,,redirect,
135,http://www.pride-u-bike.com/2007/07/30/doroga-smerti/,32,8,13,3,,,,,redirect,
136,http://www.pride-u-bike.com/byzapimoto/,30,0,9,2,,,,,redirect,
137,http://www.pride-u-bike.com/motorcycle/suzuki-motorcycle/,46,0,11,3,,,,,redirect,
138,http://www.pride-u-bike.com/motorcycle/vozdeniye-motorcycle/,49,0,11,3,,,,,redirect,
139,http://www.pride-u-bike.com/sell/honda-steed-400-1996/,34,7,13,5,,,,,redirect,
140,http://www.pride-u-bike.com/sell/honda-vfr400r-nc30/,35,5,12,4,,,,,redirect,
141,http://www.quotidiennokoue.com/,25,0,6,0,,,,,redirect,
142,http://www.quotidiennokoue.com/?cat=5,28,1,8,2,,,,,redirect,
143,http://www.quotidiennokoue.com/?p=558,26,3,8,2,,,,,redirect,
144,http://www.safety.amw.com/family/ask-john-walsh-how-can-i-tell-if-a-child-has-been-abused/,69,0,21,12,,,,,redirect,
145,http://www.safety.amw.com/home/stop-domestic-violence-before-it-starts/,57,0,14,5,,,,,redirect,
149,http://www.sanseracingteam.com/wordpress/?p=128,35,3,9,2,,,,,redirect,
150,http://www.sonnoli.com/?page_id=5,23,1,9,3,,,,,redirect,
151,http://www.stirparts.ru/,18,0,6,0,,,,,redirect,
152,http://www.tiergestuetzt.de/,22,0,6,0,,,,,redirect,
153,http://www.pic.starsarabian.com/,25,0,7,0,hugedomains,,,,redirect,
154,http://www.angolotesti.it/J/testi_canzoni_jovanotti_168/testo_canzone_chissa_se_stai_dormendo_9566.html,78,7,18,9,,,,,redirect,
155,http://www.w612.nb.host127-0-0-1.com/bins/int/kr3_znp.int?fxp=384bd820008ee37f030b3e65bca6e8a1a65beab33574f567a23b0a987ca83e6544e3e645,61,56,17,6,,,,,Trojan,
156,http://www.q28840.nb.host127-0-0-1.com/bins/int/tp_map16.int?fxp=5936289861f351e362768cf97e7b45e0648647f26c6d6750fb2298af91238cf9c815a461,53,67,17,6,,,,,Trojan,
157,http://www.w4988.nb.host127-0-0-1.com/bins/int/np_pkz.int?affid=NP_0104&fxp=85c26940bd074d9ebe8290842bca496331374b71c3b8806954f77f9,57,54,20,9,,,,,Trojan,
158,http://www.z32538.nb.host127-0-0-1.com/bins/int/np_pkz.int?affid=NP_0104&fxp=2ac11c971204a16811817c725e04d68a44f9d4987c472f66eb08d0,57,54,20,9,,,,,Trojan,
159,http://www.fgawegwr.chez.com/images/1273471091.exe,31,10,9,0,,,,,Trojan,
160,http://www.montezuma.spb.ru/key/72548.htm,27,5,9,0,,,,,Trojan,
161,http://www.freeserials.ws/sn/64850.html,26,5,8,0,,,,,Trojan,
162,http://www.allxscan.tk/ddt/load.php?f=1&e=4,29,2,12,4,,,,,Trojan,
163,http://www.helesouurusa.cjb.com/land/video.php?l=4:52&id=1&n=my_loli2&a=mike&path=./tmb/my_loli2/31.jpg&rat=./img/rating5.jpg&v=61545,84,14,35,16,,,,,Trojan,
164,http://www.helesouurusa.cjb.com/land/?n=my_loli2&id=1,38,2,13,5,cjb¡£net,,,,Trojan,
166,http://www.ns2ns1.tk/test/load.php?f=1&e=2,26,4,12,4,,,,,Trojan,
167,http://www.textsex.tk/str/load.php?f=1&e=4,28,2,12,4,,,,,Trojan,
168,http://www.mbrdot.tk/123/load.php?f=1&e=6,24,5,12,4,,,,,Trojan,
169,http://www.sexyster.tk/lo/load.php?f=1&e=6,28,2,12,4,,,,,Trojan,
170,http://www.gameangel.com/System/html/js/html.js,37,0,10,0,,,,,redirect,
171,http://www.vvps.ws/44/mothersdarlingcross.php?,35,2,9,1,,,,,Trojan,
172,http://www.beldiplomcom.75.com1.ru/loading.php?spl=mdac,41,3,11,2,,,,,Trojan,
173,http://www.downloaddirect.com/software/vlc-player/2567,41,4,9,1,820.dopa,,,,Trojan,
175,http://www.alissonluis-musico.sites.uol.com.br/mar.jpg,43,0,11,1,,,,,Trojan,
176,http://www.seet10.jino.ru,17,2,6,0,,,,,Trojan,
177,http://www.vkont.bos.ru,17,0,6,0,,,,,Trojan,
178,http://www.download207.mediafire.com/2ezaemp68lyg/fe8lc6kqa1f06n1/Grand+Theft+Modification.zip,70,12,12,2,,,,,Trojan,
179,http://www.seoholding.com/13/overblog,28,2,7,0,,,,,Trojan,
180,http://www.seonetwizard.com/in.cgi?3,27,1,8,1,,,,,Trojan,
181,http://www.seoholding.com/13/overblog&usg=AFQjCNGS7Xe0yilVQ6lGj3Oroonf7-gfhg,59,7,10,3,,,,,Trojan,
182,http://www.seoholding.com/13/boardhost,29,2,7,0,,,,,Trojan,
185,http://www12.0zz0.com/2012/05/06/00/464591666.gif,15,23,11,0,,,,,Trojan,
188,http://www.two-of-us.at/images/W.exe,26,0,10,2,,,,,Trojan,
200,http://www.perupuntocom.com/claroideas.exe,35,0,7,0,,,,,Trojan,
201,http://www.two-of-us.at/images/au4x.exe,28,1,10,2,,,,,Trojan,
202,http://www.xamateurpornlic.www1.biz/latest/xxx-porn-movie.avi.exe,52,1,12,2,,,,,Trojan,
203,http://www.two-of-us.at/images/1.exe,25,1,10,2,,,,,Trojan,
204,http://www.xpornstarsckc.ddns.name/latest/xxx-porn-movie.avi.exe,52,0,12,2,,,,,Trojan,
205,http://www.upswings.net/track.php?c005,27,3,8,1,,,,,redirect,
206,http://www.lyzgs.com/track.php?c005,24,3,8,1,,,,,redirect,
207,http://www.weboxmedia.by/track.php?c005,28,3,8,1,,,,,redirect,
208,http://www.gravityexp.com/go.php?sid=12,28,2,9,2,,,,,redirect,
210,http://www.port.bg/wfgv.html?php=receipt,31,0,9,2,,,,,redirect,
211,http://www.webordermanager.com,25,0,5,0,park,,,,redirect,
212,http://www.videoflyover.com,22,0,5,0,http://parking.zunmi.cn,,,,redirect,
213,http://www.0uk.net/zaaqw/Pony.exe,24,1,8,0,,,,,Trojan,
214,http://www.0uk.net/zaaqw/cs.exe,22,1,8,0,,,,,Trojan,
215,http://www.ukonline.hc0.me/new.exe,25,1,8,0,,,,,Trojan,
216,http://www.ukonline.hc0.me/Host.exe,26,1,8,0,,,,,Trojan,
217,http://www.somethingnice.hc0.me/Miner/CPUMiner.files,42,1,9,0,,,,,Trojan,
218,http://www.directxex.com/uploads/965775728.crypt.exe,34,9,9,0,,,,,Trojan,
219,http://www.directxex.com/uploads/565785830.been.exe,33,9,9,0,http://parking.zunmi.cn,,,,Trojan,
220,http://www.directxex.com/uploads/482862824.kmahard.exe,36,9,9,0,http://parking.zunmi.cn,,,,Trojan,
221,http://www.directxex.com/uploads/472678730.2113899106.puttymanager.exe,41,19,10,0,http://parking.zunmi.cn,,,,Trojan,
222,http://www.directxex.com/uploads/39164388.ms.exe?dl=1,33,9,11,2,http://parking.zunmi.cn,,,,Trojan,
223,http://www.directxex.com/uploads/341043287.crypted.exe,36,9,9,0,http://parking.zunmi.cn,,,,Trojan,
224,http://www.directxex.com/uploads/1870347935.http.exe,33,10,9,0,http://parking.zunmi.cn,,,,Trojan,
225,http://www.offerent.com/tmp/5lro65.php?receipt_print=825_417011330,39,15,12,4,,,,,Trojan,
226,http://www.directxex.com/uploads/1803412028.mintt.exe,34,10,9,0,,,,,Trojan,
227,http://www.bbs.bjchun.com/report.htm,28,0,8,0,,,,,redirect,
228,http://www.customsboysint.com/1/25/human-head-wireframe,42,3,10,2,,,,,redirect,
229,http://www.daspar.net/components/.kkcpgr.php?action=ss00_323,43,5,12,3,,,,,Trojan,
230,http://www.freefblikes.phpnet.us,26,0,6,0,,,,,Trojan,
231,http://www.directxex.com/uploads/1005443056.cryptedserver.exe,42,10,9,0,,,,,Trojan,
232,http://www.yougube.com,17,0,5,0,Ìø×ª,,,,redirect,
233,http://www.youtuhe.com,17,0,5,0,,,,,redirect,
235,http://www.sunny99.cholerik.cz/plugins/3yvPRqFJ.php,39,3,9,0,,,,,redirect,
236,http://www.rooversadvocatuur.nl/rel.php,32,0,7,0,,,,,redirect,
239,http://www.guyscards.com/adobe/,24,0,7,0,,,,,Trojan,
240,http://www.guyscards.com/adobe/update_flash_player.exe,44,0,10,2,,,,,Trojan,
241,http://www.wc0x83ghk.homepage.t-online.de/communed/ameba.js,45,3,11,1,,,,,redirect,
242,http://www.server1.extra-web.cz/dbm.exe,29,1,9,1,,,,,Trojan,
243,http://www.manoske.com/main.php?label=TJaxqKIV0+wlz0MJN5SxypUhWaVDQDqE4PwfdxjPls0=,66,5,11,4,,,,,Trojan,
244,http://www.mmile.com/images/rhcs05.exe,28,2,8,0,,,,,Trojan,
245,http://www.luggage-tv.com/adobe/update_flash_player.exe,44,0,11,3,,,,,Trojan,
246,http://www.luggagepreview.com/adobe/update_flash_player.exe,49,0,10,2,,,,,Trojan,
247,http://www.luggagecast.com/adobe/update_flash_player.exe,46,0,10,2,,,,,Trojan,
248,http://www.kapcotool.com/adobe/update_flash_player.exe,44,0,10,2,,,,,Trojan,
249,http://www.mmile.com/images/bl.exe,26,0,8,0,,,,,Trojan,
250,http://www.bluecutsystem.com/load3.exe,30,1,7,0,,,,,Trojan,
251,http://www.tube8vidsvrx.ddns.name/2013/girl-fucked-by-dog.avi.exe,47,5,13,3,,,,,Trojan,
252,http://www.tube8vidsvtp.dnset.com/2013/girl-fucked-by-dog.avi.exe,47,5,13,3,,,,,Trojan,
253,http://www.tube8vidswsy.dnset.com/2013/girl-fucked-by-dog.avi.exe,47,5,13,3,,,,,Trojan,
254,http://www.tube8vidswtb.ddns.name/2013/girl-fucked-by-dog.avi.exe,47,5,13,3,,,,,Trojan,
255,http://www.tube8vidswys.ddns.name/2013/girl-fucked-by-dog.avi.exe,47,5,13,3,,,,,Trojan,
256,http://www.tube8vidsxlo.ddns.name/2013/girl-fucked-by-dog.avi.exe,47,5,13,3,,,,,Trojan,
257,http://www.tube8vidsxmx.dnset.com/2013/girl-fucked-by-dog.avi.exe,47,5,13,3,,,,,Trojan,
258,http://www.tube8vidsxpg.ddns.name/2013/girl-fucked-by-dog.avi.exe,47,5,13,3,,,,,Trojan,
259,http://www.tube8vidsxpp.dnset.com/2013/girl-fucked-by-dog.avi.exe,47,5,13,3,,,,,Trojan,
260,http://www.tube8vidsxwu.ddns.name/2013/girl-fucked-by-dog.avi.exe,47,5,13,3,,,,,Trojan,
261,http://www.tube8vidsycs.dnset.com/2013/girl-fucked-by-dog.avi.exe,47,5,13,3,,,,,Trojan,
262,http://www.tube8vidsyip.ddns.name/2013/girl-fucked-by-dog.avi.exe,47,5,13,3,,,,,Trojan,
263,http://www.tube8vidsymz.dnset.com/2013/girl-fucked-by-dog.avi.exe,47,5,13,3,,,,,Trojan,
264,http://www.tube8vidsyre.dnset.com/2013/girl-fucked-by-dog.avi.exe,47,5,13,3,,,,,Trojan,
265,http://www.tube8vidsyyf.dnset.com/2013/girl-fucked-by-dog.avi.exe,47,5,13,3,,,,,Trojan,
266,http://www.tube8vidszmi.ddns.name/2013/girl-fucked-by-dog.avi.exe,47,5,13,3,,,,,Trojan,
267,http://www.tube8vidsznj.ddns.name/2013/girl-fucked-by-dog.avi.exe,47,5,13,3,,,,,Trojan,
268,http://www.tube8vidsznx.ddns.name/2013/girl-fucked-by-dog.avi.exe,47,5,13,3,,,,,Trojan,
269,http://www.tube8vidscqs.ddns.name/2013/girl-fucked-by-dog.avi.exe,47,5,13,3,,,,,Trojan,
270,http://www.tube8vidscut.ddns.name/2013/girl-fucked-by-dog.avi.exe,47,5,13,3,,,,,Trojan,
271,http://www.tube8vidsdob.dnset.com/2013/girl-fucked-by-dog.avi.exe,47,5,13,3,,,,,Trojan,
272,http://www.tube8vidsdst.ddns.name/2013/girl-fucked-by-dog.avi.exe,47,5,13,3,,,,,Trojan,
273,http://www.tube8vidsfgd.ddns.name/2013/girl-fucked-by-dog.avi.exe,47,5,13,3,,,,,Trojan,
274,http://www.tube8vidshhr.ddns.name/2013/girl-fucked-by-dog.avi.exe,47,5,13,3,,,,,Trojan,
275,http://www.tube8vidshkk.ddns.name/2013/girl-fucked-by-dog.avi.exe,47,5,13,3,,,,,Trojan,
276,http://www.tube8vidshrw.dnset.com/2013/girl-fucked-by-dog.avi.exe,47,5,13,3,,,,,Trojan,
277,http://www.tube8vidsiet.ddns.name/2013/girl-fucked-by-dog.avi.exe,47,5,13,3,,,,,Trojan,
278,http://www.tube8vidsiww.ddns.name/2013/girl-fucked-by-dog.avi.exe,47,5,13,3,,,,,Trojan,
279,http://www.tube8vidsjac.dnset.com/2013/girl-fucked-by-dog.avi.exe,47,5,13,3,,,,,Trojan,
280,http://www.tube8vidsjan.ddns.name/2013/girl-fucked-by-dog.avi.exe,47,5,13,3,,,,,Trojan,
281,http://www.tube8vidsjhn.ddns.name/2013/girl-fucked-by-dog.avi.exe,47,5,13,3,,,,,Trojan,
282,http://www.tube8vidsjtq.ddns.name/2013/girl-fucked-by-dog.avi.exe,47,5,13,3,,,,,Trojan,
283,http://www.tube8vidslmf.dnset.com/2013/girl-fucked-by-dog.avi.exe,47,5,13,3,,,,,Trojan,
284,http://www.tube8vidslni.dnset.com/2013/girl-fucked-by-dog.avi.exe,47,5,13,3,,,,,Trojan,
285,http://www.tube8vidslqk.ddns.name/2013/girl-fucked-by-dog.avi.exe,47,5,13,3,,,,,Trojan,
286,http://www.tube8vidslrz.ddns.name/2013/girl-fucked-by-dog.avi.exe,47,5,13,3,,,,,Trojan,
287,http://www.tube8vidsnlq.dnset.com/2013/girl-fucked-by-dog.avi.exe,47,5,13,3,,,,,Trojan,
288,http://www.tube8vidsnrt.ddns.name/2013/girl-fucked-by-dog.avi.exe,47,5,13,3,,,,,Trojan,
289,http://www.tube8vidsnvd.ddns.name/2013/girl-fucked-by-dog.avi.exe,47,5,13,3,,,,,Trojan,
290,http://www.tube8vidsnyp.dnset.com/2013/girl-fucked-by-dog.avi.exe,47,5,13,3,,,,,Trojan,
291,http://www.tube8vidsolh.ddns.name/2013/girl-fucked-by-dog.avi.exe,47,5,13,3,,,,,Trojan,
292,http://www.tube8vidsotz.dnset.com/2013/girl-fucked-by-dog.avi.exe,47,5,13,3,,,,,Trojan,
293,http://www.tube8vidsowd.dnset.com/2013/girl-fucked-by-dog.avi.exe,47,5,13,3,,,,,Trojan,
294,http://www.tube8vidspeq.ddns.name/2013/girl-fucked-by-dog.avi.exe,47,5,13,3,,,,,Trojan,
295,http://www.tube8vidsqof.ddns.name/2013/girl-fucked-by-dog.avi.exe,47,5,13,3,,,,,Trojan,
296,http://www.tube8vidsrau.dnset.com/2013/girl-fucked-by-dog.avi.exe,47,5,13,3,,,,,Trojan,
297,http://www.tube8vidsrdr.dnset.com/2013/girl-fucked-by-dog.avi.exe,47,5,13,3,,,,,Trojan,
298,http://www.tube8vidsrhl.ddns.name/2013/girl-fucked-by-dog.avi.exe,47,5,13,3,,,,,Trojan,
299,http://www.tube8vidsrom.dnset.com/2013/girl-fucked-by-dog.avi.exe,47,5,13,3,,,,,Trojan,
300,http://www.tube8vidssan.dnset.com/2013/girl-fucked-by-dog.avi.exe,47,5,13,3,,,,,Trojan,
301,http://www.tube8vidssjw.ddns.name/2013/girl-fucked-by-dog.avi.exe,47,5,13,3,,,,,Trojan,
302,http://www.tube8vidssyg.dnset.com/2013/girl-fucked-by-dog.avi.exe,47,5,13,3,,,,,Trojan,
303,http://www.tube8vidstrh.dnset.com/2013/girl-fucked-by-dog.avi.exe,47,5,13,3,,,,,Trojan,
304,http://www.tube8vidstyp.ddns.name/2013/girl-fucked-by-dog.avi.exe,47,5,13,3,,,,,Trojan,
305,http://www.tube8vidsuty.dnset.com/2013/girl-fucked-by-dog.avi.exe,47,5,13,3,,,,,Trojan,
306,http://www.tube8vidsvaj.dnset.com/2013/girl-fucked-by-dog.avi.exe,47,5,13,3,,,,,Trojan,
307,http://www.tube8vidsvcs.ddns.name/2013/girl-fucked-by-dog.avi.exe,47,5,13,3,,,,,Trojan,
308,http://www.tube8vidsvmr.ddns.name/2013/girl-fucked-by-dog.avi.exe,47,5,13,3,,,,,Trojan,
309,http://www.slimxxxtuberfe.dnset.com/2013/girl-fucked-by-dog.avi.exe,50,4,13,3,,,,,Trojan,
310,http://www.slimxxxtuberjj.ddns.name/2013/girl-fucked-by-dog.avi.exe,50,4,13,3,,,,,Trojan,
311,http://www.slimxxxtuberme.dnset.com/2013/girl-fucked-by-dog.avi.exe,50,4,13,3,,,,,Trojan,
312,http://www.slimxxxtuberue.dnset.com/2013/girl-fucked-by-dog.avi.exe,50,4,13,3,,,,,Trojan,
313,http://www.slimxxxtubesrs.dnset.com/2013/girl-fucked-by-dog.avi.exe,50,4,13,3,,,,,Trojan,
314,http://www.slimxxxtubesrw.ddns.name/2013/girl-fucked-by-dog.avi.exe,50,4,13,3,,,,,Trojan,
315,http://www.slimxxxtubesun.ddns.name/2013/girl-fucked-by-dog.avi.exe,50,4,13,3,,,,,Trojan,
316,http://www.slimxxxtubetmf.ddns.name/2013/girl-fucked-by-dog.avi.exe,50,4,13,3,,,,,Trojan,
317,http://www.slimxxxtubetmg.dnset.com/2013/girl-fucked-by-dog.avi.exe,50,4,13,3,,,,,Trojan,
318,http://www.slimxxxtubetns.ddns.name/2013/girl-fucked-by-dog.avi.exe,50,4,13,3,,,,,Trojan,
319,http://www.slimxxxtubetts.dnset.com/2013/girl-fucked-by-dog.avi.exe,50,4,13,3,,,,,Trojan,
320,http://www.slimxxxtubeubp.dnset.com/2013/girl-fucked-by-dog.avi.exe,50,4,13,3,,,,,Trojan,
321,http://www.slimxxxtubeujh.ddns.name/2013/girl-fucked-by-dog.avi.exe,50,4,13,3,,,,,Trojan,
322,http://www.slimxxxtubeull.dnset.com/2013/girl-fucked-by-dog.avi.exe,50,4,13,3,,,,,Trojan,
323,http://www.slimxxxtubeuvd.dnset.com/2013/girl-fucked-by-dog.avi.exe,50,4,13,3,,,,,Trojan,
324,http://www.slimxxxtubevdn.ddns.name/2013/girl-fucked-by-dog.avi.exe,50,4,13,3,,,,,Trojan,
325,http://www.slimxxxtubevih.dnset.com/2013/girl-fucked-by-dog.avi.exe,50,4,13,3,,,,,Trojan,
326,http://www.slimxxxtubevjk.ddns.name/2013/girl-fucked-by-dog.avi.exe,50,4,13,3,,,,,Trojan,
327,http://www.slimxxxtubewfl.ddns.name/2013/girl-fucked-by-dog.avi.exe,50,4,13,3,,,,,Trojan,
328,http://www.slimxxxtubewiq.ddns.name/2013/girl-fucked-by-dog.avi.exe,50,4,13,3,,,,,Trojan,
329,http://www.slimxxxtubewis.ddns.name/2013/girl-fucked-by-dog.avi.exe,50,4,13,3,,,,,Trojan,
330,http://www.slimxxxtubewmt.dnset.com/2013/girl-fucked-by-dog.avi.exe,50,4,13,3,,,,,Trojan,
331,http://www.slimxxxtubexei.ddns.name/2013/girl-fucked-by-dog.avi.exe,50,4,13,3,,,,,Trojan,
332,http://www.slimxxxtubexiv.dnset.com/2013/girl-fucked-by-dog.avi.exe,50,4,13,3,,,,,Trojan,
333,http://www.slimxxxtubexvq.ddns.name/2013/girl-fucked-by-dog.avi.exe,50,4,13,3,,,,,Trojan,
334,http://www.slimxxxtubexwb.dnset.com/2013/girl-fucked-by-dog.avi.exe,50,4,13,3,,,,,Trojan,
335,http://www.slimxxxtubexxq.dnset.com/2013/girl-fucked-by-dog.avi.exe,50,4,13,3,,,,,Trojan,
336,http://www.slimxxxtubeyge.ddns.name/2013/girl-fucked-by-dog.avi.exe,50,4,13,3,,,,,Trojan,
337,http://www.slimxxxtubeyhz.ddns.name/2013/girl-fucked-by-dog.avi.exe,50,4,13,3,,,,,Trojan,
338,http://www.slimxxxtubeyza.ddns.name/2013/girl-fucked-by-dog.avi.exe,50,4,13,3,,,,,Trojan,
339,http://www.tube8vidsbbr.dnset.com/2013/girl-fucked-by-dog.avi.exe,47,5,13,3,,,,,Trojan,
340,http://www.tube8vidsbhy.dnset.com/2013/girl-fucked-by-dog.avi.exe,47,5,13,3,,,,,Trojan,
341,http://www.tube8vidsbzx.dnset.com/2013/girl-fucked-by-dog.avi.exe,47,5,13,3,,,,,Trojan,
342,http://www.tube8vidscjk.ddns.name/2013/girl-fucked-by-dog.avi.exe,47,5,13,3,,,,,Trojan,
343,http://www.slimxxxtubehdn.dnset.com/2013/girl-fucked-by-dog.avi.exe,50,4,13,3,,,,,Trojan,
344,http://www.slimxxxtubehli.dnset.com/2013/girl-fucked-by-dog.avi.exe,50,4,13,3,,,,,Trojan,
345,http://www.slimxxxtubeidv.ddns.name/2013/girl-fucked-by-dog.avi.exe,50,4,13,3,,,,,Trojan,
346,http://www.slimxxxtubeijc.dnset.com/2013/girl-fucked-by-dog.avi.exe,50,4,13,3,,,,,Trojan,
347,http://www.slimxxxtubeiqb.dnset.com/2013/girl-fucked-by-dog.avi.exe,50,4,13,3,,,,,Trojan,
348,http://www.slimxxxtubejie.dnset.com/2013/girl-fucked-by-dog.avi.exe,50,4,13,3,,,,,Trojan,
349,http://www.slimxxxtubejlp.ddns.name/2013/girl-fucked-by-dog.avi.exe,50,4,13,3,,,,,Trojan,
350,http://www.slimxxxtubejpe.ddns.name/2013/girl-fucked-by-dog.avi.exe,50,4,13,3,,,,,Trojan,
351,http://www.slimxxxtubejvh.ddns.name/2013/girl-fucked-by-dog.avi.exe,50,4,13,3,,,,,Trojan,
352,http://www.slimxxxtubejyk.ddns.name/2013/girl-fucked-by-dog.avi.exe,50,4,13,3,,,,,Trojan,
353,http://www.slimxxxtubekad.ddns.name/2013/girl-fucked-by-dog.avi.exe,50,4,13,3,,,,,Trojan,
354,http://www.slimxxxtubekgj.ddns.name/2013/girl-fucked-by-dog.avi.exe,50,4,13,3,,,,,Trojan,
355,http://www.slimxxxtubekgv.ddns.name/2013/girl-fucked-by-dog.avi.exe,50,4,13,3,,,,,Trojan,
356,http://www.slimxxxtubeklg.dnset.com/2013/girl-fucked-by-dog.avi.exe,50,4,13,3,,,,,Trojan,
357,http://www.slimxxxtubekpn.ddns.name/2013/girl-fucked-by-dog.avi.exe,50,4,13,3,,,,,Trojan,
358,http://www.slimxxxtubekrn.ddns.name/2013/girl-fucked-by-dog.avi.exe,50,4,13,3,,,,,Trojan,
359,http://www.slimxxxtubelap.ddns.name/2013/girl-fucked-by-dog.avi.exe,50,4,13,3,,,,,Trojan,
360,http://www.slimxxxtubelat.ddns.name/2013/girl-fucked-by-dog.avi.exe,50,4,13,3,,,,,Trojan,
361,http://www.slimxxxtubelfr.ddns.name/2013/girl-fucked-by-dog.avi.exe,50,4,13,3,,,,,Trojan,
362,http://www.slimxxxtubelzv.ddns.name/2013/girl-fucked-by-dog.avi.exe,50,4,13,3,,,,,Trojan,
363,http://www.slimxxxtubemue.dnset.com/2013/girl-fucked-by-dog.avi.exe,50,4,13,3,,,,,Trojan,
364,http://www.slimxxxtubeneg.ddns.name/2013/girl-fucked-by-dog.avi.exe,50,4,13,3,,,,,Trojan,
365,http://www.slimxxxtubeneu.ddns.name/2013/girl-fucked-by-dog.avi.exe,50,4,13,3,,,,,Trojan,
366,http://www.slimxxxtubengt.dnset.com/2013/girl-fucked-by-dog.avi.exe,50,4,13,3,,,,,Trojan,
367,http://www.slimxxxtubenqp.ddns.name/2013/girl-fucked-by-dog.avi.exe,50,4,13,3,,,,,Trojan,
368,http://www.slimxxxtubentf.dnset.com/2013/girl-fucked-by-dog.avi.exe,50,4,13,3,,,,,Trojan,
369,http://www.slimxxxtubeocr.dnset.com/2013/girl-fucked-by-dog.avi.exe,50,4,13,3,,,,,Trojan,
370,http://www.slimxxxtubeonf.dnset.com/2013/girl-fucked-by-dog.avi.exe,50,4,13,3,,,,,Trojan,
371,http://www.slimxxxtubeopy.ddns.name/2013/girl-fucked-by-dog.avi.exe,50,4,13,3,,,,,Trojan,
372,http://www.slimxxxtubeoxo.ddns.name/2013/girl-fucked-by-dog.avi.exe,50,4,13,3,,,,,Trojan,
373,http://www.slimxxxtubeoxy.ddns.name/2013/girl-fucked-by-dog.avi.exe,50,4,13,3,,,,,Trojan,
374,http://www.slimxxxtubeppj.dnset.com/2013/girl-fucked-by-dog.avi.exe,50,4,13,3,,,,,Trojan,
375,http://www.slimxxxtubeqfo.ddns.name/2013/girl-fucked-by-dog.avi.exe,50,4,13,3,,,,,Trojan,
376,http://www.slimxxxtubeqsh.ddns.name/2013/girl-fucked-by-dog.avi.exe,50,4,13,3,,,,,Trojan,
377,http://www.slimxxxtubeqve.dnset.com/2013/girl-fucked-by-dog.avi.exe,50,4,13,3,,,,,Trojan,
378,http://www.slimxxxtubeqwr.dnset.com/2013/girl-fucked-by-dog.avi.exe,50,4,13,3,,,,,Trojan,
379,http://www.slimxxxtuberau.ddns.name/2013/girl-fucked-by-dog.avi.exe,50,4,13,3,,,,,Trojan,
380,http://www.slimxxxtuberea.ddns.name/2013/girl-fucked-by-dog.avi.exe,50,4,13,3,,,,,Trojan,
381,http://www.slimxxxtuberep.dnset.com/2013/girl-fucked-by-dog.avi.exe,50,4,13,3,,,,,Trojan,
382,http://www.generalchemicalsupply.com/gLG.exe,37,0,7,0,,,,,Trojan,
383,http://www.slimxxxtubeacn.dnset.com/2013/girl-fucked-by-dog.avi.exe,50,4,13,3,,,,,Trojan,
384,http://www.slimxxxtubealn.ddns.name/2013/girl-fucked-by-dog.avi.exe,50,4,13,3,,,,,Trojan,
385,http://www.slimxxxtubeanr.ddns.name/2013/girl-fucked-by-dog.avi.exe,50,4,13,3,,,,,Trojan,
386,http://www.slimxxxtubeaxy.ddns.name/2013/girl-fucked-by-dog.avi.exe,50,4,13,3,,,,,Trojan,
387,http://www.slimxxxtubeayv.ddns.name/2013/girl-fucked-by-dog.avi.exe,50,4,13,3,,,,,Trojan,
388,http://www.slimxxxtubebej.dnset.com/2013/girl-fucked-by-dog.avi.exe,50,4,13,3,,,,,Trojan,
389,http://www.slimxxxtubebgp.ddns.name/2013/girl-fucked-by-dog.avi.exe,50,4,13,3,,,,,Trojan,
390,http://www.slimxxxtubebmq.dnset.com/2013/girl-fucked-by-dog.avi.exe,50,4,13,3,,,,,Trojan,
391,http://www.slimxxxtubebnd.ddns.name/2013/girl-fucked-by-dog.avi.exe,50,4,13,3,,,,,Trojan,
392,http://www.slimxxxtubecgl.ddns.name/2013/girl-fucked-by-dog.avi.exe,50,4,13,3,,,,,Trojan,
393,http://www.slimxxxtubectk.dnset.com/2013/girl-fucked-by-dog.avi.exe,50,4,13,3,,,,,Trojan,
394,http://www.slimxxxtubecty.ddns.name/2013/girl-fucked-by-dog.avi.exe,50,4,13,3,,,,,Trojan,
395,http://www.slimxxxtubeczp.ddns.name/2013/girl-fucked-by-dog.avi.exe,50,4,13,3,,,,,Trojan,
396,http://www.slimxxxtubedgv.dnset.com/2013/girl-fucked-by-dog.avi.exe,50,4,13,3,,,,,Trojan,
397,http://www.slimxxxtubedjm.ddns.name/2013/girl-fucked-by-dog.avi.exe,50,4,13,3,,,,,Trojan,
398,http://www.slimxxxtubedlb.ddns.name/2013/girl-fucked-by-dog.avi.exe,50,4,13,3,,,,,Trojan,
399,http://www.slimxxxtubedvj.dnset.com/2013/girl-fucked-by-dog.avi.exe,50,4,13,3,,,,,Trojan,
400,http://www.slimxxxtubedxc.ddns.name/2013/girl-fucked-by-dog.avi.exe,50,4,13,3,,,,,Trojan,
401,http://www.slimxxxtubedya.ddns.name/2013/girl-fucked-by-dog.avi.exe,50,4,13,3,,,,,Trojan,
402,http://www.slimxxxtubeejs.ddns.name/2013/girl-fucked-by-dog.avi.exe,50,4,13,3,,,,,Trojan,
403,http://www.slimxxxtubeemz.dnset.com/2013/girl-fucked-by-dog.avi.exe,50,4,13,3,,,,,Trojan,
404,http://www.slimxxxtubefdr.ddns.name/2013/girl-fucked-by-dog.avi.exe,50,4,13,3,,,,,Trojan,
405,http://www.slimxxxtubefel.ddns.name/2013/girl-fucked-by-dog.avi.exe,50,4,13,3,,,,,Trojan,
406,http://www.slimxxxtubeftb.dnset.com/2013/girl-fucked-by-dog.avi.exe,50,4,13,3,,,,,Trojan,
407,http://www.slimxxxtubefzc.ddns.name/2013/girl-fucked-by-dog.avi.exe,50,4,13,3,,,,,Trojan,
408,http://www.slimxxxtubehan.ddns.name/2013/girl-fucked-by-dog.avi.exe,50,4,13,3,,,,,Trojan,
409,http://www.tube8vidszyj.ddns.name/2013/girl-fucked-by-dog.avi.exe,47,5,13,3,,,,,Trojan,
410,http://www.tecslide.com/js/down/Sbin1/MS0ftAdapter.exe,42,2,10,0,,,,,Trojan,
411,http://www.slivki.com.ua/as/Ponynl.exe,29,0,9,0,,,,,Trojan,
412,http://www.slivki.com.ua/as/smp.exe,26,0,9,0,,,,,Trojan,
413,http://www.bizzibeans.net/wp-admin/zope/,31,0,9,1,,,,,Trojan,
414,http://www.bizzibeans.net/wp-admin/zope/adobe_flash.exe,44,0,11,2,,,,,Trojan,
415,http://www.two-of-us.at/images/4x.exe,26,1,10,2,,,,,Trojan,
416,http://www.two-of-us.at/images/2.exe,25,1,10,2,,,,,Trojan,
417,http://www.directxex.com/uploads/1406101817.Server.exe,35,10,9,0,,,,,Trojan,
418,http://www.two-of-us.at/images/youtube/d/flashplayer.exe,44,0,12,2,,,,,Trojan,
419,http://www.two-of-us.at/images/3.exe,25,1,10,2,,,,,Trojan,
420,http://www.directxex.com/uploads/1010343014.server12345.exe,35,15,9,0,,,,,Trojan,
421,http://www.two-of-us.at/images/777.exe,25,3,10,2,,,,,Trojan,
422,http://www.downloads-whatsapp.com,27,0,6,1,,,,,Trojan,
423,http://www.downloads-whatsapp.com/whatsapp-for-nokia.php,46,0,10,3,,,,,Trojan,
424,http://www.two-of-us.at/images/au.exe,27,0,10,2,,,,,Trojan,
425,http://www.directxex.com/uploads/1021119574.C-Chrome.exe,36,10,10,1,,,,,Trojan,
426,http://www.blueimagen.com/Attachment/Invoice-List2013-10-20-Copy.jar,48,8,12,4,,,,,Trojan,
427,http://www.lostartofbeingadame.com/wp-content/plugins/www.fotosupload.php,62,0,11,1,,,,,Trojan,
428,http://www.bride1.com/File/www.fotosupload.com/fotosuploadcominfidelidadfotos2dediciembreparaquenoquedendudasc.zip,101,2,11,0,,,,,Trojan,
429,http://www.somethingnice.hc0.me/Miner/YACMiner.files,42,1,9,0,,,,,Trojan,
430,http://www.directxex.com/uploads/1251104917.p9g.exe,31,11,9,0,,,,,Trojan,
431,http://www.directxex.com/uploads/1353613345.ih.exe,31,10,9,0,,,,,Trojan,
432,http://www.directxex.com/uploads/143265795.ohi.exe,32,9,9,0,,,,,Trojan,
433,http://www.directxex.com/uploads/1565397800.9g.exe,30,11,9,0,,,,,Trojan,
434,http://www.directxex.com/uploads/158511922.uf.exe,31,9,9,0,,,,,Trojan,
435,http://www.directxex.com/uploads/1607796965.id100.exe,31,13,9,0,,,,,Trojan,
436,http://www.directxex.com/uploads/1836606807.9g.exe,30,11,9,0,,,,,Trojan,
437,http://www.directxex.com/uploads/1853928844.97g.exe,30,12,9,0,,,,,Trojan,
438,http://www.directxex.com/uploads/1991519040.aeg.exe,32,10,9,0,,,,,Trojan,
439,http://www.directxex.com/uploads/223478294.insid-start-sjw.exe,42,9,11,2,,,,,Trojan,
440,http://www.directxex.com/uploads/232683212.igi.exe,32,9,9,0,,,,,Trojan,
441,http://www.directxex.com/uploads/31401351.final5.exe,34,9,9,0,,,,,Trojan,
442,http://www.directxex.com/uploads/384011806.gotter.exe,35,9,9,0,,,,,Trojan,
443,http://www.directxex.com/uploads/414294618.009.exe,29,12,9,0,,,,,Trojan,
444,http://www.directxex.com/uploads/620509324.MINIMON.exe,36,9,9,0,,,,,Trojan,
445,http://www.directxex.com/uploads/623307317.inst.exe,33,9,9,0,,,,,Trojan,
446,http://www.directxex.com/uploads/636954784.ok.exe,31,9,9,0,,,,,Trojan,
447,http://www.directxex.com/uploads/662268336.BIN.exe,32,9,9,0,,,,,Trojan,
448,http://www.directxex.com/uploads/687255529.delfi.exe,34,9,9,0,,,,,Trojan,
449,http://www.directxex.com/uploads/744646896.rbsrb.exe,34,9,9,0,,,,,Trojan,
450,http://www.directxex.com/uploads/777724411.safetyCheck.exe,40,9,9,0,,,,,Trojan,
451,http://www.directxex.com/uploads/818611823.insidrazor.exe,39,9,9,0,,,,,Trojan,
452,http://www.directxex.com/uploads/836587333.skp.exe,32,9,9,0,,,,,Trojan,
453,http://www.directxex.com/uploads/845426478.xa.exe,31,9,9,0,,,,,Trojan,
454,http://www.directxex.com/uploads/995578741.miner.exe,34,9,9,0,,,,,Trojan,
455,http://www.directxex.com/uploads/1744698061.miner.txt,34,10,9,0,,,,,Trojan,
456,http://www.directxex.com/uploads/281742754.abbba.exe,34,9,9,0,,,,,Trojan,
457,http://www.directxex.com/uploads/566077266.ms.exe,31,9,9,0,,,,,Trojan,
458,http://www.directxex.com/uploads/1347878398.miner2.exe,34,11,9,0,,,,,Trojan,
459,http://www.directxex.com/uploads/1565998043.test.exe,33,10,9,0,,,,,Trojan,
460,http://www.directxex.com/uploads/2111586998.onoj.exe,33,10,9,0,,,,,Trojan,
461,http://www.directxex.com/uploads/566077266.ms.exe?dl=1,33,10,11,2,,,,,Trojan,
462,http://www.down2.feiyang163.com/soft/wavtomp3.exe,35,5,9,0,,,,,Trojan,
463,http://www.down3.feiyang163.com/soft/fcssq.exe,33,4,9,0,,,,,Trojan,
464,http://www.d1.kuai8.com/setup/kuai8_zjy.exe,30,3,10,1,,,,,Trojan,
465,http://www.down.unadnet.com.cn/soft/2Dmofang.exe,37,1,10,0,,,,,Trojan,
466,http://www.down.unadnet.com.cn/soft/loveletter.exe,40,0,10,0,,,,,Trojan,
467,http://www.ddd.gouwuke.cn/down/exejmman.exe,34,0,9,0,,,,,Trojan,
468,http://www.down.feiyang163.com/soft/alexacha.exe,36,3,9,0,,,,,Trojan,
469,http://www.down.feiyang163.com/soft/usblock.exe,35,3,9,0,,,,,Trojan,
470,http://www.down.feiyang163.com/soft/wbjfsys.exe,35,3,9,0,,,,,Trojan,
471,http://www.down.guangsu.cn/qdn/setup_qd262.exe,33,3,10,1,,,,,Trojan,
472,http://www.down.guangsu.cn/qdn/setup_qd304.exe,33,3,10,1,,,,,Trojan,
473,http://www.sj88.com/hezi/jm/s1000.exe,22,6,9,0,,,,,Trojan,
474,http://www.k.h.a.d.free.fr/pub/utils/oepv.exe,32,0,13,0,,,,,Trojan,
475,http://www.download.grandcloud.cn/9291/15474/setup_2949-14598.exe,35,18,12,2,,,,,Trojan,
476,http://www.download.grandcloud.cn/9291/16411/80347_al.exe,32,14,11,1,,,,,Trojan,
477,http://www.download.grandcloud.cn/9291/17147/cool_ES_PC35152730.exe,38,17,12,2,,,,,Trojan,
478,http://www.feiyang163.com/soft/fySpeaker.exe,33,3,8,0,,,,,Trojan,
479,http://www.thefxarchive.com/Downloads/WLMM/MMK_Warp_Variations.exe,55,0,11,2,,,,,Trojan,
480,http://www.formessengers.com/download.php?PN=MLP,39,0,9,2,,,,,Trojan,
481,http://www.dl.microsword.net/softdown/filerubber.exe,43,0,9,0,,,,,Trojan,
482,http://www.dl.microsword.net/Softdown/VideoRecord.exe,44,0,9,0,,,,,Trojan,
483,http://www.download.56.com/lp/client/update.lua,35,2,10,0,,,,,Trojan,
484,http://www.download.56.com/lp/client/woxiu1.0.15_20119070.exe,34,14,13,1,,,,,Trojan,
485,http://www.download.ttrili.com:98/Setup%5B57%5D-rl.exe,36,6,12,3,,,,,Trojan,
486,http://www.download.ttrili.com:98/Setup%5B75%5D-rl.exe,36,6,12,3,,,,,Trojan,
487,http://www.download.ttrili.com:98/setup%5B79%5D-rl.exe,36,6,12,3,,,,,Trojan,
488,http://www.download.ttrili.com:98/Setup[11]-rl.exe,34,4,12,3,,,,,Trojan,
489,http://www.f.gj555.net/download/setups30035.exe,30,8,9,0,,,,,Trojan,
490,http://www.f.gj555.net/download/setups30138.exe,30,8,9,0,,,,,Trojan,
491,http://www.f.gj555.net/download/setups34338.exe,30,8,9,0,,,,,Trojan,
492,http://www.f.gj555.net/download/setups75613.exe,30,8,9,0,,,,,Trojan,
493,http://www.f.gj555.net/download/setups83563.exe,30,8,9,0,,,,,Trojan,
494,http://www.f.gj555.net/download/setups91646.exe,30,8,9,0,,,,,Trojan,
495,http://www.f.gj555.net/download/setups95191.exe,30,8,9,0,,,,,Trojan,
496,http://www.files.dsnetwb.com/aTube_Catcher_5188_ATU3.exe,40,5,11,3,,,,,Trojan,
497,http://www.zctei.com/date/9377chiyue_Y_Cdcr1124.exe,33,8,10,2,,,,,Trojan,
498,http://www.somethingnice.hc0.me/Miner/Ufasoft.files,41,1,9,0,,,,,Trojan,
499,http://www.aippnetworks.com/plugins/authentication/joomla/aviancataca/aviancatacafreeticket.php,84,0,11,0,,,,,Trojan,
500,http://www.valouweeigenaren.nl/customers/billing/df367548-18.zip,46,8,10,1,,,,,Trojan,
501,http://www.valouweeigenaren.nl/customers/cases/acc56-81-93.zip,45,6,11,2,,,,,Trojan,
502,http://www.yumekin.com/inde.php,24,0,7,0,,,,,Trojan,
503,http://www.yumekin.com/inde.php?comercial@cohesp.com.br,44,0,11,2,,,,,Trojan,
504,http://www.ads.wikipartes.com/all/test.php,33,0,9,0,,,,,redirect,
505,http://www.tavuks.com/_vti_bin/1und1.php/,28,2,11,2,,,,,Trojan,
506,http://www.noobgirls.com/pussy.php,27,0,7,0,,,,,Trojan,
507,http://www.noobgirls.com/pussy.exe,27,0,7,0,,,,,Trojan,
508,http://www.vistatech.us/gangplanks/trysted.exe,38,0,8,0,,,,,Trojan,
509,http://www.batcoroadlinescorporation.com/concedes/diggers.exe,53,0,8,0,,,,,Trojan,
510,http://www.updat120.clanteam.com/calc,27,3,7,0,,,,,Trojan,
511,http://www.tvnews.or.kr/web/main.gif,27,0,9,0,,,,,Trojan,
512,http://www.tvnews.or.kr/web/menu.gif,27,0,9,0,,,,,Trojan,
513,http://www.studiochiarelli.eu/02-2014/clients/order.3757.zip,39,10,11,1,,,,,Trojan,
514,http://www.toochattoo.com/fond-ecran-anime/chinois1.exe,44,1,10,2,,,,,Trojan,
515,http://www.somethingnice.hc0.me/Miner/Miner.txt,37,1,9,0,,,,,Trojan,
516,http://www.somethingnice.hc0.me/Miner/jhProtominer.files,46,1,9,0,,,,,Trojan,
517,http://www.somethingnice.hc0.me/Miner/GPUMiner.files,42,1,9,0,,,,,Trojan,
518,http://www.onrio.com.br/site/Pdf/,24,0,9,0,,,,,Trojan,
519,http://www.somethingnice.hc0.me/Miner/CPUMiner.files,42,1,9,0,,,,,Trojan,
520,http://www.portalfiremasters.com.br/Fatura.Pdf.rar,41,0,9,0,,,,,Trojan,
521,http://www.funchill.com/Invoice.zip,28,0,7,0,,,,,Trojan,
522,http://www.nc2199.eden5.netclusive.de/Invoice.zip,35,5,9,0,,,,,Trojan,
523,http://www.notebookservisru.161.com1.ru/PayInfo.zip,38,4,9,0,,,,,Trojan,
524,http://www.fabioalbini.com/Invoice.zip,31,0,7,0,,,,,Trojan,
525,http://www.notaverde.com/Invoice.zip,29,0,7,0,,,,,Trojan,
526,http://www.directxex.com/uploads/1769382244.HDPlayer_BETA_installer_v2.55.exe,51,13,13,3,,,,,Trojan,
527,http://www.directxex.com/uploads/606454025.Download.exe,37,9,9,0,,,,,Trojan,
528,http://www.directxex.com/uploads/214894250.pics.rar,33,9,9,0,,,,,Trojan,
529,http://www.directxex.com/uploads/1483904659.photooamirat-annaba.exe,47,10,10,1,,,,,Trojan,
530,http://www.directxex.com/uploads/1844534592.avg.exe,32,10,9,0,,,,,Trojan,
531,http://www.e1r.net/download/ca.exe,25,1,8,0,,,,,Trojan,
532,http://www.mgfd1b.petrix.net/5i9fh30/counter.php?fid=2,37,6,11,2,,,,,redirect,
533,http://www.mirandolasrl.it/inddex.html,31,0,7,0,,,,,Trojan,
534,http://www.mirandolasrl.it/index.zip,29,0,7,0,,,,,Trojan,
535,http://www.dianepiette.co.uk/inddex.html,32,0,8,0,,,,,Trojan,
536,http://www.dianepiette.co.uk/index.zip,30,0,8,0,,,,,Trojan,
537,http://www.seal-technicsag.ch/inddex.html,33,0,8,1,,,,,Trojan,
538,http://www.h1666015.stratoserver.net/inddex.html,33,7,8,0,,,,,Trojan,
539,http://www.h1666015.stratoserver.net/inddex.html,33,7,8,0,,,,,Trojan,
540,http://www.seal-technicsag.ch/inddex.html,33,0,8,1,,,,,Trojan,
541,http://www.plantaardigebrandstof.nl/inddex.html,40,0,7,0,,,,,Trojan,
542,http://www.seal-technicsag.ch/index.zip,31,0,8,1,,,,,Trojan,
543,http://www.h1666015.stratoserver.net/index.zip,31,7,8,0,,,,,Trojan,
544,http://www.h1666015.stratoserver.net/index.zip,31,7,8,0,,,,,Trojan,
545,http://www.seal-technicsag.ch/index.zip,31,0,8,1,,,,,Trojan,
546,http://www.plantaardigebrandstof.nl/index.zip,38,0,7,0,,,,,Trojan,
547,http://www.ama-alliance.com/inddex.html,31,0,8,1,,,,,Trojan,
548,http://www.faiyazahmed.com/inddex.html,31,0,7,0,,,,,Trojan,
549,http://www.boschetto-hotel.gr/inddex.html,33,0,8,1,,,,,Trojan,
550,http://www.ama-alliance.com/index.zip,29,0,8,1,,,,,Trojan,
551,http://www.faiyazahmed.com/index.zip,29,0,7,0,,,,,Trojan,
552,http://www.boschetto-hotel.gr/index.zip,31,0,8,1,,,,,Trojan,
553,http://www.nlconsulateorlandoorg.siteprotect.net/index.zip,50,0,8,0,,,,,Trojan,
554,http://www.images.topguncustomz.com/index.zip,37,0,8,0,,,,,Trojan,
555,http://www.nlconsulateorlandoorg.siteprotect.net/inddex.html,52,0,8,0,,,,,Trojan,
556,http://www.images.topguncustomz.com/inddex.html,39,0,8,0,,,,,Trojan,
557,http://www.acquisizionevideo.com/download-software-free.html/uploads/4/9/4/6/4946671/mp3mymp3install.exe,74,13,17,2,,,,,Trojan,
558,http://www.sgs.us.com/sU3P6pqaWwkJ/,25,2,8,0,,,,,Trojan,
559,http://www.anshrit.com/images/m216.exe,27,3,8,0,,,,,Trojan,
560,http://www.4dexports.com/images/wav1.exe,30,2,8,0,,,,,Trojan,
561,http://www.bracbetul.com/images/sh-pdf.exe,33,0,9,1,,,,,Trojan,
562,http://www.merrymilkfoods.com/wp-content/uploads/2014/01/wav.exe,46,6,12,1,,,,,Trojan,
563,http://www.ocpersian.com,19,0,5,0,,,,,Trojan,
564,http://www.coalimpex.com/web/boleto2.jpg,31,1,8,0,,,,,Trojan,
565,http://www.coalimpex.com/web/boleto.jpg,31,0,8,0,,,,,Trojan,
566,http://www.coalimpex.com/web/bg-02.jpg,27,2,9,1,,,,,Trojan,
567,http://www.coalimpex.com/web/hot-venda/receita-cliente1.jpg,47,1,11,2,,,,,Trojan,
568,http://www.coalimpex.com/web/hot-venda/receita-cliente.jpg,47,0,11,2,,,,,Trojan,
569,http://www.coalimpex.com/web/hot-venda/advocacia.jpg,42,0,10,1,,,,,Trojan,
570,http://www.coalimpex.com/web/bo_03.php,27,2,9,1,,,,,Trojan,
571,http://www.coalimpex.com/web/pe/advocacia.jpg,36,0,9,0,,,,,Trojan,
572,http://www.coalimpex.com/web/bo_02.php,27,2,9,1,,,,,Trojan,
573,http://www.coalimpex.com/web/bo_01.php,27,2,9,1,,,,,Trojan,
574,http://www.coalimpex.com/web/hot-venda/hven_04.php,37,2,11,2,,,,,Trojan,
575,http://www.coalimpex.com/web/ch_01.php,27,2,9,1,,,,,Trojan,
576,http://www.coalimpex.com/web/hot-venda/hven_03.php,37,2,11,2,,,,,Trojan,
577,http://www.coalimpex.com/web/hot-venda/hven_02.php,37,2,11,2,,,,,Trojan,
578,http://www.coalimpex.com/web/hot-venda/hven_01.php,37,2,11,2,,,,,Trojan,
579,http://www.coalimpex.com/web/pe/pe_02.php,29,2,10,1,,,,,Trojan,
580,http://www.coalimpex.com/web/re_02.php,27,2,9,1,,,,,Trojan,
581,http://www.coalimpex.com/web/pe/pe_01.php,29,2,10,1,,,,,Trojan,
582,http://www.coalimpex.com/web/pe/ad_04.php,29,2,10,1,,,,,Trojan,
583,http://www.coalimpex.com/web/pe/ad_02.php,29,2,10,1,,,,,Trojan,
584,http://www.coalimpex.com/web/pe/ad_03.php,29,2,10,1,,,,,Trojan,
585,http://www.coalimpex.com/web/pe/ad_01.php,29,2,10,1,,,,,Trojan,
586,http://www.coalimpex.com/web/serasa/serasa_02.php,37,2,10,1,,,,,Trojan,
587,http://www.coalimpex.com/web/serasa/serasa_01.php,37,2,10,1,,,,,Trojan,
588,http://www.ministerio-publi.info/web/boleto2.jpg,38,1,9,1,,,,,Trojan,
589,http://www.ministerio-publi.info/web/boleto.jpg,38,0,9,1,,,,,Trojan,
590,http://www.ministerio-publi.info/web/bg-02.jpg,34,2,10,2,,,,,Trojan,
591,http://www.ministerio-publi.info/web/hot-venda/receita-cliente1.jpg,54,1,12,3,,,,,Trojan,
592,http://www.ministerio-publi.info/web/hot-venda/receita-cliente.jpg,54,0,12,3,,,,,Trojan,
593,http://www.ministerio-publi.info/web/hot-venda/advocacia.jpg,49,0,11,2,,,,,Trojan,
594,http://www.ministerio-publi.info/web/pe/advocacia.jpg,43,0,10,1,,,,,Trojan,
595,http://www.ministerio-publi.info/web/bo_03.php,34,2,10,2,,,,,Trojan,
596,http://www.ministerio-publi.info/web/bo_01.php,34,2,10,2,,,,,Trojan,
597,http://www.ministerio-publi.info/web/bo_02.php,34,2,10,2,,,,,Trojan,
598,http://www.ministerio-publi.info/web/ch_01.php,34,2,10,2,,,,,Trojan,
599,http://www.ministerio-publi.info/web/hot-venda/hven_04.php,44,2,12,3,,,,,Trojan,
600,http://www.ministerio-publi.info/web/hot-venda/hven_03.php,44,2,12,3,,,,,Trojan,
601,http://www.ministerio-publi.info/web/hot-venda/hven_02.php,44,2,12,3,,,,,Trojan,
602,http://www.ministerio-publi.info/web/hot-venda/hven_01.php,44,2,12,3,,,,,Trojan,
603,http://www.ministerio-publi.info/web/re_02.php,34,2,10,2,,,,,Trojan,
604,http://www.ministerio-publi.info/web/pe/pe_02.php,36,2,11,2,,,,,Trojan,
605,http://www.ministerio-publi.info/web/pe/ad_04.php,36,2,11,2,,,,,Trojan,
606,http://www.ministerio-publi.info/web/pe/pe_01.php,36,2,11,2,,,,,Trojan,
607,http://www.ministerio-publi.info/web/pe/ad_03.php,36,2,11,2,,,,,Trojan,
608,http://www.ministerio-publi.info/web/pe/ad_02.php,36,2,11,2,,,,,Trojan,
609,http://www.ministerio-publi.info/web/pe/ad_01.php,36,2,11,2,,,,,Trojan,
610,http://www.ministerio-publi.info/web/serasa/serasa_02.php,44,2,11,2,,,,,Trojan,
611,http://www.ministerio-publi.info/web/serasa/serasa_01.php,44,2,11,2,,,,,Trojan,
612,http://www.dentairemalin.com/images/report934875438jdfg8i45jg_07242014.exe,45,20,9,1,,,,,Trojan,
613,http://www.mathenea.com/css/report934875438jdfg8i45jg_07242014.exe,37,20,9,1,,,,,Trojan,
614,http://www.directxex.com/uploads/1738599339.ms1.exe?dl=11738599339.ms1.exe,38,23,13,2,,,,,Trojan,
615,http://www.6b8a953b2bf7788063d5-6e453f33ecbb90f11a62a5c376375af3.r71.cf5.rackcdn.com/Videos%20Player.mp4.exe,55,40,13,2,,,,,Trojan,
616,http://www.sankyo.gr.jp/Pagamento.zip?mscfopoysckwdh,43,0,9,1,,,,,Trojan,
617,http://www.sankyo.gr.jp/Pagamento.zip,29,0,8,0,,,,,Trojan,
618,http://www.sankyo.gr.jp/Pagamento.zip?IIFEhTaalZlzYipWok,47,0,9,1,,,,,Trojan,
619,http://www.rokus-tgy.hu/Pagamento.zip?IdjJzMrNmz,39,0,9,2,,,,,Trojan,
620,http://www.rokus-tgy.hu/Pagamento.zip,29,0,8,1,,,,,Trojan,
621,http://www.flowtec.com.br/vcard/Informazioni.zip,39,0,9,0,,,,,Trojan,
622,http://www.flowtec.com.br/vcard/Informazioni.zip,39,0,9,0,,,,,Trojan,
623,http://www.fabioalbini.com/Pay.zip,27,0,7,0,,,,,Trojan,
624,http://www.fabioalbini.com/Order.zip,29,0,7,0,,,,,Trojan,
625,http://www.fabioalbini.com/Pay.zip?2bMxG=heidi.kostic@aon.at,47,1,12,3,,,,,Trojan,
626,http://www.fabioalbini.com/Pay.zip?2bMxG=heidi.kostic,42,1,10,2,,,,,Trojan,
627,http://www.fabioalbini.com/Order.zip?YIjoBgGhCBbs,41,0,8,1,,,,,Trojan,
628,http://www.fabioalbini.com/Order.zip?snaVs8Hxk1UBauZlc5pQcGW7,49,4,8,1,,,,,Trojan,
629,http://www.emrlogistics.com/fr/to2.exe,29,1,8,0,,,,,Trojan,
630,http://www.cortesidesign.com/Avviso.zip,32,0,7,0,,,,,Trojan,
631,http://www.cortesidesign.com/Avviso.zip,32,0,7,0,,,,,Trojan,
632,http://www.writingassociates.com/img/lks.exe,36,0,8,0,,,,,Trojan,
633,http://www.troytempest.com/DHLDocument.zip,35,0,7,0,,,,,Trojan,
634,http://www.villalecchi.com/images/min/b41.exe,34,2,9,0,,,,,Trojan,
635,http://www.troytempest.com/DHLDocument.zip,35,0,7,0,,,,,Trojan,
636,http://www.sasson-cpa.co.il/Progetto.zip?iWPpEOb,38,0,10,2,,,,,Trojan,
637,http://www.sasson-cpa.co.il/Progetto.zip,31,0,9,1,,,,,Trojan,
638,http://www.rainbowcolours.me.uk/z14.exe,29,2,8,0,,,,,Trojan,
639,http://www.rainbowcolours.me.uk/g17.exe,29,2,8,0,,,,,Trojan,
640,http://www.progettocrea.org/wp-content/themes/telekom/telekom_deutschland_gmbh,66,0,12,3,,,,,Trojan,
641,http://www.ns1.the-sinner.net/modules/webstat/vodafone_service_d2,51,2,12,3,,,,,Trojan,
642,http://www.nctbonline.co.uk/InvoiceCopy.scr,35,0,8,0,,,,,Trojan,
643,http://www.ms11.net/%7Ecarmine/DHL%20Document.zip,34,5,10,2,,,,,Trojan,
644,http://www.mediatrade.h19.ru/Our,23,2,7,0,,,,,Trojan,
645,http://www.mahindrainsurance.com/Informazioni/risposta_info_1103.zip,54,4,10,2,,,,,Trojan,
646,http://www.mahindrainsurance.com/Informazioni/mail_info_11032014.zip,50,8,10,2,,,,,Trojan,
647,http://www.mahindrainsurance.com/Informazioni/Conferma.zip,50,0,8,0,,,,,Trojan,
648,http://www.mahindrainsurance.com/info/Mail_Info_11032014.zip,42,8,10,2,,,,,Trojan,
649,http://www.mahindrainsurance.com/info/conferma.zip,42,0,8,0,,,,,Trojan,
650,http://www.mahindrainsurance.com/Download_Risposta/Risposta.zip,54,0,9,1,,,,,Trojan,
651,http://www.mahindrainsurance.com/Download_Risposta/Mail_Info_11032014.zip,54,8,11,3,,,,,Trojan,
652,http://www.mahindrainsurance.com/download_doc/Risposta_Info_1103.zip,53,4,11,3,,,,,Trojan,
653,http://www.mahindrainsurance.com/download_doc/risposta.zip,49,0,9,1,,,,,Trojan,
654,http://www.mahindrainsurance.com/informazioni/risposta_info_1103.zip?david.cozens+at+martindale.com_rdynpk7uwzi,90,5,16,6,,,,,Trojan,
655,http://www.mahindrainsurance.com/informazioni/risposta_info_1103.zip?david.cozens%20at%20martindale.com_rdynpk7uwzi,90,9,16,6,,,,,Trojan,
656,http://www.mahindrainsurance.com/informazioni/risposta_info_1103.zip?david.cozens,65,4,12,3,,,,,Trojan,
657,http://www.mahindrainsurance.com/informazioni/risposta_info_1103.zip?abstracts%20at%20ages.com.au_yzoxmlfe0f,83,9,16,6,,,,,Trojan,
658,http://www.mahindrainsurance.com/informazioni/mail_info_11032014.zip?selene-68b%20at%20libero.it,67,14,15,6,,,,,Trojan,
659,http://www.mahindrainsurance.com/Informazioni/Conferma.zip?aannuzzo574@libero.it,66,3,11,2,,,,,Trojan,
660,http://www.mahindrainsurance.com/info/mail_info_11032014.zip?lerchc@kliniken-koeln.de_yex86uhg,69,10,15,6,,,,,Trojan,
661,http://www.mahindrainsurance.com/info/mail_info_11032014.zip?itas00@virgilio.it_skwsq,61,10,14,5,,,,,Trojan,
662,http://www.mahindrainsurance.com/info/mail_info_11032014.zip?itas00,46,10,11,3,,,,,Trojan,
663,http://www.mahindrainsurance.com/Info/Mail_Info_11032014.zip?58311xaNf5r7s,48,15,11,3,,,,,Trojan,
664,http://www.mahindrainsurance.com/info/mail_info_11032014.zip?2472316zzqa1knqcgu,52,16,11,3,,,,,Trojan,
665,http://www.mahindrainsurance.com/Info/Mail_Info_11032014.zip?11870953rILDR,47,16,11,3,,,,,Trojan,
666,http://www.mahindrainsurance.com/Info/Mail_Info_11032014.zip?02127pOiaw5LoQ,50,14,11,3,,,,,Trojan,
667,http://www.mahindrainsurance.com/info/conferma.zip?michele.armaniniatlibero.it_uubafwuh,75,0,12,2,,,,,Trojan,
668,http://www.mahindrainsurance.com/Download_Risposta/Risposta.zip?9949971rMqgj20wKB,62,9,10,2,,,,,Trojan,
669,http://www.mahindrainsurance.com/download_risposta/mail_info_11032014.zip?90460199329lkggbup0,61,20,12,4,,,,,Trojan,
670,http://www.mahindrainsurance.com/Download_Risposta/Mail_Info_11032014.zip?15844470966vrURcZ,60,19,12,4,,,,,Trojan,
671,http://www.mahindrainsurance.com/download_doc/risposta_info_1103.zip?dbspa3@actaliscertymail.it_i8dqtqvi,83,6,15,6,,,,,Trojan,
672,http://www.mahindrainsurance.com/Download_Doc/Risposta_Info_1103.zip?dbspa3@actaliscertymail.it_I8d,78,6,15,6,,,,,Trojan,
673,http://www.mahindrainsurance.com/Download_Doc/Risposta_Info_1103.zip?cinziofarinelli@libero.it_7pzc6tde,82,6,15,6,,,,,Trojan,
674,http://www.mahindrainsurance.com/download_doc/risposta_info_1103.zip?cinziofarinelli@libero.it,76,4,14,5,,,,,Trojan,
675,http://www.mahindrainsurance.com/download_doc/risposta.zip?fernando.zellettaatalice.it_ftowwc,80,0,13,3,,,,,Trojan,
676,http://www.mahindrainsurance.com/download_doc/risposta.zip?fernando.zelletta@alice.it_ftowwc,78,0,14,4,,,,,Trojan,
677,http://www.mahindrainsurance.com/download_doc/risposta.zip?fernando.zelletta@alice.it,72,0,13,3,,,,,Trojan,
678,http://www.innatek.com/ListinoPrezzi.zip,33,0,7,0,,,,,Trojan,
679,http://www.innatek.com/ListinoPrezzi.zip?SEmfjmWrPDXEz,46,0,8,1,,,,,Trojan,
680,http://www.hobbat.fvds.ru/DHL%20Document.zip,33,2,9,1,,,,,Trojan,
681,http://www.hobbat.fvds.ru/DHL,22,0,7,0,,,,,Trojan,
682,http://www.hnskorea.co.kr/alberta/dingo.exe,34,0,9,0,,,,,Trojan,
683,http://www.grendizer.biz/statistiche/fattura05032014.zip,40,8,8,0,,,,,Trojan,
684,http://www.gulf-industrial.com/images/2103USa.qta,36,4,9,1,,,,,Trojan,
685,http://www.grendizer.biz/ordine/info.zip,32,0,8,0,,,,,Trojan,
686,http://www.grendizer.biz/ordine/fattura05032014.zip,35,8,8,0,,,,,Trojan,
687,http://www.grendizer.biz/Informazioni/statistiche.zip,45,0,8,0,,,,,Trojan,
688,http://www.grendizer.biz/Informazioni/ordine4582923332.zip,40,10,8,0,,,,,Trojan,
689,http://www.grendizer.biz/Informazioni/Fattura05032014.zip,41,8,8,0,,,,,Trojan,
690,http://www.grendizer.biz/Informazioni/Info.zip,38,0,8,0,,,,,Trojan,
691,http://www.grendizer.biz/fattura/statistiche.zip,40,0,8,0,,,,,Trojan,
692,http://www.grendizer.biz/fattura/ordine4582923332.zip,35,10,8,0,,,,,Trojan,
693,http://www.grendizer.biz/fattura/fattura05032014.zip,36,8,8,0,,,,,Trojan,
694,http://www.grendizer.biz/statistiche/fattura05032014.zip?qgbaprb3jqghxxof,55,9,9,1,,,,,Trojan,
695,http://www.grendizer.biz/ordine/info.zip?phmtllqsewlgejrea3r_emanuele.monfriniatfastwebnet.it,80,1,12,2,,,,,Trojan,
696,http://www.grendizer.biz/ordine/info.zip?phmtllqsewlgejrea3r_emanuele.monfrini+at+fastwebnet.it,80,1,14,4,,,,,Trojan,
697,http://www.grendizer.biz/ordine/info.zip?phmtllqsewlgejrea3r_emanuele.monfrini%20at%20fastwebnet.it,80,5,14,4,,,,,Trojan,
698,http://www.grendizer.biz/ordine/info.zip?phmtllqsewlgejre=,48,0,10,2,,,,,Trojan,
699,http://www.grendizer.biz/ordine/fattura05032014.zip?xx0frhnydqgzvzfzugbs5xm,56,10,9,1,,,,,Trojan,
700,http://www.grendizer.biz/ordine/fattura05032014.zip?uiukcav35d,43,10,9,1,,,,,Trojan,
701,http://www.grendizer.biz/informazioni/statistiche.zip?vfw=,48,0,10,2,,,,,Trojan,
702,http://www.grendizer.biz/informazioni/statistiche.zip?vfww8lyfaiccpr_elke.staiger+at+fdp.landtag-bw.de,85,1,16,5,,,,,Trojan,
703,http://www.grendizer.biz/informazioni/ordine4582923332.zip?boweipzoa374cr_info@bikesplaza.nl,67,13,12,3,,,,,Trojan,
704,http://www.grendizer.biz/Informazioni/Info.zip?17kDYCBNi6t,46,3,9,1,,,,,Trojan,
705,http://www.grendizer.biz/Informazioni/Fattura05032014.zip?zav6BNgeGvW89WPVOQlRX,59,11,9,1,,,,,Trojan,
706,http://www.grendizer.biz/fattura/statistiche.zip?l7ucqay9bgq6i6sk,52,4,9,1,,,,,Trojan,
707,http://www.grendizer.biz/fattura/ordine4582923332.zip?vybhzpsoxzapz0xdt,51,11,9,1,,,,,Trojan,
708,http://www.grendizer.biz/fattura/fattura05032014.zip?jwui91zljfn,45,10,9,1,,,,,Trojan,
709,http://www.grendizer.biz/fattura/fattura05032014.zip?dzmooxysgf3yt6ju2ehhm,54,11,9,1,,,,,Trojan,
710,http://www.grendizer.biz/fattura/fattura05032014.zip?9hq3vacty6ggvex,48,11,9,1,,,,,Trojan,
711,http://www.dougmlee.com/DHL,21,0,6,0,,,,,Trojan,
712,http://www.dougmlee.com/DHL%20Document.zip,32,2,8,1,,,,,Trojan,
713,http://www.destre45.com/p/svhost.exe,26,2,8,0,,,,,Trojan,
714,http://www.destre45.com/p/f.exe,21,2,8,0,,,,,Trojan,
715,http://www.demo.vertexinfo.in/conclusione/dettagli.zip,45,0,9,0,,,,,Trojan,
716,http://www.demo.vertexinfo.in/conclusione/dettagli.zip?formazione@feldenkrais.it,68,0,12,2,,,,,Trojan,
717,http://www.demo.vertexinfo.in/conclusione/dettagli.zip?formazione%20at%20feldenkrais.it,70,4,13,3,,,,,Trojan,
718,http://www.decrolyschool.be/backup/1_1_777.exe,31,5,10,2,,,,,Trojan,
719,http://www.decografix.com/wp-content/uploads/2014/03/b41.exe,40,8,12,1,,,,,Trojan,
720,http://www.csmail.iggcn.com/temp/service_mail/attachments/2014/03/11/2014031105343091111.zip,50,27,15,1,,,,,Trojan,
721,http://www.cope.it/templates/webstat/finanzgruppe_volksbanken_ne/index,59,0,11,2,,,,,Trojan,
722,http://www.csmail.iggcn.com/temp/service_mail/attachments/2014/03/11/2014031105343091111.zip,50,27,15,1,,,,,Trojan,
723,http://www.classicspeedway.com/ff.exe,30,0,7,0,,,,,Trojan,
724,http://www.centralwestwater.com.au/Estratto/Dati.zip,43,0,9,0,,,,,Trojan,
725,http://www.centralwestwater.com.au/Dettagli_Fatture.zip,46,0,9,1,,,,,Trojan,
726,http://www.centralwestwater.com.au/Conto.zip,36,0,8,0,,,,,Trojan,
727,http://www.centralwestwater.com.au/Estratto/Dati.zip,43,0,9,0,,,,,Trojan,
728,http://www.centralwestwater.com.au/Dettagli_Fatture.zip?aladinodepaulis@uniadriatica.it,75,0,12,3,,,,,Trojan,
729,http://www.centralwestwater.com.au/Conto.zip?gZ5lXOdeRY7y,46,2,9,1,,,,,Trojan,
730,http://www.americancareconcept.com/modules/webstat/rechnungonline_telekom_rt/2014_05_rechnungonline_8290155236sign.zip,87,16,15,5,,,,,Trojan,
731,http://www.americancareconcept.com/modules/webstat/rechnungonline_telekom_rt/2014_05_rechnungonline_8290155236sign.zip,87,16,15,5,,,,,Trojan,
732,http://www.amazingvacationhotels.com/wp-content/themes/HotelWeb2/connect/mac.exe,67,1,12,1,,,,,Trojan,
733,http://www.kadirzerey.com/wp-content/themes/genegri/file.ecr,49,0,11,1,,,,,Trojan,
734,http://www.murbil.hostei.com/wp-content/themes/Mizzo/file.ecr,49,0,12,1,,,,,Trojan,
735,http://www.rentfromart.com/media/system/images/Java.exe,45,0,10,0,,,,,Trojan,
736,http://www.uploads.tmweb.ru/sFAAd3uEW9.exe,32,2,8,0,,,,,Trojan,
737,http://www.strangeduckfilms.com/222,26,3,6,0,,,,,Trojan,
738,http://www.arkinsoftware.in/images/nukotobne.exe,40,0,8,0,,,,,Trojan,
739,http://www.arkinsoftware.in/images/inexsabit.exe,40,0,8,0,,,,,Trojan,
740,http://www.arkinsoftware.in/images/aveksynkens.exe,42,0,8,0,,,,,Trojan,
741,http://www.beespace.com.ua/hook/hookkey.exe,34,0,9,0,,,,,Trojan,
742,http://www.sadiqtv.com/111,17,3,6,0,,,,,Trojan,
743,http://www.rallyeair.com/111,19,3,6,0,,,,,Trojan,
744,http://www.nbook.far.ru/111,17,3,7,0,,,,,Trojan,
745,http://www.pgalvaoteles.pt/111,21,3,6,0,,,,,Trojan,
746,http://www.lefos.net/111,15,3,6,0,,,,,Trojan,
747,http://www.gogetgorgeous.com/111,23,3,6,0,,,,,Trojan,
748,http://www.decota.es/111,15,3,6,0,,,,,Trojan,
749,http://www.beautysafari.com/111,22,3,6,0,,,,,Trojan,
750,http://www.axisbuild.com/111,19,3,6,0,,,,,Trojan,
751,http://www.loft2126.dedicatedpanel.com/cra/s.exe,35,4,9,0,,,,,Trojan,
752,http://www.loft2126.dedicatedpanel.com/vvv.exe,34,4,8,0,,,,,Trojan,
753,http://www.chaveiro.bio.br/tmp/AcbtReader.exe,36,0,9,0,,,,,Trojan,
754,http://www.campamento.queenscamp.com/yuppie/staying,43,0,8,0,,,,,Trojan,
755,http://www.ftp.flyfishusa.com/lords/vanishings,38,0,8,0,,,,,Trojan,
756,http://www.optimization-methods.com/Bilder/calc.exe,42,0,9,1,,,,,Trojan,
757,http://www.paraskov.com/err.exe,24,0,7,0,,,,,Trojan,
758,http://www.tatschke.net/hbc.exe,24,0,7,0,,,,,Trojan,
759,http://www.wt10.haote.com/jywgxrjzd.exe,29,2,8,0,,,,,Trojan,
760,http://www.fiduciariobajio.com.mx/plugins/content/hltv.exe,48,0,10,0,,,,,Trojan,
761,http://www.cmicapui.ce.gov.br/components/com_phocadownload/helpers/modu.exe,62,0,13,1,,,,,Trojan,
762,http://www.harshwhispers.com/img/dunptty.gif,36,0,8,0,,,,,Trojan,
763,http://www.harshwhispers.com/img/wxynts.gif,35,0,8,0,,,,,Trojan,
764,http://www.prorodeosportmed.com/templates/atomic/html/mod_custom/default.xx,63,0,12,1,,,,,Trojan,
765,http://www.xicaxique.com.br/catalog/view/theme/default/image/image102.jpg,57,3,13,0,,,,,Trojan,
766,http://www.iybasketball.info/wp-content/themes/twentytwelve/lo.exe,55,0,11,1,,,,,Trojan,
767,http://www.loft2126.dedicatedpanel.com/pnn/1.txt,34,5,9,0,,,,,Trojan,
768,http://www.loft2126.dedicatedpanel.com/pnn/12.exe,34,6,9,0,,,,,Trojan,
769,http://www.loft2126.dedicatedpanel.com/pnn/20.exe,34,6,9,0,,,,,Trojan,
770,http://www.hexadl.line55.net/FLV_Media_Player.exe,37,2,10,2,,,,,Trojan,
771,http://www.hexadl.line55.net/FLV-HD.exe,28,2,9,1,,,,,Trojan,
772,http://www.fbku.com/yeni/Porno-HD.exe,28,0,9,1,,,,,Trojan,
773,http://www.getdatanetukscan.info/sp32_64_10044639319006172375.exe,32,24,9,2,,,,,Trojan,
774,http://www.getdatanetukscan.info/sp32_64_3491943367355003623.exe,32,23,9,2,,,,,Trojan,
775,http://www.d32k27yvyi4kmv.cloudfront.net/installer/Installer.exe,50,5,9,0,,,,,Trojan,
776,http://www.extreembilisim.com/themes/blue/Cure.exe,41,0,9,0,,,,,Trojan,
777,http://www.extreembilisim.com/themes/blue/panelServerCrypted.exe,55,0,9,0,,,,,Trojan,
778,http://www.nailbytes1.com/test/86lkL2Xpxa.exe,33,4,8,0,,,,,Trojan,
779,http://www.hoerbird.net/galerie/w4f3f4.exe,31,3,8,0,,,,,Trojan,
780,http://www.josip-stadler.org/11,22,2,7,1,,,,,Trojan,
781,http://www.loft2126.dedicatedpanel.com/b.exe,32,4,8,0,,,,,Trojan,
782,http://www.chsplantsales.co.uk/werwre56,30,2,7,0,,,,,Trojan,
783,http://www.cudacorp.com/shqgowox,26,0,6,0,,,,,Trojan,
784,http://www.jdfabrication.com/ihfipiex,31,0,6,0,,,,,Trojan,
785,http://www.mueller-holz-bau.com/v28nyn27,28,4,8,2,,,,,Trojan,
786,http://www.perfectionautorepairs.com/jkcokunrh,40,0,6,0,,,,,Trojan,
787,http://www.pharmadeal.gr/nfqnaanl,27,0,6,0,,,,,Trojan,
788,http://www.testtralala.xorg.pl/s6i8yn,28,2,7,0,,,,,Trojan,
789,http://www.super8service.de/zf0yx,25,2,6,0,,,,,Trojan,
790,http://www.whitehorsetechnologies.net/images/clients/x/mail.php,53,0,10,0,,,,,Phishing,
791,http://www.dimarsbg.com/images/portfolio/vtutmcireturxeitritxirete/rcturtncuyretycrutycreu.exe,84,0,10,0,,,,,Trojan,
792,http://www.dimarsbg.com/images/prettyPhoto/light_rounded/jicmtritucirutmucr.exe,68,0,11,1,,,,,Trojan,
793,http://www.dimarsbg.com/images/social_media/vuiutcimrieiurxiexerexrexrerex/vrituiruixtuieruxtireuit.exe,92,0,11,1,,,,,Trojan,
794,http://www.thewinesteward.com/css/Document1704.exe,38,4,8,0,,,,,Trojan,
795,http://www.eternitymobiles.com/25/144.exe,28,5,8,0,,,,,Trojan,
796,http://www.e-matelco.com/25/144.exe,21,5,9,1,,,,,Trojan,
797,http://www.TRIANGLESERVICESLTD.COM/25/144.exe,32,5,8,0,,,,,Trojan,
798,http://www.hobby-hangar.net/25/144.exe,24,5,9,1,,,,,Trojan,
799,http://www.creditbootcamp.com/25/144.exe,27,5,8,0,,,,,Trojan,
800,http://www.hana-naveh.com/25/144.exe,22,5,9,1,,,,,Trojan,
801,http://www.gurde.tourstogo.us/leefoohopt/ezussoadyz/utufegheer/files/GO49776M.vbs,64,5,12,0,,,,,Trojan,
802,http://www.eekro.cruisingsmallship.com/oaglotogoa/pusoathuth/okexithejo/files/,67,0,11,0,,,,,Trojan,
803,http://www.ptuph.barginginfrance.net/ytooglesyw/evymoftoph/leewhigroo/files/,65,0,11,0,,,,,Trojan,
804,http://www.emits.iptvdeals.com/pigneglogl/psoomporso/whulsynsee/files/,59,0,11,0,,,,,Trojan,
805,http://www.shovi.frost-electric-supply.com/ychoomusha/uptejawhee/eegelengic/files/,69,0,13,2,,,,,Trojan,
806,http://www.iptoo.cruisingsmallship.com/cocmeepsee/nikagnypsi/hoaboogrol/files/,67,0,11,0,,,,,Trojan,
807,http://www.uchyz.cruisingsmallship.com/vootukigli/shacmiwhoa/zipevelrid/files/,67,0,11,0,,,,,Trojan,
808,http://www.eecky.butlerelectricsupply.com/oalseebypt/hidowodruf/phaptyrsoa/files/,70,0,11,0,,,,,Trojan,
809,http://www.zyrdu.cruisingsmallship.com/vyglachaph/choawoatch/glocoaphoo/files/,67,0,11,0,,,,,Trojan,
810,http://www.ixoox.csheaven.com/ytoocmefta/ythyreejyk/eeshoomoar/files/,58,0,11,0,,,,,Trojan,
811,http://www.gylra.cruisingsmallship.com/talsoohaha/icoagroapt/oglaheeglo/files/,67,0,11,0,,,,,Trojan,
812,http://www.oshoo.iptvdeals.com/oachudydri/theshasicm/chyshyngee/files/,59,0,11,0,,,,,Trojan,
813,http://www.coaha.frenchgerlemanelectric.com/atydymulra/psoaptylty/ywhopaptyl/files/,72,0,11,0,,,,,Trojan,
814,http://www.echoa.randbinternationaltravel.com/wheekresip/lesorgysoj/oasemteefu/files/,74,0,11,0,,,,,Trojan,
815,http://www.ooksu.frost-electric-supply.com/sebossoode/itylseehyh/grykrostad/files/,69,0,13,2,,,,,Trojan,
816,http://www.efugl.iptvdeals.com/avoamsyrga/ujecketird/fudsoonsep/files/,59,0,11,0,,,,,Trojan,
817,http://www.ptool.barginginfrance.net/wadostomot/oophosagli/tipsosteen/files/,65,0,11,0,,,,,Trojan,
818,http://www.ocick.frost-electric-supply.com/nasaghytho/whofydroon/glotchypiv/files/,69,0,13,2,,,,,Trojan,
819,http://www.xotsa.frenchgerlemanelectric.com/apsestooxo/iwheewhosh/keckalrees/files/,72,0,11,0,,,,,Trojan,
820,http://www.veksi.barginginfrance.net/oassemsoci/psolsoapsi/netsoorgaw/files/,65,0,11,0,,,,,Trojan,
821,http://www.ukugl.tourstogo.us/shudsoangu/whooglagoz/isestipsep/files/,58,0,11,0,,,,,Trojan,
822,http://www.greev.randbinternationaltravel.com/sheptighut/groadratoa/omedryglol/files/,74,0,11,0,,,,,Trojan,
823,http://www.simpi.tourstogo.us/vodopsoopu/dumseessee/viphadeeph/files/,58,0,11,0,,,,,Trojan,
824,http://www.iwhab.randbinternationaltravel.com/etuwotsols/phydretack/psyveshool/files/,74,0,11,0,,,,,Trojan,
825,http://www.whabi.csheaven.com/ehetsusywh/yglegrehee/jitypsewhy/files/,58,0,11,0,,,,,Trojan,
826,http://www.nonsi.csheaven.com/udoartorsa/oathampoat/uzostecmew/files/,58,0,11,0,,,,,Trojan,
827,http://www.namso.butlerelectricsupply.com/yfuksajozi/phidampoas/ufykampoap/files/,70,0,11,0,,,,,Trojan,
828,http://www.eroov.iptvdeals.com/wheedessyh/uptoowhooj/urognotchy/files/,59,0,11,0,,,,,Trojan,
829,http://www.rawoo.barginginfrance.net/deethevoaz/upsachoaju/poastycith/files/,65,0,11,0,,,,,Trojan,
830,http://www.hoawy.frost-electric-supply.com/synestyfoo/oampansoam/fetuksessu/files/,69,0,13,2,,,,,Trojan,
831,http://www.wetyt.tourstogo.us/shissashee/abekekurdi/oagrusteel/files/,58,0,11,0,,,,,Trojan,
832,http://www.uvidu.butlerelectricsupply.com/ephuhoawud/fodrejymta/pugnovesho/files/,70,0,11,0,,,,,Trojan,
833,http://www.asham.tourstogo.us/oadirteeph/eeroaghyss/evoarsoshi/files/,58,0,11,0,,,,,Trojan,
834,http://www.oakso.tourstogo.us/pheekseeku/kirystobul/exeedsoots/files/,58,0,11,0,,,,,Trojan,
835,http://www.dujur.barginginfrance.net/oampimsika/foowimupho/thampoperd/files/,65,0,11,0,,,,,Trojan,
836,http://www.keemy.butlerelectricsupply.com/zyrsoltoah/duftuxoxyz/epheenyzug/files/,70,0,11,0,,,,,Trojan,
837,http://www.ithyk.frenchgerlemanelectric.com/cywhamsoaj/thamtampee/oodsardoon/files/,72,0,11,0,,,,,Trojan,
838,http://www.vitha.csheaven.com/awygludoav/ooghooksek/puptywoamt/files/,58,0,11,0,,,,,Trojan,
839,http://www.esoad.frost-electric-supply.com/psutsoshup/phastupsim/tigrystolt/files/,69,0,13,2,,,,,Trojan,
840,http://www.gurde.tourstogo.us/leefoohopt/ezussoadyz/utufegheer/files/,58,0,11,0,,,,,Trojan,
841,http://www.oampa.csheaven.com/ovoamegloa/ishoodooho/whetcheeng/files/,58,0,11,0,,,,,Trojan,
842,http://www.acool.csheaven.com/okoassetch/buweegnogr/ereedrimtu/files/,58,0,11,0,,,,,Trojan,
843,http://www.phoaz.cruisingsmallship.com/thymuksate/ysigorguru/stogroaryf/files/,67,0,11,0,,,,,Trojan,
844,http://www.oshoa.iptvdeals.com/whoagrofta/shaphygyft/oomtyrtogl/files/,59,0,11,0,,,,,Trojan,
845,http://www.psooz.tourstogo.us/joacumupty/yduhoalrow/ooksyfoogl/files/,58,0,11,0,,,,,Trojan,
846,http://www.oolsi.frost-electric-supply.com/eerutsuleh/oamteejigl/shogrodroo/files/,69,0,13,2,,,,,Trojan,
847,http://www.kulro.csheaven.com/dersyphalr/kyjorsoalt/rywoarsoaz/files/,58,0,11,0,,,,,Trojan,
848,http://www.eeroo.frost-electric-supply.com/phoagnonga/oshuzoathu/anunserogy/files/,69,0,13,2,,,,,Trojan,
849,http://www.gyboo.cruisingsmallship.com/phyckyhert/oaltesteef/ptoneewhis/files/,67,0,11,0,,,,,Trojan,
850,http://www.rumog.frost-electric-supply.com/ooxyphuxoa/oodrirolta/javyphepti/files/,69,0,13,2,,,,,Trojan,
851,http://www.veevu.tourstogo.us/yxampoavoo/psopansoom/ithexoakib/files/,58,0,11,0,,,,,Trojan,
852,http://www.eetho.cruisingsmallship.com/fustochoox/areltussen/hoogroxuga/files/,67,0,11,0,,,,,Trojan,
853,http://www.oojee.barginginfrance.net/poovajywhi/ooghovelee/madroompob/files/,65,0,11,0,,,,,Trojan,
854,http://www.igoby.frost-electric-supply.com/eesefteeps/ookeestool/meefeleezu/files/,69,0,13,2,,,,,Trojan,
855,http://www.upsoj.iptvdeals.com/doaryruptu/uroassulah/foomosoglo/files/,59,0,11,0,,,,,Trojan,
856,http://www.oosee.barginginfrance.net/buksyngems/boofoostiw/orignujonu/files/,65,0,11,0,,,,,Trojan,
857,http://www.oawoo.frenchgerlemanelectric.com/utyfatheex/nurirsoaja/rojingaroo/files/,72,0,11,0,,,,,Trojan,
858,http://www.whave.iptvdeals.com/panoowyxoz/oazicmitov/ptampordap/files/,59,0,11,0,,,,,Trojan,
859,http://www.kyrsu.frost-electric-supply.com/wowoathept/grishamesa/weemoseevo/files/,69,0,13,2,,,,,Trojan,
860,http://www.mocka.frost-electric-supply.com/zarseehetu/igaksuxals/kyroalopsa/files/,69,0,13,2,,,,,Trojan,
861,http://www.pulso.butlerelectricsupply.com/uthoachugr/uceerdyhap/ochadikist/files/,70,0,11,0,,,,,Trojan,
862,http://www.nefib.tourstogo.us/shoampakre/igoawootsi/greengeeku/files/,58,0,11,0,,,,,Trojan,
863,http://www.oapsa.tourstogo.us/looreeneps/yshoobeeje/syshyshogo/files/,58,0,11,0,,,,,Trojan,
864,http://www.azoos.csheaven.com/eechoawoap/rissupsuns/bigleeptuf/files/,58,0,11,0,,,,,Trojan,
865,http://www.ptush.iptvdeals.com/oapsoadoov/vooglebopo/oasoardexy/files/,59,0,11,0,,,,,Trojan,
866,http://www.zibup.csheaven.com/ypsoophoov/ptycmympub/teezukedoo/files/,58,0,11,0,,,,,Trojan,
867,http://www.atyss.barginginfrance.net/aseerteert/ootoorezav/olaweersyb/files/,65,0,11,0,,,,,Trojan,
868,http://www.ptewh.iptvdeals.com/foogloajuc/eeshedyfon/yvookrynso/files/,59,0,11,0,,,,,Trojan,
869,http://www.igroo.barginginfrance.net/ogroatashy/osynoonsax/ydumtixivy/files/,65,0,11,0,,,,,Trojan,
870,http://www.oofuv.cruisingsmallship.com/oozughoars/psoakraghi/oawygroors/files/,67,0,11,0,,,,,Trojan,
871,http://www.pigra.csheaven.com/eveebichoa/xygyrtoolt/ooholtoaka/files/,58,0,11,0,,,,,Trojan,
872,http://www.dofeb.frenchgerlemanelectric.com/iglejimoar/upsudypooz/leepeegrah/files/,72,0,11,0,,,,,Trojan,
873,http://www.igagh.tourstogo.us/chogoajeep/uhozyngako/iphoasteer/files/,58,0,11,0,,,,,Trojan,
874,http://www.estoa.frost-electric-supply.com/ukoatiptyv/upseeboapo/ufekyckaft/files/,69,0,13,2,,,,,Trojan,
875,http://www.ubike.tourstogo.us/lussoaglee/raxadsunyx/oatchingoa/files/,58,0,11,0,,,,,Trojan,
876,http://www.boogu.barginginfrance.net/peehejoaty/avugnemtee/hibygnoars/files/,65,0,11,0,,,,,Trojan,
877,http://www.oowhe.frost-electric-supply.com/ejisoozach/esisseeloo/oajilitsof/files/,69,0,13,2,,,,,Trojan,
878,http://www.nugly.barginginfrance.net/oogamtoafo/eestathici/athiphisik/files/,65,0,11,0,,,,,Trojan,
879,http://www.motivacionyrelajacion.com/Z0H24k7E6A/,36,5,7,0,,,,,Trojan,
880,http://www.executivecoaching.co.il/IsKgVrtvQ/,37,0,8,0,,,,,Trojan,
881,http://www.atlcourier.com/wp-content/plugins/cached_data/k1.exe,50,1,12,2,,,,,Trojan,
882,http://www.mondoperaio.net/wp-content/plugins/cached_data/k1.exe,51,1,12,2,,,,,Trojan,
883,http://www.fondazioneciampi.org/nuovo/blogs/media/ap2.php,46,1,10,0,,,,,Trojan,
884,http://www.europe-academy.net/wp-admin/user/ap2.php,39,1,11,2,,,,,Trojan,
885,http://www.lunaticjazz.com,21,0,5,0,,,,,Trojan,
886,http://www.earthcontrolsys.com/abuse_report.php?issviews.com,50,0,10,2,,,,,Trojan,
887,http://www.drteachme.com/wp-content/plugins/theme-check/misc.php,52,0,12,2,,,,,Trojan,
888,http://www.eeps.me/,13,0,6,0,,,,,Phishing,
889,http://www.scantanzania.com/bin/img/make.html,36,0,9,0,,,,,Phishing,
890,http://www.inclusivediversity.co.uk/wp-content/upgrade/,45,0,10,1,,,,,redirect,
891,http://www.proascolcolombia.com/portal/modules/mod_banners/Imprimir_IntimacaoCTI2015-03698541.rar?cli=Cliente&/yRpBKPujKU/nNqRc6QsuO.php,104,13,19,6,,,,,Trojan,
892,http://www.proascolcolombia.com/portal/modules/mod_banners/Imprimir_IntimacaoCTI2015-03698541.rar?cli=Cliente&/yRpBKPujKU/nNqRc6QsuO.php,104,13,19,6,,,,,Trojan,
893,http://www.wonchangvacuum.com.my/libraries/pear/mandate.htm,49,0,10,0,,,,,Phishing,
894,http://www.gosciniec-paproc.pl/lib/excel/kamp.php,39,0,10,1,,,,,Phishing,
895,http://www.deleondeos.com/img/script.php?tup1.jpg,38,1,10,1,,,,,Trojan,
896,http://www.deleondeos.com/img/script.php?tup2.jpg,38,1,10,1,,,,,Trojan,
897,http://www.deleondeos.com/img/script.php?tup3.jpg,38,1,10,1,,,,,Trojan,
898,http://www.icybrand.eu/pathway/created/accelerated/mailuserlg/savealife/trwrwbejtw.zip,74,0,12,0,,,,,Phishing,
899,http://www.icybrand.eu/pathway/created/accelerated/mailuserlg/savealife/trwrwbejtw/viewer.php,80,0,13,0,,,,,Phishing,
900,http://www.gold-city.it/image/_vti_cnf/app/psi.exe,37,0,13,3,,,,,Trojan,
901,http://www.cerquasas.it/wp-admin/user/UPS_INVOICE.rar,42,0,11,2,,,,,Trojan,
902,http://www.izzy-cars.nl/9uj8n76b5.exe,24,5,8,1,,,,,Trojan,
903,http://www.stopmeagency.free.fr/9uj8n76b5.exe,32,5,8,0,,,,,Trojan,
904,http://www.reclamus.com/9uj8n76b5.exe,25,5,7,0,,,,,Trojan,
905,http://www.lhs-mhs.org/9uj8n76b5.exe,23,5,8,1,,,,,Trojan,
906,http://www.zt.tim-taxi.com/login.php,27,0,9,1,,,,,Phishing,
907,http://www.marialorena.com.br/wp-content/plugins/hello123/8888ytc6r.exe,51,8,12,1,,,,,Trojan,
908,http://www.buildviet.info/servicer/fattura/,35,0,8,0,,,,,Trojan,
909,http://www.avokka.com/Panel/dl.exe,26,0,8,0,,,,,Trojan,
910,http://www.avokka.com/Panel/gate.php,28,0,8,0,,,,,Trojan,
911,http://www.jcmarcadolib.com/hbc/a.php,29,0,8,0,,,,,Phishing,
912,http://www.euro-vertrieb.com/hosteurope/KIS-Login.htm,43,0,10,2,,,,,Phishing,
913,http://www.coffeol.com/fend/raw_server.exe,33,0,9,1,,,,,Trojan,
914,http://www.pgathailand.com/which.exe,29,0,7,0,,,,,Trojan,
915,http://www.jessisjewels.com/disk/update/postmaster/en/?ar=yourname@yourdomain.com,67,0,14,3,,,,,Phishing,
916,http://www.tscl.com.bd/m/RI%20XIN%20QUOTATION%20LIST.zip,38,6,12,3,,,,,Trojan,
917,http://www.art-archiv.ru/images/animated-number/docum-arhiv.exe,51,0,12,3,,,,,Trojan,
918,http://www.kingskillz.ru/~kingskil/Prince/Man/lucy/mine/shit.exe,51,0,13,1,,,,,Trojan,
919,http://www.raneevahijab.id/adnin/box/workspace/,38,0,9,0,,,,,Phishing,
920,http://www.lifelabs.vn/api/get.php?id=aW5mb0BzYXBjdXBncmFkZXMuY29t,52,4,10,2,,,,,Trojan,
921,http://www.falconsafe.com.sg/api/get.php?id=aW5mb0BzYXBjdXBncmFkZXMuY29t,57,4,11,2,,,,,Trojan,
922,http://www.fo5.a1-downloader.org/g2v9s1.php?id=yourname@yourdomain.com,52,5,13,4,,,,,Trojan,
923,http://www.up.mykings.pw:8888/update.txt,27,4,9,0,,,,,Trojan,
924,http://www.down.mykings.pw:8888/ver.txt,26,4,9,0,,,,,Trojan,
925,http://www.down.mykings.pw:8888/ups.rar,26,4,9,0,,,,,Trojan,
926,http://www.ssl-6582datamanager.de/,23,4,7,1,,,,,redirect,
927,http://www.privatkunden.datapipe9271.com/,30,4,7,0,,,,,Phishing,
928,http://www.amazon-sicherheit.kunden-ueberpruefung.xyz,45,0,8,2,,,,,Phishing,
929,http://www.sarahdaniella.com/swift/SWIFT%20$.pdf.ace,39,2,11,2,,,,,Trojan,
930,http://www.textspeier.de,19,0,5,0,,,,,Phishing,
931,http://www.photoscape.ch/Setup.exe,27,0,7,0,,,,,Trojan,
