URL,zimu_num,shuzi,zifu_num,url_T_num,inner,out,sum,bili,req_type_num,hanjian_host_num
http://www.baidu.com,15,0,5,0,3,11,14,0.214285714,2,0
http://www.qq.com,12,0,5,0,24,65,89,0.269662921,7,1
http://www.tmall.com,15,0,5,0,12,78,90,0.133333333,5,0
http://www.taobao.com,16,0,5,0,5,40,45,0.111111111,3,0
http://www.sohu.com,14,0,5,0,211,387,598,0.352842809,21,4
http://www.jd.com,12,0,5,0,10,35,45,0.222222222,3,0
http://passport.weibo.com,20,0,5,0,0,0,0,0.0,0,0
http://weibo.com,12,0,4,0,2,115,117,0.017094017,10,4
http://www.sina.com.cn,16,0,6,0,136,274,410,0.331707317,25,7
http://www.360.cn,9,3,5,0,3,149,152,0.019736842,4,0
http://www.csdn.net,14,0,5,0,99,57,156,0.634615385,13,7
http://www.alipay.com,16,0,5,0,0,8,8,0.0,2,1
http://www.bilibili.com,18,0,5,0,56,65,121,0.462809917,2,0
http://www.xinhuanet.com,19,0,5,0,181,139,320,0.565625,8,0
http://www.tianya.cn,15,0,5,0,15,17,32,0.46875,8,2
http://www.soso.com,14,0,5,0,5,0,5,1.0,2,0
http://www.hao123.com,13,3,5,0,31,181,212,0.146226415,4,0
http://www.so.com,12,0,5,0,3,3,6,0.5,5,2
http://www.babytree.com,18,0,5,0,44,87,131,0.33587786299999994,8,2
http://www.panda.tv,14,0,5,0,26,116,142,0.183098592,5,0
http://www.zhihu.com,15,0,5,0,5,7,12,0.41666666700000005,4,1
http://www.google.cn,15,0,5,0,2,0,2,1.0,1,0
http://www.iqiyi.com,15,0,5,0,53,90,143,0.37062937100000004,6,0
http://cn.bing.com,13,0,5,0,5,0,5,1.0,5,2
http://www.zhanqi.tv,15,0,5,0,91,1,92,0.989130435,5,2
http://www.1688.com,10,4,5,0,30,239,269,0.11152416400000001,9,0
http://www.cnblogs.com,17,0,5,0,47,1,48,0.979166667,5,1
http://www.china.com.cn,17,0,6,0,25,212,237,0.105485232,14,3
http://www.caijing.com.cn,19,0,6,0,127,9,136,0.9338235290000001,6,2
http://www.sogou.com,15,0,5,0,28,0,28,1.0,2,1
http://www.people.com.cn,18,0,6,0,177,22,199,0.889447236,4,0
http://www.huanqiu.com,17,0,5,0,78,73,151,0.516556291,11,4
http://www.163.com,10,3,5,0,57,200,257,0.22178988300000002,10,2
http://www.douban.com,16,0,5,0,25,69,94,0.265957447,5,3
http://www.rednet.cn,15,0,5,0,91,85,176,0.517045455,4,1
http://www.ci123.com,12,3,5,0,213,17,230,0.926086957,9,2
http://www.aliyun.com,16,0,5,0,15,213,228,0.065789474,5,1
http://www.yy.com,12,0,5,0,36,49,85,0.42352941200000005,8,1
http://www.mama.cn,13,0,5,0,148,7,155,0.95483871,8,5
http://www.youdao.com,16,0,5,0,10,31,41,0.243902439,3,1
http://www.douyu.com,15,0,5,0,8,113,121,0.066115702,3,0
http://www.chinadaily.com.cn,22,0,6,0,184,13,197,0.934010152,10,4
http://www.amazon.cn,15,0,5,0,13,78,91,0.14285714300000002,3,0
http://www.baike.com,15,0,5,0,6,137,143,0.041958042,8,3
http://www.jianshu.com,17,0,5,0,1,62,63,0.015873016,9,2
http://www.51sole.com,14,2,5,0,77,80,157,0.49044586,11,6
http://www.jrj.com.cn,15,0,6,0,41,201,242,0.169421488,5,0
http://www.amazon.cn,15,0,5,0,0,0,0,0.0,0,0
http://www.17ok.com,12,2,5,0,1,2,3,0.333333333,4,2
http://www.youth.cn,14,0,5,0,46,74,120,0.38333333299999994,15,4
http://www.oeeee.com,15,0,5,0,80,44,124,0.64516129,12,3
http://www.cqnews.net,16,0,5,0,308,5,313,0.9840255590000001,8,4
http://huaban.com,13,0,4,0,23,136,159,0.14465408800000001,23,6
http://www.gome.com.cn,16,0,6,0,12,189,201,0.059701493,17,7
http://www.zol.com.cn,15,0,6,0,64,14,78,0.8205128209999999,5,0
http://www.6.cn,9,1,5,0,5,157,162,0.030864198,4,0
http://www.gamersky.com,18,0,5,0,331,1,332,0.996987952,2,0
http://www.cdstm.cn,14,0,5,0,138,6,144,0.958333333,7,3
http://www.wtoip.com,15,0,5,0,278,60,338,0.822485207,12,6
http://www.toutiao.com,17,0,5,0,18,24,42,0.428571429,5,2
http://www.nga.cn,12,0,5,0,6,49,55,0.109090909,4,1
http://www.huya.com,14,0,5,0,40,128,168,0.23809523800000001,5,0
http://www.jiameng.com,17,0,5,0,546,25,571,0.9562171629999999,5,1
http://nj.58.com,9,2,5,0,14,119,133,0.10526315800000001,6,1
http://www.smzdm.com,15,0,5,0,107,159,266,0.402255639,31,13
http://www.alibaba.com,17,0,5,0,32,133,165,0.193939394,5,0
http://www.scol.com.cn,16,0,6,0,114,17,131,0.8702290079999999,6,1
http://www.admaimai.com,18,0,5,0,232,3,235,0.987234043,4,1
http://www.admaimai.com,18,0,5,0,232,3,235,0.987234043,3,1
http://www.jqw.com,13,0,5,0,106,6,112,0.9464285709999999,7,4
http://www.umeng.com,15,0,5,0,8,61,69,0.115942029,6,0
http://www.k618.cn,10,3,5,0,21,41,62,0.33870967700000004,7,2
http://www.dianping.com,18,0,5,0,8,47,55,0.145454545,5,1
http://www.hupu.com,14,0,5,0,15,93,108,0.13888888900000002,9,1
http://www.126.com,10,3,5,0,0,7,7,0.0,2,0
http://www.xiami.com,15,0,5,0,8,181,189,0.042328042,9,2
http://www.360doc.com,13,3,5,0,12,0,12,1.0,1,0
http://www.runoob.com,16,0,5,0,13,4,17,0.764705882,7,2
http://www.jb51.net,12,2,5,0,89,8,97,0.9175257729999999,9,4
http://www.cnbeta.com,16,0,5,0,19,149,168,0.113095238,19,5
http://www.oschina.net,17,0,5,0,63,1,64,0.984375,3,1
http://segmentfault.com,19,0,4,0,91,9,100,0.91,9,3
http://www.178.com,10,3,5,0,128,46,174,0.7356321840000001,7,1
http://www.mydrivers.com,19,0,5,0,51,46,97,0.525773196,15,4
http://www.ali213.net,13,3,5,0,130,35,165,0.787878788,5,1
http://www.feng.com,14,0,5,0,73,2,75,0.973333333,3,1
http://www.mi.com,12,0,5,0,5,55,60,0.083333333,3,0
http://www.tencent.com,17,0,5,0,27,1,28,0.9642857140000001,3,1
http://www.chiphell.com,18,0,5,0,360,12,372,0.967741935,5,2
http://www.firefox.com.cn,19,0,6,0,34,1,35,0.9714285709999999,2,1
http://www.4399.com,10,4,5,0,17,47,64,0.265625,5,0
http://www.cnki.net,14,0,5,0,54,10,64,0.84375,2,0
http://www.zhibo8.cc,14,1,5,0,11,221,232,0.047413792999999996,6,0
http://www.jmw.com.cn,15,0,6,0,93,60,153,0.607843137,20,7
http://www.51.la,9,2,5,0,30,3,33,0.9090909090000001,4,1
http://www.51cto.com,13,2,5,0,128,21,149,0.859060403,6,2
http://home.firefoxchina.cn,22,0,5,0,50,38,88,0.568181818,8,0
http://weibo.cn,11,0,4,0,0,5,5,0.0,1,0
http://www.52pojie.cn,14,2,5,0,36,25,61,0.590163934,7,2
http://www.chsi.com.cn,16,0,6,0,22,3,25,0.88,6,1
http://www.dangdang.com,18,0,5,0,22,34,56,0.39285714299999996,9,3
http://www.dangdang.com,18,0,5,0,30,46,76,0.39473684200000003,3,0
http://www.ctrip.com,15,0,5,0,1,0,1,1.0,1,1
http://www.w3school.com.cn,19,1,6,0,14,1,15,0.933333333,5,2
http://www.familydoctor.com.cn,24,0,6,0,275,25,300,0.916666667,11,5
http://www.bzw315.com,13,3,5,0,74,5,79,0.936708861,4,0
http://www.autohome.com.cn,20,0,6,0,79,225,304,0.259868421,6,4
http://www.ithome.com,16,0,5,0,62,66,128,0.484375,15,7
http://www.qj.com.cn,14,0,6,0,247,7,254,0.972440945,3,1
http://hlgyl.aa679.cn,13,3,5,0,6,5,11,0.545454545,4,1
http://www.umeng.com,15,0,5,0,8,59,67,0.119402985,6,1
http://www.vmall.com,15,0,5,0,3,53,56,0.053571429000000004,8,2
http://www.pptv.com,14,0,5,0,17,133,150,0.11333333300000001,10,4
http://www.jjwxc.net,15,0,5,0,32,8,40,0.8,5,1
http://nanjing.anjuke.com,20,0,5,0,18,208,226,0.079646018,14,3
http://www.boc.cn,12,0,5,0,72,8,80,0.9,6,3
http://www.it168.com,12,3,5,0,73,7,80,0.9125,8,5
http://sina.cn,10,0,4,0,1,0,1,1.0,2,2
http://www.hexun.com,15,0,5,0,167,15,182,0.917582418,11,7
http://www.xunlei.com,16,0,5,0,23,4,27,0.851851852,4,2
http://www.114la.com,12,3,5,0,114,53,167,0.6826347309999999,8,2
http://shimo.im,11,0,4,0,39,2,41,0.951219512,6,5
http://wenda.so.com,14,0,5,0,1,41,42,0.023809524,8,1
http://www.pc6.com,12,1,5,0,33,24,57,0.578947368,3,0
http://www.dmzj.com,14,0,5,0,3,0,3,1.0,1,0
http://www.sjtu.edu.cn,16,0,6,0,49,0,49,1.0,1,0
http://www.miui.com,14,0,5,0,20,4,24,0.833333333,5,1
http://36kr.com,9,2,4,0,15,38,53,0.28301886800000003,3,1
http://nj.focus.cn,13,0,5,0,23,111,134,0.17164179100000002,8,2
http://www.docin.com,15,0,5,0,6,46,52,0.115384615,4,1
http://www.cnnic.cn,14,0,5,0,81,3,84,0.9642857140000001,4,1
http://www.duowan.com,16,0,5,0,33,89,122,0.27049180300000003,6,1
http://www.newsmth.net,17,0,5,0,12,2,14,0.857142857,3,0
http://www.jiwu.com,14,0,5,0,20,2,22,0.9090909090000001,5,2
http://www.acfun.cn,14,0,5,0,21,65,86,0.244186047,6,1
http://www.a9vg.com,13,1,5,0,109,22,131,0.8320610690000001,4,0
http://www.17173.com,10,5,5,0,8,144,152,0.052631579000000005,7,2
http://www.mtime.com,15,0,5,0,17,70,87,0.19540229899999997,9,3
http://www.meituan.com,17,0,5,0,2,30,32,0.0625,3,1
http://www.99114.com,10,5,5,0,74,3,77,0.961038961,3,1
http://www.nipic.com,15,0,5,0,38,29,67,0.5671641789999999,4,0
http://www.pku.edu.cn,15,0,6,0,114,0,114,1.0,1,0
http://www.hujiang.com,17,0,5,0,11,35,46,0.239130435,6,2
http://www.springer.com,18,0,5,0,21,79,100,0.21,47,27
http://jandan.net,13,0,4,0,20,75,95,0.21052631600000002,18,7
http://www.sf-express.com,19,0,6,1,0,0,0,0.0,0,0
http://www.sf-express.com,19,0,6,1,65,3,68,0.955882353,5,3
http://588ku.com,9,3,4,0,54,6,60,0.9,6,3
http://bbs.saraba1st.com,18,1,5,0,6,3,9,0.666666667,3,1
http://www.miaopai.com,17,0,5,0,24,0,24,1.0,1,0
http://www.mafengwo.cn,17,0,5,0,6,70,76,0.078947368,6,1
http://www.onlinedown.net,20,0,5,0,83,34,117,0.7094017090000001,13,6
http://www.360.cn,9,3,5,0,3,149,152,0.019736842,4,0
http://www.xdf.cn,12,0,5,0,178,22,200,0.89,13,7
http://www.mafengwo.cn,17,0,5,0,6,66,72,0.083333333,4,0
http://www.alimama.com,17,0,5,0,0,98,98,0.0,4,0
http://www.3158.cn,9,4,5,0,304,1,305,0.9967213109999999,2,1
http://www.hjenglish.com,19,0,5,0,2,103,105,0.019047619,5,2
http://www.cncn.org.cn,16,0,6,0,103,1,104,0.990384615,2,1
http://www.tudou.com,15,0,5,0,15,152,167,0.089820359,10,3
http://www.qidian.com,16,0,5,0,18,66,84,0.214285714,5,0
http://www.imooc.com,15,0,5,0,30,49,79,0.379746835,4,1
http://www.fudan.edu.cn,17,0,6,0,91,19,110,0.827272727,2,0
http://www.2345.com,10,4,5,0,57,100,157,0.363057325,9,1
http://www.doc88.com,13,2,5,0,130,8,138,0.942028986,2,0
http://nanjing.fang.com,18,0,5,0,2,73,75,0.026666667,4,1
http://nanjing.fang.com,18,0,5,0,16,149,165,0.096969697,4,0
http://www.ea3w.com,13,1,5,0,205,6,211,0.971563981,2,0
http://www.iyiou.com,15,0,5,0,87,8,95,0.9157894740000001,10,6
http://www.sznews.com,16,0,5,0,383,3,386,0.992227979,4,2
http://www.pconline.com.cn,20,0,6,0,63,8,71,0.887323944,6,3
http://www.qyer.com,14,0,5,0,12,13,25,0.48,2,0
http://www.guancha.cn,16,0,5,0,205,7,212,0.966981132,7,3
http://www.ctfile.com,16,0,5,0,23,1,24,0.958333333,3,1
http://ww.xitek.com,14,0,5,0,210,33,243,0.864197531,5,0
http://www.liepin.com,16,0,5,0,12,95,107,0.11214953300000001,3,0
http://www.zhiding.cn,16,0,5,0,100,3,103,0.970873786,6,4
http://www.autotimes.com.cn,21,0,6,0,144,4,148,0.972972973,5,2
http://www.58pic.com,13,2,5,0,7,41,48,0.145833333,9,4
http://www.81.cn,9,2,5,0,170,20,190,0.894736842,6,1
http://www.suning.com,16,0,5,0,12,46,58,0.20689655199999998,8,4
http://www.yinxiang.com,18,0,5,0,13,2,15,0.8666666670000001,7,2
http://www.renren.com,16,0,5,0,9,38,47,0.191489362,7,3
http://www.yinyuetai.com,19,0,5,0,255,53,308,0.827922078,11,6
http://www.miercn.com,16,0,5,0,36,178,214,0.168224299,12,4
http://www.eastmoney.com,19,0,5,0,47,72,119,0.39495798299999996,6,2
http://www.yesky.com,15,0,5,0,59,53,112,0.526785714,8,2
http://www.ih5.cn,11,1,5,0,48,5,53,0.905660377,7,4
http://www.lofter.com,16,0,5,0,6,51,57,0.10526315800000001,10,1
http://cd.haofang.net,16,0,5,0,35,23,58,0.6034482760000001,14,7
http://www.oa.com,12,0,5,0,7,1,8,0.875,2,0
http://www.ximalaya.com,18,0,5,0,5,155,160,0.03125,3,0
http://www.pcbaby.com.cn,18,0,6,0,66,31,97,0.680412371,5,2
http://www.51job.com,13,2,5,0,1,65,66,0.015151515,2,1
http://bj.lianjia.com,16,0,5,0,11,61,72,0.152777778,8,2
http://www.efu.com.cn,15,0,6,0,175,31,206,0.849514563,5,2
http://www.sina.com.cn,16,0,6,0,137,274,411,0.333333333,20,4
http://www.southcn.com,17,0,5,0,161,5,166,0.9698795179999999,8,3
http://sspai.com,12,0,4,0,33,5,38,0.8684210529999999,6,2
http://www.17track.net,15,2,5,0,55,5,60,0.916666667,7,3
http://www.to8to.com,14,1,5,0,73,22,95,0.768421053,5,0
http://www.hao245.com,13,3,5,0,0,2,2,0.0,1,0
http://www.hao123.com,13,3,5,0,31,151,182,0.17032967,6,2
http://www.cctv.com,14,0,5,0,5,134,139,0.035971223,5,1
http://www.kugou.com,15,0,5,0,25,27,52,0.480769231,3,0
http://www.gov.cn,12,0,5,0,110,5,115,0.956521739,9,3
http://www.fobshanghai.com,21,0,5,0,39,1,40,0.975,2,1
http://www.huxiu.com,15,0,5,0,19,105,124,0.153225806,10,3
http://www.ooopic.com,16,0,5,0,4,231,235,0.017021276999999998,4,1
http://www.ooopic.com,16,0,5,0,4,229,233,0.017167382,4,1
http://www.mi.com,12,0,5,0,5,49,54,0.092592593,3,0
http://www.sciencenet.cn,19,0,5,0,58,2,60,0.966666667,3,1
http://www.cr173.com,12,3,5,0,399,2,401,0.9950124690000001,3,0
http://www.thepaper.cn,17,0,5,0,81,6,87,0.931034483,6,3
http://www.cpic.com.cn,16,0,6,0,17,45,62,0.274193548,5,0
http://www.jstv.com,14,0,5,0,108,7,115,0.939130435,7,3
http://www.panduoduo.net,19,0,5,0,0,73,73,0.0,16,5
http://www.guokr.com,15,0,5,0,31,18,49,0.632653061,7,3
http://ee.bytedance.net,18,0,5,0,5,7,12,0.41666666700000005,5,2
http://www.gusuwang.com,18,0,5,0,41,59,100,0.41,5,2
http://www.cyol.com,14,0,5,0,111,15,126,0.880952381,3,0
http://www.cmbchina.com,18,0,5,0,96,0,96,1.0,1,0
http://www.photofans.cn,18,0,5,0,116,98,214,0.542056075,4,1
http://www.ceconline.com,19,0,5,0,55,31,86,0.639534884,8,4
http://www.aizhan.com,16,0,5,0,29,0,29,1.0,1,0
http://www.dilidili.wang,19,0,5,0,0,5,5,0.0,2,0
http://www.battlenet.com.cn,21,0,6,0,22,44,66,0.333333333,6,1
http://www.weather.com.cn,19,0,6,0,86,25,111,0.774774775,16,8
http://steamcn.com,14,0,4,0,89,22,111,0.8018018020000001,12,6
http://www.liansuo.com,17,0,5,0,302,8,310,0.974193548,6,1
http://www.kdslife.com,17,0,5,0,14,52,66,0.212121212,4,0
http://www.gfan.com,14,0,5,0,16,131,147,0.10884353699999999,9,3
http://www.mydigit.cn,16,0,5,0,28,73,101,0.277227723,10,2
http://www.pinggu.org,16,0,5,0,12,22,34,0.352941176,6,2
http://www.ifanr.com,15,0,5,0,76,40,116,0.655172414,10,2
http://www.wanfangdata.com.cn,23,0,6,0,84,1,85,0.9882352940000001,2,0
http://www.coursera.org,18,0,5,0,2,3,5,0.4,10,7
http://www.12306.cn,9,5,5,0,23,0,23,1.0,1,0
http://www.coursera.org,18,0,5,0,1,0,1,1.0,1,0
http://www.zhcw.com,14,0,5,0,0,5,5,0.0,1,0
http://www.iciba.com,15,0,5,0,37,11,48,0.770833333,5,1
http://www.sonhoo.com,16,0,5,0,160,7,167,0.958083832,3,0
http://www.ip138.com,12,3,5,0,1,1,2,0.5,3,2
http://wallstreetcn.com,19,0,4,0,28,48,76,0.3684210526315789,7,2
http://www.house365.com,15,3,5,0,18,0,18,1.0,1,0
http://www.tuniu.com,15,0,5,0,2,195,197,0.01015228426395939,6,3
http://www.house365.com,15,3,5,0,18,0,18,1.0,2,1
http://www.winshang.com,18,0,5,0,207,5,212,0.9764150943396226,5,3
http://www.10010.com,10,5,5,0,2,0,2,1.0,1,1
http://www.10010.com,10,5,5,0,146,0,146,1.0,4,3
http://www.10010.com,10,5,5,0,2,0,2,1.0,2,2
http://www.10010.com,10,5,5,0,185,0,185,1.0,4,2
http://www.evolife.cn,16,0,5,0,99,12,111,0.8918918918918919,6,2
http://www.qunar.com,15,0,5,0,57,82,139,0.4100719424460432,3,1
http://www.xiaomi.cn,15,0,5,0,16,51,67,0.2388059701492537,6,2
http://www.xiachufang.com,20,0,5,0,2,68,70,0.028571428571428567,7,3
http://www.csair.com,15,0,5,0,1,0,1,1.0,1,1
http://www.csair.com,15,0,5,0,29,0,29,1.0,5,2
http://www.gongchang.com,19,0,5,0,3,118,121,0.02479338842975207,4,0
http://www.dxy.cn,12,0,5,0,20,125,145,0.13793103448275862,7,4
http://cloud.tencent.com,19,0,5,0,11,158,169,0.0650887573964497,9,4
http://www.weiyun.com,16,0,5,0,6,39,45,0.13333333333333333,9,6
http://www.ccb.com,13,0,5,0,0,0,0,0.0,0,0
http://www.ccb.com,13,0,5,0,218,0,218,1.0,2,0
http://www.chengdu.cn,16,0,5,0,38,32,70,0.5428571428571428,8,3
http://www.qichacha.com,18,0,5,0,70,5,75,0.9333333333333332,9,4
http://www.ems.com.cn,15,0,6,0,29,1,30,0.9666666666666668,2,0
http://www.banma.com,15,0,5,0,114,2,116,0.9827586206896552,2,0
http://www.youzan.com,16,0,5,0,2,85,87,0.02298850574712644,7,5
http://www.zju.edu.cn,15,0,6,0,63,1,64,0.984375,3,1
http://www.10086.cn,9,5,5,0,1,0,1,1.0,1,1
http://www.10086.cn,9,5,5,0,123,0,123,1.0,1,0
http://www.189.cn,9,3,5,0,1,0,1,1.0,2,2
http://www.189.cn,9,3,5,0,50,3,53,0.9433962264150944,3,1
http://en.yiwugo.com,15,0,5,0,8,81,89,0.0898876404494382,4,1
http://www.52pk.com,12,2,5,0,137,3,140,0.9785714285714284,9,4
http://www.dv37.com,12,2,5,0,187,11,198,0.9444444444444444,3,0
http://www.dapenti.com,17,0,5,0,4,72,76,0.05263157894736842,16,5
http://www.win007.com,13,3,5,0,37,2,39,0.9487179487179488,2,0
http://www.chinanews.com,19,0,5,0,116,61,177,0.655367231638418,7,1
http://www.vvvdj.com,15,0,5,0,161,6,167,0.9640718562874252,3,0
http://www.dayoo.com,15,0,5,0,81,9,90,0.9,6,3
http://www.amap.com,14,0,5,0,21,0,21,1.0,4,0
http://www.kuaidi100.com,16,3,5,0,40,40,80,0.5,8,4
http://www.xueqiu.com,16,0,5,0,3,25,28,0.10714285714285714,6,1
http://www.lagou.com,15,0,5,0,12,54,66,0.18181818181818185,6,1
http://www.ebrun.com,15,0,5,0,0,0,0,0.0,0,0
http://www.ebrun.com,15,0,5,0,144,13,157,0.9171974522292994,7,3
http://www.dingtalk.com,18,0,5,0,1,79,80,0.0125,5,1
http://www.cheaa.com,15,0,5,0,188,36,224,0.8392857142857143,3,0
http://tower.im,11,0,4,0,19,5,24,0.7916666666666666,5,0
http://www.258.com,10,3,5,0,283,34,317,0.8927444794952681,7,0
http://login.alibaba-inc.com,22,0,6,1,9,14,23,0.39130434782608703,5,1
http://www.iweihai.cn,16,0,5,0,70,17,87,0.8045977011494253,3,0
http://www.liqu.com,14,0,5,0,72,7,79,0.9113924050632912,4,0
http://www.liaoxuefeng.com,21,0,5,0,27,13,40,0.675,6,2
http://www.iliangcang.com,20,0,5,0,88,30,118,0.7457627118644068,6,3
http://www.kongfz.com,16,0,5,0,56,21,77,0.7272727272727273,4,1
http://www.11467.com,10,5,5,0,23,14,37,0.6216216216216216,4,1
http://www.babyschool.com.cn,22,0,6,0,101,27,128,0.7890625,11,5
http://www.morningpost.com.cn,23,0,6,0,59,1,60,0.9833333333333332,3,1
http://www.acs.org,13,0,5,0,46,27,73,0.6301369863013698,16,9
http://www.acs.org,13,0,5,0,36,16,52,0.6923076923076923,8,4
http://www.vip.com,13,0,5,0,6,38,44,0.13636363636363635,6,0
http://www.lenovo.com.cn,18,0,6,0,13,104,117,0.1111111111111111,6,3
http://www.uc.cn,11,0,5,0,38,2,40,0.95,4,2
http://www.ibm.com,13,0,5,0,42,79,121,0.3471074380165289,24,12
http://www.netease.com,17,0,5,0,3,37,40,0.075,4,2
http://www.huijiwiki.com,19,0,5,0,45,34,79,0.569620253164557,7,3
http://www.ctoutiao.com,18,0,5,0,95,36,131,0.7251908396946565,9,2
http://www.pinduoduo.com,19,0,5,0,47,31,78,0.6025641025641025,6,3
http://m.9384.com,8,4,5,0,27,6,33,0.8181818181818182,4,1
http://www.koolearn.com,18,0,5,0,142,26,168,0.8452380952380952,11,1
http://www.sanguosha.com,19,0,5,0,89,0,89,1.0,1,0
http://www.jia400.com,13,3,5,0,227,6,233,0.9742489270386266,6,1
http://bj.ganji.com,14,0,5,0,1,58,59,0.01694915254237288,5,2
http://www.fliggy.com,16,0,5,0,7,70,77,0.09090909090909093,6,2
http://www.9game.cn,13,1,5,0,5,17,22,0.2272727272727273,4,0
http://www.hc360.com,12,3,5,0,703,31,734,0.957765667574932,7,3
http://www.stockstar.com,19,0,5,0,42,21,63,0.6666666666666666,5,1
http://www.flyertea.com,18,0,5,0,10,65,75,0.13333333333333333,7,2
http://mebook.cc,12,0,4,0,13,16,29,0.4482758620689655,5,0
http://www.ule.com,13,0,5,0,7,149,156,0.04487179487179487,3,0
http://dict.cn,10,0,4,0,0,30,30,0.0,8,3
http://www.cntv.cn,13,0,5,0,0,0,0,0.0,0,0
http://www.cctv.com,14,0,5,0,5,142,147,0.034013605442176874,5,1
http://www.right.com.cn,17,0,6,0,1,0,1,1.0,2,1
http://cn.china.cn,13,0,5,0,163,10,173,0.9421965317919077,3,0
http://www.iconfont.cn,17,0,5,0,1,18,19,0.05263157894736842,4,2
http://www.51credit.com,16,2,5,0,68,3,71,0.9577464788732394,2,0
http://www.tsinghua.edu.cn,20,0,6,0,0,0,0,0.0,0,0
http://www.tsinghua.edu.cn,20,0,6,0,51,1,52,0.9807692307692308,2,0
http://www.appinn.com,16,0,5,0,83,3,86,0.9651162790697676,7,3
http://www.taptap.com,16,0,5,0,3,97,100,0.03,8,3
http://www.kuwo.cn,13,0,5,0,55,1,56,0.9821428571428572,2,0
http://www.jiayuan.com,17,0,5,0,30,76,106,0.2830188679245283,3,1
http://www.feiren.com,16,0,5,0,67,6,73,0.9178082191780822,3,0
http://www.zxxk.com,14,0,5,0,137,1,138,0.9927536231884058,4,2
http://juejin.im,12,0,4,0,7,37,44,0.1590909090909091,7,0
http://www.cifnews.com,17,0,5,0,91,26,117,0.7777777777777778,6,0
http://www.linkhaitao.com,20,0,5,0,61,1,62,0.9838709677419356,2,0
http://gaoqing.la,13,0,4,0,12,117,129,0.09302325581395347,14,3
http://www.tmtpost.com,17,0,5,0,85,8,93,0.913978494623656,5,2
http://www.icbc.com.cn,16,0,6,0,1,0,1,1.0,1,1
http://www.icbc.com.cn,16,0,6,0,210,0,210,1.0,1,0
http://nanjing.baixing.com,21,0,5,0,6,55,61,0.09836065573770493,5,2
http://www.kanzhun.com,17,0,5,0,61,1,62,0.9838709677419356,2,0
http://worktile.com,15,0,4,0,55,8,63,0.873015873015873,3,0
http://www.duomai.com,16,0,5,0,99,6,105,0.9428571428571428,5,3
http://nj.nuomi.com,14,0,5,0,6,53,59,0.1016949152542373,3,0
http://www.juzimi.com,16,0,5,0,131,5,136,0.9632352941176472,4,1
http://www.fengniao.com,18,0,5,0,85,116,201,0.4228855721393035,4,1
http://www.zdfans.com,16,0,5,0,231,5,236,0.9788135593220338,4,1
http://www.home77.com,14,2,5,0,6,1,7,0.8571428571428571,2,1
http://www.findlaw.cn,16,0,5,0,9,167,176,0.05113636363636364,5,2
http://www.alitrip.com,17,0,5,0,2,69,71,0.028169014084507043,7,4
http://www.eqxiu.com,15,0,5,0,9,37,46,0.1956521739130435,4,1
http://www.gao7.com,13,1,5,0,76,13,89,0.8539325842696629,5,2
http://www.chaduo.com,16,0,5,0,341,7,348,0.9798850574712644,6,2
http://www.dianxiaomi.com,20,0,5,0,66,3,69,0.9565217391304348,3,0
http://www.china.com,15,0,5,0,57,172,229,0.24890829694323144,10,2
http://www.uisdc.com,15,0,5,0,111,27,138,0.8043478260869565,9,2
http://www.huim.com,14,0,5,0,57,8,65,0.8769230769230769,8,3
http://www.jiemian.com,17,0,5,0,80,12,92,0.8695652173913043,4,0
http://www.weidian.com,17,0,5,0,1,4,5,0.2,2,1
http://www.zuanke8.com,16,1,5,0,35,60,95,0.3684210526315789,20,10
http://www.66law.cn,12,2,5,0,114,1,115,0.991304347826087,2,0
http://www.eee114.com,13,3,5,0,74,11,85,0.8705882352941177,5,1
http://www.news18a.com,15,2,5,0,97,7,104,0.9326923076923076,4,1
http://www.oneplusbbs.com,20,0,5,0,26,33,59,0.4406779661016949,5,1
http://www.sdo.com,13,0,5,0,74,3,77,0.9610389610389609,2,0
http://cli.im,9,0,4,0,4,40,44,0.09090909090909093,5,1
http://xiumi.us,11,0,4,0,10,0,10,1.0,1,0
http://xiumi.us,11,0,4,0,0,0,0,0.0,0,0
http://tz.bitauto.com,16,0,5,0,19,295,314,0.06050955414012739,12,2
http://www.jdpay.com,15,0,5,0,0,0,0,0.0,0,0
http://www.jdpay.com,15,0,5,0,0,38,38,0.0,2,0
http://www.pcauto.com.cn,18,0,6,0,155,12,167,0.9281437125748504,12,6
http://www.ucas.ac.cn,15,0,6,0,60,2,62,0.967741935483871,2,0
http://www.techweb.com.cn,19,0,6,0,90,10,100,0.9,4,0
http://699pic.com,10,3,4,0,53,0,53,1.0,3,1
http://www.91jm.com,12,2,5,0,123,15,138,0.8913043478260869,6,1
http://www.d1ev.com,13,1,5,0,43,72,115,0.3739130434782609,5,1
http://www.2cto.com,13,1,5,0,61,7,68,0.8970588235294118,4,1
http://www.chinaunix.net,19,0,5,0,10,13,23,0.43478260869565216,5,1
http://www.whu.edu.cn,15,0,6,0,45,0,45,1.0,1,0
http://www.book118.com,14,3,5,0,21,1,22,0.9545454545454546,3,1
http://www.19lou.com,13,2,5,0,5,98,103,0.04854368932038835,7,3
http://www.fangdd.com,16,0,5,0,15,0,15,1.0,1,0
http://www.9ku.com,12,1,5,0,27,53,80,0.3375,13,5
http://www.wechat.com,16,0,5,0,0,0,0,0.0,0,0
http://www.wechat.com,16,0,5,0,0,13,13,0.0,1,0
http://www.meizu.com,15,0,5,0,51,5,56,0.9107142857142856,4,1
http://www.tgfcer.com,16,0,5,0,48,7,55,0.8727272727272727,10,4
http://www.shanbay.com,17,0,5,0,0,3,3,0.0,2,1
http://www.biquge.com.tw,18,0,6,0,15,0,15,1.0,2,0
http://www.woshipm.com,17,0,5,0,66,1,67,0.9850746268656716,2,0
http://www.online.sh.cn,17,0,6,0,59,60,119,0.4957983193277311,10,1
http://www.ifensi.com,16,0,5,0,234,20,254,0.9212598425196852,7,3
http://www.zhan.com,14,0,5,0,111,11,122,0.9098360655737704,11,5
http://www.zhan.com,14,0,5,0,111,11,122,0.9098360655737704,11,5
http://gitee.com,12,0,4,0,44,1,45,0.9777777777777776,3,0
http://www.120ask.com,13,3,5,0,5,144,149,0.03355704697986577,5,1
http://nanjing.cn2che.com,19,1,5,0,109,9,118,0.923728813559322,2,0
http://www.paopaoche.net,19,0,5,0,37,4,41,0.902439024390244,4,1
http://www.processon.com,19,0,5,0,7,4,11,0.6363636363636364,5,3
http://www.iteye.com,15,0,5,0,26,44,70,0.37142857142857133,9,2
http://www.saic.gov.cn,16,0,6,0,0,0,0,0.0,0,0
http://samr.saic.gov.cn,17,0,6,0,57,0,57,1.0,3,1
http://www.linuxidc.com,18,0,5,0,33,2,35,0.9428571428571428,2,0
http://www.cfsbcn.com,16,0,5,0,138,12,150,0.92,5,0
http://www.d1com.com,14,1,5,0,48,12,60,0.8,3,0
http://www.d1com.com,14,1,5,0,48,12,60,0.8,2,0
http://www.unrealengine.com,22,0,5,0,53,2,55,0.9636363636363636,2,0
http://www.dgtle.com,15,0,5,0,96,4,100,0.96,3,0
http://www.qiniu.com,15,0,5,0,96,13,109,0.8807339449541285,6,1
http://www.80s.tw,10,2,5,0,3,91,94,0.031914893617021274,8,1
http://www.lbldy.com,15,0,5,0,0,5,5,0.0,1,0
http://www.wangdaidongfang.com,25,0,5,0,51,4,55,0.9272727272727272,7,4
http://koolshare.cn,15,0,4,0,39,1,40,0.975,3,2
http://koolshare.cn,15,0,4,0,38,3,41,0.9268292682926829,3,1
http://dig.chouti.com,16,0,5,0,75,0,75,1.0,1,0
http://www.ynet.com,14,0,5,0,84,5,89,0.9438202247191012,4,1
http://www.icourse163.org,17,3,5,0,14,139,153,0.0915032679738562,12,5
http://nanjing.zbj.com,17,0,5,0,32,111,143,0.22377622377622375,7,2
http://www.juooo.com,15,0,5,0,85,53,138,0.6159420289855072,20,6
http://www.zybang.com,16,0,5,0,0,41,41,0.0,2,0
http://www.pcgames.com.cn,19,0,6,0,42,5,47,0.8936170212765957,5,2
http://www.66ys.tv,11,2,5,0,13,19,32,0.40625,9,4
http://www.gaoloumi.com,18,0,5,0,76,17,93,0.8172043010752689,8,2
http://www.iplaysoft.com,19,0,5,0,63,95,158,0.3987341772151899,16,5
http://www.10jqka.com.cn,16,2,6,0,14,109,123,0.11382113821138212,5,2
http://www.ruiwen.com,16,0,5,0,75,7,82,0.9146341463414634,12,8
http://www.400.cn,9,3,5,0,19,8,27,0.7037037037037037,7,3
http://www.313.cn,9,3,5,0,21,9,30,0.7,4,1
http://www.etest.net.cn,17,0,6,0,39,6,45,0.8666666666666667,5,2
http://www.shanghuiwangluo.com,25,0,5,0,38,26,64,0.59375,4,1
http://www.shanghuiwangluo.com,25,0,5,0,38,26,64,0.59375,2,0
http://www.ca168.com,12,3,5,0,134,6,140,0.9571428571428572,6,2
http://www.zealer.com,16,0,5,0,40,5,45,0.8888888888888888,8,3
http://www.jiyoujia.com,18,0,5,0,2,84,86,0.02325581395348837,6,2
http://www.mgtv.com,14,0,5,0,60,34,94,0.6382978723404256,5,1
http://www.smartisan.com,19,0,5,0,6,9,15,0.4,3,1
http://www.smartisan.com,19,0,5,0,0,0,0,0.0,0,0
http://www.kancloud.cn,17,0,5,0,8,2,10,0.8,6,3
http://www.cnki.com.cn,16,0,6,0,0,0,0,0.0,0,0
http://www.cnki.com.cn,16,0,6,0,74,17,91,0.8131868131868132,4,1
http://www.5acbd.com,14,1,5,0,106,6,112,0.9464285714285714,5,2
http://www.made-in-china.com,21,0,7,2,11,26,37,0.2972972972972973,9,3
http://www.linkstars.com,19,0,5,0,11,0,11,1.0,1,0
http://www.downcc.com,16,0,5,0,353,13,366,0.96448087431694,2,0
http://www.verycd.com,16,0,5,0,2,129,131,0.015267175572519085,6,3
http://www.xmu.edu.cn,15,0,6,0,26,0,26,1.0,1,0
http://www.kmf.com,13,0,5,0,189,4,193,0.9792746113989638,3,1
http://www.tvmao.com,15,0,5,0,10,88,98,0.1020408163265306,8,2
http://www.cpta.com.cn,16,0,6,0,36,4,40,0.9,4,0
http://www.xtx6.com,13,1,5,0,58,2,60,0.9666666666666668,2,0
http://www.hao6v.com,14,1,5,0,9,29,38,0.2368421052631579,9,3
http://nj.fzg360.com,12,3,5,0,106,6,112,0.9464285714285714,3,0
http://www.9978.cn,9,4,5,0,0,156,156,0.0,4,1
http://www.manmanbuy.com,19,0,5,0,44,12,56,0.7857142857142857,6,2
http://365jia.cn,9,3,4,0,107,299,406,0.26354679802955666,5,0
http://www.9r.cn,10,1,5,0,18,4,22,0.8181818181818182,2,0
http://www.tianqi.com,16,0,5,0,10,63,73,0.136986301369863,6,2
http://unity3d.com,13,1,4,0,51,14,65,0.7846153846153846,20,12
http://www.mbalib.com,16,0,5,0,13,5,18,0.7222222222222222,4,1
http://www.battlenet.com.cn,21,0,6,0,24,44,68,0.35294117647058826,7,1
http://www.battlenet.com.cn,21,0,6,0,22,44,66,0.3333333333333333,4,1
http://www.jc35.com,12,2,5,0,473,21,494,0.95748987854251,10,6
http://www.xiaoman.cn,16,0,5,0,33,12,45,0.7333333333333333,6,0
http://www.cjdby.net,15,0,5,0,48,2,50,0.96,2,0
http://www.vcg.com,13,0,5,0,11,1,12,0.9166666666666666,5,2
http://www.cnwnews.com,17,0,5,0,72,1,73,0.9863013698630136,3,2
http://www.jobui.com,15,0,5,0,59,1,60,0.9833333333333332,3,1
http://neets.cc,11,0,4,0,86,7,93,0.9247311827956988,9,3
http://www.chinahr.com,17,0,5,0,3,50,53,0.05660377358490566,4,1
http://www.gushiwen.org,18,0,5,0,39,1,40,0.975,2,0
http://www.95516.com,10,5,5,0,20,0,20,1.0,1,0
http://www.tapd.cn,13,0,5,0,28,4,32,0.875,4,1
http://www.tsichuan.com,18,0,5,0,63,4,67,0.9402985074626866,2,0
http://www.xidian.edu.cn,18,0,6,0,106,0,106,1.0,1,0
http://www.ishuhui.com,17,0,5,0,7,7,14,0.5,5,0
http://www.eccn.com,14,0,5,0,107,18,125,0.856,11,3
http://www.3d66.com,11,3,5,0,44,2,46,0.9565217391304348,2,0
http://www.lamabang.com,18,0,5,0,43,64,107,0.4018691588785047,10,5
http://www.zjol.com.cn,16,0,6,0,59,0,59,1.0,4,3
http://www.yidianzixun.com,21,0,5,0,19,45,64,0.296875,9,4
http://www.zhibo.tv,14,0,5,0,83,18,101,0.8217821782178217,4,1
http://www.d1net.com,14,1,5,0,101,1,102,0.9901960784313726,4,2
http://www.cnad.com,14,0,5,0,88,24,112,0.7857142857142857,5,0
http://www.cas.cn,12,0,5,0,236,1,237,0.9957805907172996,3,2
http://www.dongqiudi.com,19,0,5,0,149,3,152,0.9802631578947368,3,1
http://www.tvhome.com,16,0,5,0,3,85,88,0.03409090909090909,5,1
http://www.elecfans.com,18,0,5,0,255,165,420,0.6071428571428571,11,2
http://www.byr.cn,12,0,5,0,0,0,0,0.0,0,0
http://www.dzwww.com,15,0,5,0,220,37,257,0.8560311284046692,8,6
http://www.zhipin.com,16,0,5,0,38,49,87,0.4367816091954023,7,0
http://www.dayanzai.me,17,0,5,0,60,46,106,0.5660377358490566,12,2
http://www.hi-pda.com,15,0,6,1,10,1,11,0.9090909090909092,2,1
http://www.modernweekly.com,22,0,5,0,64,3,67,0.9552238805970148,4,2
http://www.myzaker.com,17,0,5,0,52,0,52,1.0,1,0
http://www.hlxiang.com,17,0,5,0,59,8,67,0.8805970149253731,5,2
http://www.teambition.com,20,0,5,0,0,46,46,0.0,4,0
http://www.wto168.net,13,3,5,0,110,35,145,0.7586206896551724,10,4
http://home.zhiyoo.com,17,0,5,0,54,69,123,0.4390243902439024,5,2
http://www.xcar.com.cn,16,0,6,0,1,1,2,0.5,2,1
http://www.xcar.com.cn,16,0,6,0,104,100,204,0.5098039215686274,8,4
http://www.qdaily.com,16,0,5,0,18,0,18,1.0,1,0
http://www.duoyi.com,15,0,5,0,55,2,57,0.9649122807017544,3,1
http://www.122.gov.cn,12,3,6,0,0,0,0,0.0,0,0
http://www.122.gov.cn,12,3,6,0,35,1,36,0.9722222222222222,4,2
http://www.famulei.com,17,0,5,0,229,1,230,0.9956521739130436,2,0
http://www.chaoxing.com,18,0,5,0,17,4,21,0.8095238095238095,5,2
