URL,zimu_num,shuzi,zifu_num,url_T_num,inner,out,sum,bili,req_type_num,hanjian_host_num,iframe_num,eval_num,location_num,setTimeout_num,setInterval_num,scriptObjectsrc_num,scriptObjectsetAttribute_num,scriptObjectinnerHTML_num,windowopen_num
http://www.rs05.com,12,2,5,0,0,1,1,0,1,0,0,0,0,0,0,0,0,0,0
http://www.haoliv.com,16,0,5,0,45,5,50,0.9,2,0,0,0,0,0,0,0,0,0,0
http://www.xuebuyuan.com,19,0,5,0,29,6,35,0.828571429,3,0,0,0,1,1,0,0,0,0,0
http://www.topbiz360.com,16,3,5,0,66,10,76,0.868421053,7,2,0,0,7,6,1,0,0,0,4
http://www.amz123.com,13,3,5,0,326,1,327,0.996941896,4,0,0,0,7,1,0,0,0,0,2
http://www.962.net,10,3,5,0,286,18,304,0.940789474,6,2,-1,-1,-1,-1,-1,-1,-1,-1,-1
http://www.sustech.edu.cn,19,0,6,0,9,314,323,0.027863777,7,3,0,0,0,0,0,0,0,0,0
http://www.verydesigner.cn,21,0,5,0,95,4,99,0.95959596,4,1,2,0,0,0,0,0,0,0,0
http://www.aboutcg.org,17,0,5,0,129,28,157,0.821656051,9,4,3,0,0,0,0,0,0,0,0
http://www.hqew.com,14,0,5,0,5,78,83,0.060240964,12,4,2,0,0,0,0,0,0,0,0
http://www.icauto.com.cn,18,0,6,0,41,1,42,0.976190476,2,0,4,0,0,0,3,0,0,0,0
http://www.newrank.cn,16,0,5,0,34,46,80,0.425,9,4,0,1,2,0,0,0,0,0,1
http://www.ssports.com,17,0,5,0,110,10,120,0.916666667,3,0,-1,-1,-1,-1,-1,-1,-1,-1,-1
http://www.maidi.me,14,0,5,0,147,15,162,0.907407407,5,1,2,0,1,1,1,0,0,0,0
http://www.qulishi.com,17,0,5,0,87,13,100,0.87,6,2,0,0,2,0,0,0,0,0,1
http://www.qeqeqe.com,16,0,5,0,1,0,1,1,1,1,0,0,0,0,0,0,0,0,0
http://www.90tiyu.com,14,2,5,0,85,130,215,0.395348837,10,2,0,0,3,0,0,0,0,0,2
http://www.51ade.com,13,2,5,0,283,243,526,0.538022814,4,1,0,0,11,0,0,0,0,0,2
http://www.jitaba.cn,15,0,5,0,0,46,46,0,4,1,0,0,0,0,0,0,0,0,0
http://www.zjzwfw.gov.cn,18,0,6,0,49,182,231,0.212121212,5,2,26,0,6,3,0,0,0,0,2
http://www.paperpass.com,19,0,5,0,37,26,63,0.587301587,7,3,0,0,4,0,0,0,0,0,0
http://www.zhaoshang.net,19,0,5,0,139,8,147,0.945578231,2,0,0,0,1,0,1,0,0,0,0
http://www.supfree.net,17,0,5,0,253,35,288,0.878472222,11,4,0,0,0,0,0,0,0,0,0
http://www.bidcenter.com.cn,21,0,6,0,80,50,130,0.615384615,4,1,0,1,0,3,1,0,0,0,0
http://www.timeoutcn.com,19,0,5,0,63,33,96,0.65625,13,6,2,0,7,1,0,0,0,0,4
http://www.unjs.com,14,0,5,0,15,3,18,0.833333333,4,1,0,0,0,0,0,0,0,0,0
http://www.dzsc.com,14,0,5,0,156,15,171,0.912280702,10,2,0,0,0,0,0,0,0,0,0
http://www.china-ef.com,17,0,6,1,83,16,99,0.838383838,5,2,0,0,3,0,0,0,0,0,3
http://www.gaoding.com,17,0,5,0,27,223,250,0.108,6,1,0,0,0,0,0,0,0,0,0
http://www.800hr.com,12,3,5,0,8,14,22,0.363636364,3,1,0,0,0,0,0,0,0,0,0
http://www.pigai.org,15,0,5,0,81,60,141,0.574468085,4,1,2,0,0,0,0,0,0,0,0
http://chushou.tv,13,0,4,0,7,122,129,0.054263566,8,2,0,0,2,0,0,0,0,0,0
http://www.yxad.com,14,0,5,0,91,3,94,0.968085106,4,1,0,0,0,3,1,0,0,0,0
http://www.jining.com,16,0,5,0,95,10,105,0.904761905,4,1,0,0,1,0,0,0,0,0,0
http://www.yuanlin.com,17,0,5,0,77,19,96,0.802083333,5,2,0,0,1,0,0,0,0,0,0
http://www.wuzuowei.net,18,0,5,0,11,11,22,0.5,9,4,0,0,2,0,0,0,0,0,1
http://www.cqnews.net,16,0,5,0,186,3,189,0.984126984,4,1,-1,-1,-1,-1,-1,-1,-1,-1,-1
http://www.freep.cn,14,0,5,0,53,10,63,0.841269841,5,2,0,0,0,0,0,0,0,0,0
http://www.gdzwfw.gov.cn,18,0,6,0,44,0,44,1,1,0,0,0,4,0,0,0,0,0,0
http://www.weitainet.com,19,0,5,0,0,0,0,0,0,0,-1,-1,-1,-1,-1,-1,-1,-1,-1
http://www.ishuhui.com,17,0,5,0,8,5,13,0.615384615,6,1,0,0,0,0,0,0,0,0,0
http://android.myapp.com,19,0,5,0,103,34,137,0.751824818,4,2,0,0,6,0,0,0,0,0,0
http://www.ypppt.com,15,0,5,0,42,4,46,0.913043478,2,0,0,0,0,0,0,0,0,0,0
http://www.chinabus.info,19,0,5,0,0,0,0,0,0,0,0,0,0,0,0,0,0,0,0
http://www.360buses.cn,14,3,5,0,213,0,213,1,1,0,0,0,2,0,0,0,0,0,2
http://www.jpyoo.com,15,0,5,0,25,0,25,1,1,0,0,0,0,0,0,0,0,0,0
http://www.cncn.com,14,0,5,0,4,117,121,0.033057851,5,1,0,1,3,1,0,0,0,0,2
http://www.zwskw.com,15,0,5,0,14,10,24,0.583333333,3,1,3,0,0,2,0,0,0,0,0
http://www.nvidia.cn,15,0,5,0,51,37,88,0.579545455,21,12,1,0,1,0,0,0,0,0,1
http://www.liecheng.cn,17,0,5,0,26,0,26,1,1,0,0,0,0,0,0,0,0,0,0
http://www.chushoushijian.cn,23,0,5,0,22,0,22,1,1,0,0,0,6,0,0,0,0,0,1
http://www.neea.edu.cn,16,0,6,0,40,19,59,0.677966102,6,2,0,0,4,1,3,0,0,0,0
http://www.viptijian.com,19,0,5,0,117,24,141,0.829787234,6,1,0,0,0,0,0,0,0,0,0
http://www.itmop.com,15,0,5,0,351,10,361,0.972299169,3,0,0,0,1,0,0,0,0,0,1
http://www.xpgod.com,15,0,5,0,66,78,144,0.458333333,8,1,0,7,2,0,0,0,0,0,1
http://www.u17.com,11,2,5,0,0,119,119,0,5,1,0,0,0,0,0,0,0,0,0
http://www.aies.cn,13,0,5,0,3,11,14,0.214285714,5,3,0,1,4,0,2,0,0,0,3
http://www.7gz.com,12,1,5,0,6,151,157,0.038216561,9,3,0,0,0,0,0,0,0,0,0
http://www.weitushe.com,18,0,5,0,11,109,120,0.091666667,12,4,0,0,0,0,0,0,0,0,0
http://www.zuojiaju.com,18,0,5,0,95,33,128,0.7421875,6,0,3,0,6,6,2,0,0,0,5
http://www.ingping.com,17,0,5,0,163,41,204,0.799019608,11,4,0,0,0,0,0,0,0,0,0
http://www.kuaihou.com,17,0,5,0,74,8,82,0.902439024,4,1,0,0,6,1,1,0,0,0,5
http://www.chinaipo.com,18,0,5,0,92,5,97,0.948453608,3,0,0,0,0,0,0,0,0,0,0
http://www.baike369.com,15,3,5,0,118,12,130,0.907692308,6,1,0,0,0,0,0,0,0,0,0
http://www.feifustudio.com,21,0,5,0,48,2,50,0.96,3,1,0,0,0,0,0,0,0,0,0
http://www.aicheren.com,18,0,5,0,3,0,3,1,1,0,6,0,0,0,0,0,0,0,0
http://www.265.com,10,3,5,0,14,11,25,0.56,7,1,0,3,3,0,0,0,0,0,0
http://www.doyo.cn,13,0,5,0,54,23,77,0.701298701,4,0,0,0,0,0,0,0,0,0,0
http://www.zto.com,13,0,5,0,97,3,100,0.97,3,1,0,0,1,0,0,0,0,0,0
http://www.wjdiy.cn,14,0,5,0,25,7,32,0.78125,4,1,0,0,1,0,0,0,0,0,0
http://www.2025china.cn,14,4,5,0,83,3,86,0.965116279,2,0,0,23,1,0,0,0,0,0,0
http://www.yihaocar.com,18,0,5,0,9,86,95,0.094736842,3,0,2,0,1,1,0,0,0,0,0
http://www.zjtcn.com,15,0,5,0,108,28,136,0.794117647,6,2,0,0,1,0,3,0,0,0,0
http://www.dv37.com,12,2,5,0,187,23,210,0.89047619,3,0,0,0,2,0,0,0,0,0,0
http://www.easyicon.net,18,0,5,0,8,2,10,0.8,4,1,0,0,2,0,0,0,0,0,0
http://www.sw2008.com,12,4,5,0,72,1,73,0.98630137,2,1,0,0,1,0,0,0,0,0,1
http://www.ele.me,12,0,5,0,6,3,9,0.666666667,2,0,0,0,1,0,0,0,0,0,0
http://www.ti.com.cn,14,0,6,0,27,62,89,0.303370787,11,5,0,3,3,0,0,0,0,0,2
http://www.xinshipu.com,18,0,5,0,0,54,54,0,3,1,0,0,5,0,0,0,0,0,4
http://www.9ku.com,12,1,5,0,25,51,76,0.328947368,8,1,0,0,2,0,0,0,0,0,1
http://www.ggmee.com,15,0,5,0,18,3,21,0.857142857,4,1,0,0,3,0,0,0,0,0,1
http://go.cqmmgo.com,15,0,5,0,2,121,123,0.016260163,5,2,0,0,2,0,0,0,0,0,1
http://www.72byte.com,14,2,5,0,53,19,72,0.736111111,11,4,0,0,0,0,0,0,0,0,0
http://learnku.com,14,0,4,0,0,70,70,0,4,2,0,0,0,0,0,0,0,0,0
http://www.xjtour.com,16,0,5,0,0,0,0,0,0,0,0,0,4,0,0,0,0,0,4
http://www.pc841.com,12,3,5,0,72,6,78,0.923076923,7,3,0,0,0,0,0,0,0,0,0
http://dnspod.qcloud.com,19,0,5,0,0,1,1,0,1,0,0,0,1,0,0,0,0,0,1
http://www.sonimei.cn,16,0,5,0,2,41,43,0.046511628,12,3,0,0,0,0,0,0,0,0,0
http://www.dota2.com.cn,16,1,6,0,0,0,0,0,0,0,0,0,0,0,0,0,0,0,0
http://www.xici.net,14,0,5,0,3,16,19,0.157894737,7,4,0,0,5,0,0,0,0,0,0
http://www.chemicalbook.com,22,0,5,0,56,0,56,1,1,0,1,0,5,0,0,0,0,0,4
http://www.cocoachina.com,20,0,5,0,64,80,144,0.444444444,10,2,0,0,9,0,0,0,0,0,8
http://js.zxart.cn,13,0,5,0,240,8,248,0.967741935,3,1,0,0,1,0,0,0,0,0,0
http://izihun.com,13,0,4,0,81,1,82,0.987804878,3,0,10,0,10,0,1,0,0,0,4
http://www.jianke.com,16,0,5,0,82,2,84,0.976190476,3,0,0,0,0,0,2,0,0,0,0
http://www.9ht.com,12,1,5,0,404,64,468,0.863247863,7,2,0,0,4,1,2,0,0,0,1
http://www.tuliu.com,15,0,5,0,46,3,49,0.93877551,3,0,6,0,0,0,0,0,0,0,0
http://www.txw.com,13,0,5,0,74,0,74,1,1,0,0,0,0,0,0,0,0,0,0
http://www.hypergryph.com,20,0,5,0,14,0,14,1,1,0,0,0,1,0,0,0,0,0,1
http://www.kaoyan.com,16,0,5,0,34,82,116,0.293103448,9,3,1,0,15,0,0,0,0,0,0
http://yao.95095.com,10,5,5,0,0,35,35,0,4,1,2,0,1,0,0,0,0,0,1
http://www.cndzys.com,16,0,5,0,51,5,56,0.910714286,6,1,0,0,1,0,0,0,0,0,1
http://www.cpta.com.cn,16,0,6,0,36,7,43,0.837209302,4,0,0,0,1,1,0,0,0,0,1
http://www.ghostxx.com,17,0,5,0,68,3,71,0.957746479,2,0,0,0,4,0,0,0,0,0,0
http://www.cuc.edu.cn,15,0,6,0,11,22,33,0.333333333,6,2,0,0,1,0,0,0,0,0,0
http://v.mioffice.cn,15,0,5,0,0,0,0,0,0,0,0,0,1,0,0,0,0,0,1
http://cas.mioffice.cn,17,0,5,0,2,3,5,0.4,2,1,0,0,5,0,0,0,0,0,2
http://www.d1xz.net,13,1,5,0,63,19,82,0.768292683,8,3,0,0,12,4,2,0,0,0,11
http://www.logitech.com.cn,20,0,6,0,37,4,41,0.902439024,6,2,0,0,0,0,0,0,0,0,0
http://www.sumibuy.com,17,0,5,0,137,3,140,0.978571429,5,2,0,0,0,0,0,0,0,0,0
http://www.huitu.com,15,0,5,0,57,8,65,0.876923077,3,0,5,2,31,4,0,0,0,0,3
http://www.json.cn,13,0,5,0,19,1,20,0.95,2,0,0,0,2,1,3,0,0,0,0
http://www.tripadvisor.cn,20,0,5,0,2,146,148,0.013513514,12,7,0,0,0,0,0,0,0,0,0
http://linux.cn,11,0,4,0,2,74,76,0.026315789,3,1,0,0,0,0,0,0,0,0,0
http://www.youboy.com,16,0,5,0,40,85,125,0.32,4,1,-1,-1,-1,-1,-1,-1,-1,-1,-1
http://www.jdzj.com,14,0,5,0,228,6,234,0.974358974,3,1,0,1,1,1,2,0,0,0,1
http://www.abchina.com,17,0,5,0,74,0,74,1,1,0,0,0,0,0,0,0,0,0,0
http://www.element3ds.com,19,1,5,0,244,3,247,0.987854251,3,0,2,0,1,0,1,0,0,0,0
http://www.cnforex.com,17,0,5,0,12,0,12,1,1,0,0,0,0,0,0,0,0,0,0
http://www.runningcheese.com,23,0,5,0,21,19,40,0.525,6,1,0,0,3,0,1,0,0,0,1
http://www.fmprc.gov.cn,17,0,6,0,59,0,59,1,2,1,0,3,1,1,0,0,0,0,0
http://www.sslibrary.com,19,0,5,0,26,128,154,0.168831169,4,0,0,0,8,0,0,0,0,0,6
http://www.bubuko.com,16,0,5,0,6,28,34,0.176470588,6,2,0,0,1,0,0,0,0,0,1
http://www.233.com,10,3,5,0,80,15,95,0.842105263,8,3,0,0,3,0,0,0,0,0,2
http://www.61ef.cn,11,2,5,0,145,19,164,0.884146341,4,0,0,1,1,0,0,0,0,0,1
http://www.asklib.com,16,0,5,0,3,5,8,0.375,9,3,0,0,0,0,0,0,0,0,0
http://www.wandhi.com,16,0,5,0,33,5,38,0.868421053,7,5,-1,-1,-1,-1,-1,-1,-1,-1,-1
http://www.baofeng.com,17,0,5,0,21,35,56,0.375,8,1,0,0,16,5,3,0,0,0,3
http://www.go108.com.cn,14,3,6,0,0,0,0,0,0,0,0,0,0,1,0,0,0,0,0
http://neets.cc,11,0,4,0,112,40,152,0.736842105,15,6,7,0,2,0,0,0,0,0,0
http://www.btschool.net,18,0,5,0,52,2,54,0.962962963,2,0,0,0,2,0,0,0,0,0,1
http://www.mapbar.com,16,0,5,0,25,16,41,0.609756098,5,0,0,2,4,2,0,0,0,0,1
http://www.greenxf.com,17,0,5,0,282,9,291,0.969072165,6,2,0,0,2,1,4,0,0,0,0
http://www.eefocus.com,17,0,5,0,58,60,118,0.491525424,14,4,0,0,1,0,3,0,0,0,1
http://www.c4d.cn,11,1,5,0,188,49,237,0.793248945,6,1,0,0,4,0,0,0,0,0,3
http://www.pan6.com,13,1,5,0,82,3,85,0.964705882,3,0,2,0,1,0,0,0,0,0,0
http://xmt.cn,9,0,4,0,55,2,57,0.964912281,3,1,0,0,0,0,0,0,0,0,0
http://www.misumi.com.cn,18,0,6,0,188,9,197,0.954314721,11,5,2,0,1,0,0,0,0,0,1
http://www.dygang.net,16,0,5,0,12,56,68,0.176470588,8,3,0,0,1,0,2,0,0,0,1
http://www.starbucks.com.cn,21,0,6,0,62,2,64,0.96875,7,3,0,0,0,0,0,0,0,0,0
http://www.qiuziti.com,17,0,5,0,13,3,16,0.8125,3,1,0,0,0,0,0,0,0,0,0
http://www.tansuo233.com,16,3,5,0,0,0,0,0,0,0,0,1,4,0,0,0,0,0,1
http://www.qu.la,11,0,5,0,16,6,22,0.727272727,4,1,2,0,2,0,0,0,0,0,0
http://www.tuniu.com,15,0,5,0,1,245,246,0.004065041,6,2,0,1,1,0,0,0,0,0,0
http://www.gter.net,14,0,5,0,89,24,113,0.787610619,12,4,0,0,2,0,0,0,0,0,1
http://www.yue365.com,13,3,5,0,34,42,76,0.447368421,4,1,0,0,0,1,0,0,0,0,0
http://www.guoxuedashi.com,21,0,5,0,13,58,71,0.183098592,7,2,0,0,5,0,0,0,0,0,2
http://www.zoosnet.net,17,0,5,0,49,4,53,0.924528302,2,0,0,0,1,0,0,0,0,0,0
http://www.cn2che.com,15,1,5,0,205,39,244,0.840163934,3,0,2,0,0,0,0,0,0,0,0
http://www.cninfo.com.cn,18,0,6,0,64,12,76,0.842105263,2,0,0,0,0,1,0,0,0,0,0
http://www.d1com.com,14,1,5,0,0,0,0,0,0,0,0,0,3,0,0,0,0,0,1
http://www.china-10.com,15,2,6,1,20,33,53,0.377358491,8,2,0,0,4,0,0,0,0,0,0
http://www.globrand.com,18,0,5,0,377,12,389,0.969151671,9,4,-1,-1,-1,-1,-1,-1,-1,-1,-1
http://www.gdzwfw.gov.cn,18,0,6,0,44,0,44,1,1,0,0,0,1,0,0,0,0,0,0
http://www.360buyimg.com,16,3,5,0,0,0,0,0,1,1,8,0,7,0,0,0,0,0,1
http://www.mmbang.com,16,0,5,0,3,104,107,0.028037383,10,3,0,0,3,0,0,0,0,0,0
http://nanjing.bitauto.com,21,0,5,0,19,290,309,0.061488673,13,2,0,0,8,2,0,0,0,0,5
http://www.cuhk.edu.cn,16,0,6,0,72,23,95,0.757894737,5,0,0,0,6,0,1,0,0,0,3
http://www.online.sh.cn,17,0,6,0,61,29,90,0.677777778,5,2,0,0,0,0,0,0,0,0,0
http://www.istv.com.cn,16,0,6,0,52,46,98,0.530612245,7,3,0,0,0,2,0,0,0,0,0
http://www.windows7en.com,19,1,5,0,46,106,152,0.302631579,5,1,-1,-1,-1,-1,-1,-1,-1,-1,-1
http://www.tecenet.com,17,0,5,0,88,175,263,0.33460076,6,2,0,0,2,0,0,0,0,0,1
http://www.topfo.com,15,0,5,0,0,0,0,0,0,0,0,0,0,0,0,0,0,0,0
http://www.chyxx.com,15,0,5,0,87,0,87,1,5,2,0,0,1,0,0,0,0,0,1
http://www.zhicheng.com,18,0,5,0,38,34,72,0.527777778,7,1,0,0,0,0,0,0,0,0,0
http://www.tepintehui.com,20,0,5,0,61,4,65,0.938461538,4,0,0,0,3,0,0,0,0,0,0
http://www.sccnn.com,15,0,5,0,55,37,92,0.597826087,5,0,0,0,3,0,0,0,0,0,0
http://www.56.com,10,2,5,0,19,434,453,0.041942605,9,0,0,0,2,0,0,0,0,0,2
http://www.flyme.cn,14,0,5,0,16,2,18,0.888888889,3,1,0,0,1,1,0,0,0,0,0
http://www.k73.com,11,2,5,0,640,8,648,0.987654321,5,2,0,0,0,0,2,0,0,0,0
http://www.hichina.com,17,0,5,0,0,47,47,0,4,1,-1,-1,-1,-1,-1,-1,-1,-1,-1
http://www.cdgdc.edu.cn,17,0,6,0,58,33,91,0.637362637,6,1,0,0,1,0,0,0,0,0,1
http://www.cckke.com,15,0,5,0,0,0,0,0,0,0,0,0,0,0,0,0,0,0,0
http://1.1.1.3,4,4,6,0,1,0,1,1,1,0,0,6,0,0,0,0,0,0,0
http://www.zhujiceping.com,21,0,5,0,0,0,0,0,0,0,0,0,1,0,0,0,0,0,0
http://www.wjx.cn,12,0,5,0,15,40,55,0.272727273,6,2,0,0,0,2,0,0,0,0,0
http://www.cgjoy.com,15,0,5,0,61,7,68,0.897058824,4,1,0,0,2,0,0,0,0,0,1
http://www.nowscore.com,18,0,5,0,104,3,107,0.971962617,3,0,7,0,0,0,0,0,0,0,0
http://www.doutula.com,17,0,5,0,23,74,97,0.237113402,16,4,0,0,3,2,2,0,0,0,0
http://www.tiancity.com,18,0,5,0,23,72,95,0.242105263,2,0,0,0,5,0,0,0,0,0,2
http://www.bjnews.com.cn,18,0,6,0,16,26,42,0.380952381,4,0,2,0,1,0,0,0,0,0,0
http://www.van-u.com,14,0,6,1,35,0,35,1,1,0,0,0,4,0,0,0,0,0,4
http://www.gxsky.com,15,0,5,0,91,129,220,0.413636364,7,2,-1,-1,-1,-1,-1,-1,-1,-1,-1
http://www.52fuqing.com,16,2,5,0,35,46,81,0.432098765,4,0,0,0,3,0,0,0,0,0,2
http://www.0716edu.net,13,4,5,0,0,0,0,0,1,1,-1,-1,-1,-1,-1,-1,-1,-1,-1
http://mjzj.com,11,0,4,0,11,54,65,0.169230769,11,5,0,0,1,0,0,0,0,0,0
http://www.38zhubao.net,16,2,5,0,0,0,0,0,0,0,2,1,10,0,1,0,0,0,3
http://www.38zhubao.net,16,2,5,0,0,0,0,0,0,0,0,0,2,0,2,0,0,0,0
http://www.pcpop.com,15,0,5,0,75,3,78,0.961538462,4,2,4,0,3,0,0,0,0,0,3
http://www.foodjx.com,16,0,5,0,134,11,145,0.924137931,8,5,0,0,0,0,0,0,0,0,0
http://www.bankofchina.com,21,0,5,0,75,0,75,1,1,0,0,0,0,0,0,0,0,0,0
http://www.rencaijob.com,19,0,5,0,124,0,124,1,1,0,0,0,0,0,0,0,0,0,0
http://www.erji.net,14,0,5,0,39,41,80,0.4875,3,0,0,2,0,0,0,0,0,0,0
http://www.8684.cn,9,4,5,0,25,36,61,0.409836066,4,0,0,0,1,0,0,0,0,0,0
http://www.baidupcs.com,18,0,5,0,0,0,0,0,0,0,0,0,1,0,0,0,0,0,1
http://www.asmag.com.cn,17,0,6,0,77,2,79,0.974683544,2,0,2,0,5,0,0,0,0,0,5
http://www.gebi1.cn,13,1,5,0,5,0,5,1,1,0,8,0,0,0,0,0,0,0,0
http://www.artspy.cn,15,0,5,0,46,5,51,0.901960784,2,0,0,0,1,0,0,0,0,0,0
http://www.kingdee.com,17,0,5,0,150,6,156,0.961538462,3,0,0,0,3,0,0,0,0,0,2
http://www.pbccrc.org.cn,18,0,6,0,30,6,36,0.833333333,3,1,4,0,1,0,0,0,0,0,0
http://btshoufa.cc,14,0,4,0,32,13,45,0.711111111,9,4,1,1,9,23,1,0,0,0,9
http://www.993dy.com,12,3,5,0,37,267,304,0.121710526,11,5,0,0,0,0,0,0,0,0,0
http://www.cio360.net,13,3,5,0,88,2,90,0.977777778,3,1,0,0,0,0,0,0,0,0,0
http://www.decathlon.com.cn,21,0,6,0,80,10,90,0.888888889,6,2,0,0,2,0,0,0,0,0,0
http://www.eastgame.org,18,0,5,0,0,0,0,0,0,0,0,0,1,1,0,0,0,0,1
http://www.ouyaoxiazai.com,21,0,5,0,12,165,177,0.06779661,3,0,0,0,0,0,0,0,0,0,0
http://hrtsea.com,13,0,4,0,17,0,17,1,3,0,0,0,1,0,0,0,0,0,0
http://www.maigoo.com,16,0,5,0,29,9,38,0.763157895,6,1,0,0,10,0,1,0,0,0,9
http://www.icourses.cn,17,0,5,0,48,89,137,0.350364964,8,1,0,0,0,3,0,0,0,0,0
http://www.uszcn.com,15,0,5,0,6,5,11,0.545454545,3,1,0,0,0,0,0,0,0,0,0
http://www.mangoerp.com,18,0,5,0,19,1,20,0.95,2,0,0,0,0,0,0,0,0,0,0
http://www.gd.gov.cn,14,0,6,0,19,21,40,0.475,3,1,0,0,3,3,2,0,0,0,1
http://www.huatu.com,15,0,5,0,129,72,201,0.641791045,12,4,0,2,14,3,1,0,0,0,13
http://www.friok.com,15,0,5,0,13,81,94,0.138297872,23,9,8,0,2,0,0,0,0,0,1
http://guangdiu.com,15,0,4,0,70,4,74,0.945945946,5,1,0,1,3,0,0,0,0,0,0
http://www.btime.com,15,0,5,0,72,116,188,0.382978723,13,4,0,0,0,0,0,0,0,0,0
http://www.laawoo.com,16,0,5,0,47,14,61,0.770491803,4,1,0,0,1,0,0,0,0,0,0
http://www.ishare5.com,16,1,5,0,6,11,17,0.352941176,5,3,0,0,2,0,0,0,0,0,1
http://www.zsxq.com,14,0,5,0,18,2,20,0.9,2,0,0,0,0,0,0,0,0,0,0
http://www.orsoon.com,16,0,5,0,60,23,83,0.722891566,7,2,-1,-1,-1,-1,-1,-1,-1,-1,-1
http://www.cidianwang.com,20,0,5,0,20,11,31,0.64516129,5,1,2,0,6,0,1,0,0,0,3
http://www.hyds360.com,14,3,5,0,0,0,0,0,0,0,0,0,3,0,0,0,0,0,2
http://www.intel.cn,14,0,5,0,20,1,21,0.952380952,3,0,0,0,10,0,0,0,0,0,0
http://app.toutiao.com,17,0,5,0,2,32,34,0.058823529,17,9,2,0,0,0,0,0,0,0,0
http://www.gooood.cn,15,0,5,0,21,1,22,0.954545455,3,1,0,1,1,0,0,0,0,0,0
http://www.7y7.com,11,2,5,0,37,17,54,0.685185185,4,0,0,0,0,0,0,0,0,0,0
http://nj.ziroom.com,15,0,5,0,37,9,46,0.804347826,5,3,0,0,1,0,0,0,0,0,0
http://lusongsong.com,17,0,4,0,20,1,21,0.952380952,4,2,0,0,3,10,3,0,0,0,1
http://www.bmlink.com,16,0,5,0,600,20,620,0.967741935,3,1,0,0,1,0,0,0,0,0,1
http://www.itheima.com,17,0,5,0,210,114,324,0.648148148,7,1,0,0,0,0,1,0,0,0,0
http://www.52z.com,11,2,5,0,387,8,395,0.979746835,4,2,0,0,5,0,1,0,0,0,1
http://login.alibaba-inc.com,22,0,6,1,13,18,31,0.419354839,7,2,0,0,0,0,0,0,0,0,0
http://www.ule.com,13,0,5,0,12,100,112,0.107142857,3,0,-1,-1,-1,-1,-1,-1,-1,-1,-1
http://www.apowersoft.cn,19,0,5,0,0,86,86,0,5,3,0,0,3,0,0,0,0,0,2
http://www.tplogin.cn,16,0,5,0,0,0,0,0,0,0,0,0,0,0,0,0,0,0,0
http://www.ipo.hk,12,0,5,0,48,8,56,0.857142857,5,2,5,0,13,2,2,0,0,0,8
http://www.dnspod.cn,15,0,5,0,24,16,40,0.6,7,1,0,0,0,0,0,0,0,0,0
http://www.sosobt1.com,16,1,5,0,24,59,83,0.289156627,8,2,0,0,26,0,0,0,0,0,23
http://www.lingfengyun.com,21,0,5,0,0,1,1,0,1,0,20,0,35,1,0,0,0,0,17
http://www.ibabyzone.cn,18,0,5,0,80,53,133,0.601503759,6,1,0,0,2,0,0,0,0,0,0
http://www.moretickets.com,21,0,5,0,33,90,123,0.268292683,10,4,0,0,0,0,0,0,0,0,0
http://www.shafa.com,15,0,5,0,0,24,24,0,9,5,0,0,2,0,0,0,0,0,2
http://www.xjishu.com,16,0,5,0,25,1,26,0.961538462,2,0,0,0,2,0,0,0,0,0,1
http://www.xbiao.com,15,0,5,0,178,95,273,0.652014652,4,0,0,0,1,0,0,0,0,0,1
http://www.shisu.edu.cn,17,0,6,0,81,13,94,0.861702128,4,1,0,0,1,1,0,0,0,0,0
http://www.fir.im,12,0,5,0,12,2,14,0.857142857,3,1,2,0,0,0,3,0,0,0,0
http://www.3618med.com,13,4,5,0,174,1,175,0.994285714,2,0,0,0,0,0,0,0,0,0,0
http://www.5iyingxiao.com,19,1,5,0,95,37,132,0.71969697,15,5,0,0,1,0,0,0,0,0,0
http://www.mxroom.com,16,0,5,0,22,4,26,0.846153846,5,3,-1,-1,-1,-1,-1,-1,-1,-1,-1
http://www.paperfree.cn,18,0,5,0,30,14,44,0.681818182,4,1,0,0,1,0,0,0,0,0,0
http://www.meipai.com,16,0,5,0,2,131,133,0.015037594,5,2,26,0,2,0,0,0,0,0,0
http://www.ichuanglan.com,20,0,5,0,30,2,32,0.9375,3,1,0,0,1,0,0,0,0,0,1
http://www.mnw.cn,12,0,5,0,73,14,87,0.83908046,6,1,0,0,3,0,0,0,0,0,2
http://www.nvsay.com,15,0,5,0,62,3,65,0.953846154,3,1,0,1,1,0,0,0,0,0,1
http://www.jdbbs.com,15,0,5,0,46,35,81,0.567901235,10,3,0,0,1,0,0,0,0,0,0
http://www.solidot.org,17,0,5,0,39,14,53,0.735849057,7,1,8,0,2,0,0,0,0,0,1
http://www.fanfou.com,16,0,5,0,13,1,14,0.928571429,4,2,4,0,3,0,1,0,0,0,0
http://www.jx09.com,12,2,5,0,85,55,140,0.607142857,7,2,0,0,6,0,0,0,0,0,1
http://www.eepw.com.cn,16,0,6,0,88,56,144,0.611111111,9,1,0,0,1,0,0,0,0,0,1
http://www.etest.edu.cn,17,0,6,0,40,10,50,0.8,5,2,0,0,2,0,0,0,0,0,2
http://www.kankanews.com,19,0,5,0,64,32,96,0.666666667,6,2,0,0,4,0,0,0,0,0,1
http://www.mof.gov.cn,15,0,6,0,82,3,85,0.964705882,2,0,0,0,25,0,0,0,0,0,0
http://www.pedaily.cn,16,0,5,0,68,47,115,0.591304348,9,0,0,0,3,0,0,0,0,0,0
http://www.pdfdo.com,15,0,5,0,0,0,0,0,0,0,0,0,0,0,0,0,0,0,0
http://www.pdfdo.com,15,0,5,0,0,0,0,0,0,0,0,0,0,0,0,0,0,0,0
http://www.manhuatai.com,19,0,5,0,4,35,39,0.102564103,7,2,0,4,0,0,0,0,0,0,0
http://www.guitarchina.com,21,0,5,0,128,0,128,1,1,0,2,1,0,1,0,0,0,0,0
http://www.smzy.com,14,0,5,0,555,0,555,1,1,0,0,0,1,0,2,0,0,0,0
http://www.smzy.com,14,0,5,0,561,8,569,0.985940246,4,1,0,0,1,0,0,0,0,0,0
http://x.yupoo.com,13,0,5,0,30,4,34,0.882352941,3,0,0,0,0,0,0,0,0,0,0
http://www.sse.com.cn,15,0,6,0,55,6,61,0.901639344,3,1,0,0,0,0,0,0,0,0,0
http://www.huorong.cn,16,0,5,0,41,0,41,1,2,0,0,0,0,0,0,0,0,0,0
http://www.taodocs.com,17,0,5,0,95,10,105,0.904761905,8,5,0,0,2,0,0,0,0,0,2
http://www.hackhome.com,18,0,5,0,584,5,589,0.991511036,9,4,4,0,0,0,1,0,0,0,0
http://www.ccgp.gov.cn,16,0,6,0,57,2,59,0.966101695,4,1,0,0,0,3,0,0,0,0,0
http://www.rabbitpre.com,19,0,5,0,23,1,24,0.958333333,4,1,0,0,1,0,0,0,0,0,0
http://www.game234.com,14,3,5,0,197,174,371,0.530997305,34,21,0,0,0,0,0,0,0,0,0
http://www.analog.com,16,0,5,0,53,34,87,0.609195402,17,10,0,0,0,0,0,0,0,0,0
http://www.tan8.com,13,1,5,0,85,29,114,0.745614035,5,0,0,0,0,0,0,0,0,0,0
http://www.yousuu.com,16,0,5,0,18,78,96,0.1875,18,7,-1,-1,-1,-1,-1,-1,-1,-1,-1
http://www.candou.com,16,0,5,0,131,0,131,1,2,0,-1,-1,-1,-1,-1,-1,-1,-1,-1
http://www.121down.com,14,3,5,0,274,157,431,0.635730858,4,1,0,0,1,0,0,0,0,0,1
http://shanghai.metrofans.cn,23,0,5,0,43,21,64,0.671875,10,2,0,0,2,0,0,0,0,0,1
http://www.soft128.com,14,3,5,0,0,0,0,0,0,0,0,0,0,2,1,0,0,0,0
http://www.soft128.com,14,3,5,0,0,0,0,0,0,0,0,0,1,0,0,0,0,0,1
http://www.xywy.com,14,0,5,0,125,0,125,1,3,1,0,0,6,0,0,0,0,0,6
http://www.poppur.com,16,0,5,0,22,9,31,0.709677419,6,1,0,0,1,0,0,0,0,0,0
http://www.miaopianyi.cn,19,0,5,0,5,181,186,0.02688172,8,2,2,0,2,1,0,0,0,0,1
http://www.bjx.com.cn,15,0,6,0,5,130,135,0.037037037,22,9,0,2,1,0,0,0,0,0,1
http://www.nmc.cn,12,0,5,0,52,7,59,0.881355932,5,2,0,0,0,0,0,0,0,0,0
http://www.jiangshi.org,18,0,5,0,123,7,130,0.946153846,3,0,0,0,1,4,1,0,0,0,0
http://www.managebac.cn,18,0,5,0,61,5,66,0.924242424,4,2,0,0,0,0,0,0,0,0,0
http://www.topys.cn,14,0,5,0,73,2,75,0.973333333,8,4,0,0,1,0,0,0,0,0,0
http://www.ilovematlab.cn,20,0,5,0,134,54,188,0.712765957,13,4,-1,-1,-1,-1,-1,-1,-1,-1,-1
http://www.cndhl.com,15,0,5,0,0,0,0,0,0,0,0,0,0,0,0,0,0,0,0
http://www.fkw.com,13,0,5,0,9,64,73,0.123287671,4,0,16,0,0,1,3,0,0,0,0
http://www.5h.com,11,1,5,0,157,6,163,0.963190184,6,2,0,0,3,0,0,0,0,0,2
http://www.soku.com,14,0,5,0,4,3,7,0.571428571,4,0,4,0,0,0,1,0,0,0,0
http://11k.cc,7,2,4,0,0,0,0,0,0,0,40,2,4,0,1,0,0,0,0
http://www.alipay.net,16,0,5,0,0,0,0,0,0,0,0,0,3,0,0,0,0,0,2
http://www.chasedream.com,20,0,5,0,54,4,58,0.931034483,5,2,0,0,0,0,0,0,0,0,0
http://www.nuvoton.com,17,0,5,0,53,15,68,0.779411765,9,3,0,0,1,0,0,0,0,0,1
http://www.zzu.edu.cn,15,0,6,0,43,0,43,1,1,0,0,0,0,0,0,0,0,0,0
http://www.kankan.com,16,0,5,0,125,6,131,0.954198473,8,3,4,2,3,2,5,0,0,0,1
http://www.hxnews.com,16,0,5,0,60,11,71,0.845070423,4,1,0,0,0,0,0,0,0,0,0
http://www.51miz.com,13,2,5,0,75,31,106,0.70754717,5,1,2,0,6,1,0,0,0,0,5
http://www.chinairn.com,18,0,5,0,100,2,102,0.980392157,3,0,0,0,1,0,0,0,0,0,1
http://www.netbian.com,17,0,5,0,53,6,59,0.898305085,2,0,0,0,0,0,0,0,0,0,0
http://www.gxzpw.org,15,0,5,0,233,47,280,0.832142857,7,1,2,1,10,0,0,0,0,0,3
http://www.qutoutiao.net,19,0,5,0,11,2,13,0.846153846,3,0,-1,-1,-1,-1,-1,-1,-1,-1,-1
http://www.ubisoft.com.cn,19,0,6,0,2,271,273,0.007326007,11,5,0,0,0,4,0,0,0,0,0
http://1.1.1.3,4,4,6,0,1,0,1,1,1,0,0,0,0,0,0,0,0,0,0
http://www.weimeicun.com,19,0,5,0,62,18,80,0.775,6,3,0,0,2,0,0,0,0,0,0
http://www.hbzhan.com,16,0,5,0,16,86,102,0.156862745,7,4,2,0,2,0,0,0,0,0,2
http://www.cgtn.com,14,0,5,0,74,3,77,0.961038961,6,0,0,0,0,0,0,0,0,0,0
http://www.pediy.com,15,0,5,0,15,56,71,0.211267606,3,1,14,0,2,0,0,0,0,0,0
http://www.gensee.com,16,0,5,0,15,45,60,0.25,15,2,0,0,0,0,0,0,0,0,0
http://www.zhuye.kim,15,0,5,0,0,66,66,0,2,0,0,2,2,0,0,0,0,0,0
http://www.zaixian-fanyi.com,22,0,6,1,12,33,45,0.266666667,13,7,6,0,2,2,6,0,0,0,0
http://www.5ewin.com,14,1,5,0,51,1,52,0.980769231,3,0,0,0,0,0,0,0,0,0,0
http://www.doyoudo.com,17,0,5,0,5,1,6,0.833333333,3,1,4,0,1,0,0,0,0,0,1
http://www.bjmu.edu.cn,16,0,6,0,26,1,27,0.962962963,2,1,2,0,4,0,0,0,0,0,2
http://www.sonkwo.com,16,0,5,0,28,3,31,0.903225806,5,2,0,0,1,0,0,0,0,0,0
http://www.jia.com,13,0,5,0,175,43,218,0.802752294,5,2,0,0,6,0,0,0,0,0,5
http://www.jdwx.info,15,0,5,0,97,25,122,0.795081967,8,2,0,0,1,0,0,0,0,0,0
http://www.360zbz.com,13,3,5,0,25,7,32,0.78125,8,4,0,0,0,0,0,0,0,0,0
http://www.spzs.com,14,0,5,0,128,37,165,0.775757576,12,3,2,0,1,2,0,0,0,0,0
http://www.cskaoyan.com,18,0,5,0,19,7,26,0.730769231,4,0,0,0,0,0,0,0,0,0,0
http://www.rong360.com,14,3,5,0,51,0,51,1,2,0,0,0,0,0,6,0,0,0,0
http://www.huazhu.com,16,0,5,0,17,8,25,0.68,7,4,0,0,11,2,0,0,0,0,4
http://www.cas.org,13,0,5,0,46,24,70,0.657142857,19,10,0,0,9,0,0,0,0,0,3
http://www.wandoujia.com,19,0,5,0,1,65,66,0.015151515,12,6,0,0,0,0,0,0,0,0,0
http://www.sac.net.cn,15,0,6,0,63,34,97,0.649484536,3,1,2,0,4,0,1,0,0,0,2
http://www.chewen.com,16,0,5,0,60,14,74,0.810810811,6,1,0,0,0,0,0,0,0,0,0
http://www.ctolib.com,16,0,5,0,66,25,91,0.725274725,12,5,0,0,1,0,0,0,0,0,0
http://www.yw11.com,12,2,5,0,88,8,96,0.916666667,4,0,2,0,3,0,0,0,0,0,3
http://51.ruyo.net,11,2,5,0,16,75,91,0.175824176,24,9,3,2,8,1,0,0,0,0,8
http://www.manew.com,15,0,5,0,210,15,225,0.933333333,11,4,0,0,3,0,0,0,0,0,2
http://www.iflytek.com,17,0,5,0,24,7,31,0.774193548,3,0,0,0,4,0,0,0,0,0,4
http://www.miguvideo.com,19,0,5,0,89,70,159,0.559748428,6,3,0,0,0,0,0,0,0,0,0
http://www.iwencai.com,17,0,5,0,3,32,35,0.085714286,4,0,0,0,0,0,0,0,0,0,0
http://www.laosiji.com,17,0,5,0,59,33,92,0.641304348,10,4,0,0,1,0,0,0,0,0,0
http://www.ncss.cn,13,0,5,0,34,29,63,0.53968254,3,1,3,0,1,3,2,0,0,0,0
http://www.bkill.com,15,0,5,0,266,96,362,0.73480663,4,0,0,0,0,3,0,0,0,0,0
http://www.sonystyle.com.cn,21,0,6,0,137,22,159,0.86163522,7,0,2,0,0,0,0,0,0,0,0
http://www.cnmo.com,14,0,5,0,3,105,108,0.027777778,5,1,0,0,1,0,0,0,0,0,1
http://www.eetop.cn,14,0,5,0,75,32,107,0.700934579,7,1,0,0,0,0,0,0,0,0,0
http://www.hanjutv.com,17,0,5,0,20,18,38,0.526315789,12,8,1,0,0,0,0,0,0,0,0
http://www.maxthon.cn,16,0,5,0,26,8,34,0.764705882,7,4,0,0,3,0,0,0,0,0,3
http://www.romzhijia.net,19,0,5,0,86,5,91,0.945054945,5,2,5,2,10,0,0,0,0,0,2
http://www.87g.com,11,2,5,0,142,9,151,0.940397351,7,1,-1,-1,-1,-1,-1,-1,-1,-1,-1
http://www.jin10.com,13,2,5,0,64,7,71,0.901408451,7,4,2,0,1,0,0,0,0,0,1
http://www.h3c.com,12,1,5,0,93,23,116,0.801724138,6,1,0,0,0,0,0,0,0,0,0
http://www.dataguru.cn,17,0,5,0,221,17,238,0.928571429,7,2,8,0,10,14,2,0,0,0,1
http://www.halihali.tv,17,0,5,0,0,0,0,0,0,0,0,1,6,3,0,0,0,0,0
http://www.halihali.tv,17,0,5,0,0,0,0,0,0,0,0,0,1,0,0,0,0,0,0
http://www.biomedcentral.com,23,0,5,0,10,40,50,0.2,17,9,2,0,0,0,0,0,0,0,0
http://www.zybuluo.com,17,0,5,0,18,1,19,0.947368421,2,1,0,0,3,0,0,0,0,0,3
http://www.xinpianchang.com,22,0,5,0,45,37,82,0.548780488,8,2,0,0,0,0,0,0,0,0,0
http://www.paidai.com,16,0,5,0,10,75,85,0.117647059,8,1,0,0,0,0,0,0,0,0,0
http://www.ename.net,15,0,5,0,99,29,128,0.7734375,5,0,0,0,4,0,0,0,0,0,2
http://www.yuweining.cn,18,0,5,0,0,0,0,0,1,1,0,1,0,0,0,0,0,0,0
http://www.officezhushou.com,23,0,5,0,42,17,59,0.711864407,5,0,0,0,2,0,0,0,0,0,1
http://www.tceic.com,15,0,5,0,7,1,8,0.875,2,0,0,0,0,0,0,0,0,0,0
http://www.96weixin.com,16,2,5,0,40,0,40,1,1,0,0,2,13,6,1,0,0,0,3
http://www.6789.com,10,4,5,0,60,117,177,0.338983051,13,4,-1,-1,-1,-1,-1,-1,-1,-1,-1
http://www.puercn.com,16,0,5,0,120,16,136,0.882352941,6,1,0,0,2,0,0,0,0,0,1
http://www.arduino.cn,16,0,5,0,77,4,81,0.950617284,3,1,4,0,1,0,0,0,0,0,1
http://www.dvedit.cn,15,0,5,0,28,2,30,0.933333333,2,0,0,0,1,0,0,0,0,0,0
http://www.how2j.cn,13,1,5,0,0,0,0,0,0,0,0,0,2,0,0,0,0,0,0
http://how2j.cn,10,1,4,0,2,0,2,1,1,1,0,1,1,0,0,0,0,0,0
http://www.ddvip.com,15,0,5,0,0,0,0,0,0,0,0,0,3,0,0,0,0,0,0
http://www.ddvip.com,15,0,5,0,0,0,0,0,0,0,2,0,0,0,0,0,0,0,0
http://www.udesk.cn,14,0,5,0,162,29,191,0.848167539,13,5,0,1,2,0,0,0,0,0,2
http://www.360zbz.com,13,3,5,0,24,6,30,0.8,7,3,0,0,0,0,1,0,0,0,0
http://www.wenkuxiazai.com,21,0,5,0,2,44,46,0.043478261,10,4,0,0,11,2,0,0,0,0,10
http://www.apprcn.com,16,0,5,0,0,16,16,0,2,1,0,0,0,0,0,0,0,0,0
http://www.guazi.com,15,0,5,0,5,106,111,0.045045045,4,2,0,1,12,1,0,0,0,0,1
http://www.blyun.com,15,0,5,0,13,4,17,0.764705882,5,2,2,0,1,0,1,0,0,0,1
http://www.zhonghongwang.com,23,0,5,0,13,21,34,0.382352941,6,3,0,0,0,0,0,0,0,0,0
http://www.med66.com,13,2,5,0,80,18,98,0.816326531,5,1,0,0,1,0,0,0,0,0,1
http://www.chinapyg.com,18,0,5,0,42,5,47,0.893617021,4,1,0,0,30,2,0,0,0,0,15
http://www.c5game.com,15,1,5,0,216,3,219,0.98630137,4,1,0,0,0,0,1,0,0,0,0
http://www.3gmfw.cn,13,1,5,0,45,24,69,0.652173913,9,3,0,0,0,2,2,0,0,0,0
http://www.huajiao.com,17,0,5,0,207,58,265,0.781132075,9,1,-1,-1,-1,-1,-1,-1,-1,-1,-1
http://www.mohurd.gov.cn,18,0,6,0,32,1,33,0.96969697,2,1,4,0,0,0,0,0,0,0,0
http://www.ichunt.com,16,0,5,0,71,9,80,0.8875,4,1,0,0,1,0,0,0,0,0,0
http://www.idyjy.com,15,0,5,0,17,0,17,1,1,0,0,3,9,0,0,0,0,0,5
http://www.8264.com,10,4,5,0,77,10,87,0.885057471,5,1,0,2,2,0,0,0,0,0,0
http://www.ujs.edu.cn,15,0,6,0,23,8,31,0.741935484,2,0,0,0,0,0,0,0,0,0,0
http://www.linkhaitao.com,20,0,5,0,63,2,65,0.969230769,4,1,0,0,0,0,0,0,0,0,0
http://www.86kx.com,12,2,5,0,0,0,0,0,0,0,0,0,1,0,0,0,0,0,0
http://www.fengchedm.com,19,0,5,0,15,68,83,0.180722892,9,5,2,0,5,4,2,0,0,0,5
http://www.yiyaojd.com,17,0,5,0,0,61,61,0,2,0,0,0,8,0,0,0,0,0,6
http://www.wdzj.com,14,0,5,0,135,42,177,0.762711864,10,3,0,0,0,0,1,0,0,0,0
http://www.tianxun.com,17,0,5,0,53,3,56,0.946428571,7,4,0,0,4,0,0,0,0,0,1
http://www.cgdc.com.cn,16,0,6,0,0,0,0,0,0,0,0,0,1,0,0,0,0,0,1
http://www.jiqizhixin.com,20,0,5,0,33,3,36,0.916666667,6,2,0,0,0,0,0,0,0,0,0
http://www.canon.com.cn,17,0,6,0,161,64,225,0.715555556,9,6,0,0,2,0,0,0,0,0,1
http://www.canon.com.cn,17,0,6,0,6,159,165,0.036363636,5,1,0,0,3,2,0,0,0,0,3
http://www.nlc.cn,12,0,5,0,156,278,434,0.359447005,7,3,0,1,1,0,0,0,0,0,1
http://www.bjhjyd.gov.cn,18,0,6,0,25,1,26,0.961538462,2,1,0,0,0,0,0,0,0,0,0
http://www.cnr.cn,12,0,5,0,169,21,190,0.889473684,5,1,0,0,0,0,0,0,0,0,0
http://www.vjshi.com,15,0,5,0,16,16,32,0.5,9,3,0,0,0,0,0,0,0,0,0
http://www.xiaopi.com,16,0,5,0,170,9,179,0.94972067,7,4,2,0,10,0,0,0,0,0,10
http://www.xiazaizhijia.com,22,0,5,0,0,16,16,0,3,2,0,0,1,0,0,0,0,0,0
http://www.oppo.com,14,0,5,0,16,19,35,0.457142857,4,2,1,0,0,0,0,0,0,0,0
http://www.tyouai.com,16,0,5,0,28,16,44,0.636363636,4,1,0,0,0,0,0,0,0,0,0
http://www.ccava.net,15,0,5,0,64,9,73,0.876712329,10,5,1,0,0,0,0,0,0,0,0
http://www.51fapiao.cn,15,2,5,0,81,1,82,0.987804878,2,0,0,0,0,0,0,0,0,0,0
http://www.txtnovel.me,17,0,5,0,28,3,31,0.903225806,8,5,0,0,1,0,3,0,0,0,1
http://www.jitashe.org,17,0,5,0,74,69,143,0.517482517,7,1,-1,-1,-1,-1,-1,-1,-1,-1,-1
http://www.moe.gov.cn,15,0,6,0,85,41,126,0.674603175,8,3,0,0,390,0,2,0,0,0,388
http://www.redhat.com,16,0,5,0,34,33,67,0.507462687,21,9,0,0,1,2,0,0,0,0,1
http://www.nphoto.net,16,0,5,0,51,63,114,0.447368421,18,4,6,0,0,0,0,0,0,0,0
http://www.021wudi.com,14,3,5,0,33,44,77,0.428571429,8,2,0,0,0,0,0,0,0,0,0
http://www.abiechina.com,19,0,5,0,70,7,77,0.909090909,5,0,6,0,17,2,3,0,0,0,14
http://www.leawo.cn,14,0,5,0,64,11,75,0.853333333,7,3,2,0,0,0,0,0,0,0,0
http://www.qlchat.com,16,0,5,0,0,64,64,0,3,0,2,1,16,0,0,0,0,0,13
http://www.samsungmembers.cn,23,0,5,0,130,111,241,0.539419087,12,5,0,0,15,0,0,0,0,0,3
http://www.shaoit.com,16,0,5,0,109,32,141,0.773049645,10,3,0,0,7,0,1,0,0,0,6
http://www.edrawsoft.cn,18,0,5,0,82,4,86,0.953488372,5,2,0,0,0,0,0,0,0,0,0
http://www.dhu.edu.cn,15,0,6,0,122,5,127,0.960629921,2,0,2,0,11,1,0,0,0,0,1
http://www.zhaiiker.com,18,0,5,0,27,2,29,0.931034483,3,1,0,0,2,0,0,0,0,0,1
http://www.mouser.cn,15,0,5,0,94,30,124,0.758064516,20,10,0,2,3,2,0,0,0,0,0
http://www.txrjy.com,15,0,5,0,56,5,61,0.918032787,6,2,0,0,0,0,0,0,0,0,0
http://www.fanjian.net,17,0,5,0,30,39,69,0.434782609,14,6,0,2,5,0,0,0,0,0,3
http://mp.dayu.com,13,0,5,0,0,82,82,0,9,2,3,0,1,0,0,0,0,0,0
http://www.wondercv.com,18,0,5,0,68,36,104,0.653846154,11,4,0,2,1,0,4,0,0,0,1
http://www.kf5.com,12,1,5,0,76,2,78,0.974358974,2,0,0,0,1,0,0,0,0,0,1
http://www.hdb.com,13,0,5,0,218,1,219,0.99543379,3,1,1,0,5,3,3,0,0,0,1
http://www.biketo.com,16,0,5,0,68,11,79,0.860759494,5,1,0,0,1,0,0,0,0,0,1
http://www.paperyy.com,17,0,5,0,58,1,59,0.983050847,3,0,0,0,0,0,0,0,0,0,0
http://www.fanli.com,15,0,5,0,11,39,50,0.22,4,1,3,1,0,0,0,0,0,0,0
http://www.lanzou.com,16,0,5,0,11,2,13,0.846153846,2,0,0,0,0,0,0,0,0,0,0
http://www.fwol.cn,13,0,5,0,34,18,52,0.653846154,5,1,0,0,2,0,0,0,0,0,0
http://www.kuke.com,14,0,5,0,68,3,71,0.957746479,3,1,1,0,0,0,0,0,0,0,0
http://www.cnu.edu.cn,15,0,6,0,27,0,27,1,3,2,0,0,1,0,0,0,0,0,0
http://www.growingio.com,19,0,5,0,63,7,70,0.9,4,1,0,0,2,0,1,0,0,0,1
http://www.coozhi.com,16,0,5,0,46,10,56,0.821428571,7,2,0,0,2,0,0,0,0,0,1
http://www.godic.net,15,0,5,0,9,6,15,0.6,7,5,0,0,3,1,0,0,0,0,3
http://www.yeah.net,14,0,5,0,3,21,24,0.125,5,1,0,0,4,0,0,0,0,0,4
http://www.doczj.com,15,0,5,0,4,32,36,0.111111111,12,3,0,0,1,0,0,0,0,0,0
http://www.java1234.com,14,4,5,0,19,13,32,0.59375,5,1,0,0,0,0,0,0,0,0,0
http://www.oiegg.com,15,0,5,0,4,1,5,0.8,2,1,0,0,0,0,0,0,0,0,0
http://www.cnprint.org,17,0,5,0,44,11,55,0.8,8,4,0,0,0,0,0,0,0,0,0
http://www.hunt007.com,14,3,5,0,23,30,53,0.433962264,7,1,0,0,2,0,0,0,0,0,1
http://www.33lc.com,12,2,5,0,90,4,94,0.957446809,3,0,0,0,4,0,0,0,0,0,1
http://www.qimai.cn,14,0,5,0,4,0,4,1,1,0,2,0,0,0,0,0,0,0,0
http://www.cscse.edu.cn,17,0,6,0,60,18,78,0.769230769,6,2,0,1,0,0,0,0,0,0,0
http://www.5173.com,10,4,5,0,20,135,155,0.129032258,6,0,0,0,1,2,1,0,0,0,0
http://www.cssmoban.com,18,0,5,0,42,10,52,0.807692308,7,3,0,0,1,0,0,0,0,0,1
http://static.jszg.edu.cn,19,0,6,0,0,0,0,0,1,0,0,0,2,0,0,0,0,0,0
http://www.gyhj.org,14,0,5,0,34,1,35,0.971428571,2,0,2,0,1,0,0,0,0,0,0
http://www.ikuai8.com,15,1,5,0,47,1,48,0.979166667,2,0,0,0,4,0,0,0,0,0,3
http://www.sony.com.cn,16,0,6,0,96,1,97,0.989690722,2,1,0,0,6,2,0,0,0,0,5
http://www.xjtlu.edu.cn,17,0,6,0,28,3,31,0.903225806,5,1,0,0,2,0,0,0,0,0,0
http://www.9k9k.com,12,2,5,0,47,6,53,0.886792453,3,0,0,0,6,1,0,0,0,0,1
http://www.tingroom.com,18,0,5,0,5,100,105,0.047619048,20,7,0,0,0,2,1,0,0,0,0
http://www.500d.me,10,3,5,0,148,69,217,0.68202765,9,3,0,0,0,0,0,0,0,0,0
http://www.whb.cn,12,0,5,0,66,4,70,0.942857143,2,0,0,0,0,0,0,0,0,0,0
http://www.yzz.cn,12,0,5,0,58,249,307,0.188925081,11,2,0,0,0,0,0,0,0,0,0
http://www.cashtoutiao.com,21,0,5,0,12,19,31,0.387096774,3,0,0,0,1,0,1,0,0,0,0
http://www.bt.cn,11,0,5,0,29,1,30,0.966666667,3,0,0,0,0,0,0,0,0,0,0
http://www.vipkid.com.cn,18,0,6,0,7,49,56,0.125,6,1,0,0,2,0,5,0,0,0,1
http://www.chinafix.com,18,0,5,0,97,17,114,0.850877193,11,6,0,2,0,0,3,0,0,0,0
http://www.foodmate.net,18,0,5,0,101,62,163,0.619631902,8,1,8,0,1,0,4,0,0,0,0
http://www.99danji.com,15,2,5,0,29,54,83,0.34939759,13,2,0,0,12,0,0,0,0,0,2
http://www.fzu.edu.cn,15,0,6,0,19,0,19,1,1,0,0,0,1,4,0,0,0,0,0
http://www.zongheng.com,18,0,5,0,78,3,81,0.962962963,2,0,-1,-1,-1,-1,-1,-1,-1,-1,-1
http://www.duote.com,15,0,5,0,0,366,366,0,6,1,0,0,0,0,0,0,0,0,0
http://www.qutoutiao.net,19,0,5,0,13,1,14,0.928571429,2,0,0,0,5,0,0,0,0,0,5
http://www.qlwb.com.cn,16,0,6,0,84,14,98,0.857142857,3,0,0,0,4,6,3,0,0,0,1
http://www.zhongkao.com,18,0,5,0,0,129,129,0,9,2,2,0,3,0,0,0,0,0,1
http://www.hangzhou.gov.cn,20,0,6,0,103,113,216,0.476851852,9,3,6,0,1,2,2,0,0,0,1
http://www.gzmama.com,16,0,5,0,34,86,120,0.283333333,10,4,2,0,0,0,0,0,0,0,0
http://www.opdown.com,16,0,5,0,288,11,299,0.963210702,5,2,0,0,0,0,0,0,0,0,0
http://www.chazidian.com,19,0,5,0,89,5,94,0.946808511,3,0,2,1,5,1,1,0,0,0,2
http://www.lanrentuku.com,20,0,5,0,57,44,101,0.564356436,8,0,0,0,0,0,0,0,0,0,0
http://www.pcsoft.com.cn,18,0,6,0,173,31,204,0.848039216,7,4,-1,-1,-1,-1,-1,-1,-1,-1,-1
http://www.jiandaoyun.com,20,0,5,0,29,13,42,0.69047619,7,2,0,19,0,0,0,0,0,0,0
http://www.pipaw.com,15,0,5,0,97,166,263,0.368821293,13,6,0,0,0,0,0,0,0,0,0
http://www.xmfish.com,16,0,5,0,180,25,205,0.87804878,8,3,1,0,13,0,1,0,0,0,2
http://www.sanjieke.cn,17,0,5,0,16,4,20,0.8,4,2,2,0,2,0,0,0,0,0,2
http://www.36mh.com,12,2,5,0,29,133,162,0.179012346,4,1,0,0,0,1,0,0,0,0,0
http://www.soyunpan.com,18,0,5,0,24,33,57,0.421052632,9,2,0,0,0,0,0,0,0,0,0
http://www.helplib.com,17,0,5,0,18,50,68,0.264705882,11,3,-1,-1,-1,-1,-1,-1,-1,-1,-1
http://www.ckck.vip,14,0,5,0,0,0,0,0,0,0,0,0,6,0,0,0,0,0,1
http://www.1688wan.com,13,4,5,0,37,3,40,0.925,9,4,0,0,0,2,0,0,0,0,0
http://www.5eplay.com,15,1,5,0,5,1,6,0.833333333,2,0,-1,-1,-1,-1,-1,-1,-1,-1,-1
http://www.foxitsoftware.cn,22,0,5,0,95,4,99,0.95959596,3,1,-1,-1,-1,-1,-1,-1,-1,-1,-1
http://www.tp-link.com.cn,18,0,7,1,31,6,37,0.837837838,2,0,0,0,1,0,0,0,0,0,0
http://www.xilinjie.com,18,0,5,0,0,31,31,0,3,0,0,0,4,6,1,0,0,0,0
http://www.sendong.com,17,0,5,0,66,7,73,0.904109589,5,0,0,0,5,0,0,0,0,0,3
http://www.jaeapp.com,16,0,5,0,0,0,0,0,0,0,2,0,0,0,5,0,0,0,0
http://www.jaeapp.com,16,0,5,0,0,0,0,0,0,0,0,2,2,0,0,0,0,0,1
http://www.biomart.cn,16,0,5,0,7,140,147,0.047619048,8,1,-1,-1,-1,-1,-1,-1,-1,-1,-1
http://www.gaosan.com,16,0,5,0,58,5,63,0.920634921,3,0,4,0,2,2,0,0,0,0,0
http://www.chuansong.me,18,0,5,0,0,0,0,0,0,0,2,0,1,0,0,0,0,0,0
http://www.chuansong.me,18,0,5,0,0,0,0,0,0,0,0,0,3,1,0,0,0,0,2
http://www.c-ctrip.com,16,0,6,1,0,0,0,0,0,0,0,0,2,2,0,0,0,0,1
http://www.c-ctrip.com,16,0,6,1,0,0,0,0,0,0,2,0,27,0,0,0,0,0,25
http://www.c-ctrip.com,16,0,6,1,0,0,0,0,0,0,0,0,0,0,0,0,0,0,0
http://www.c-ctrip.com,16,0,6,1,0,0,0,0,0,0,0,0,0,0,0,0,0,0,0
http://www.horsechinaone.com,23,0,5,0,89,5,94,0.946808511,5,2,0,0,0,0,0,0,0,0,0
http://www.baoshu8.com,16,1,5,0,33,3,36,0.916666667,4,1,2,0,2,1,6,0,0,0,0
http://www.gmz88.com,13,2,5,0,121,6,127,0.952755906,3,1,0,0,0,0,0,0,0,0,0
http://www.customs.gov.cn,19,0,6,0,146,0,146,1,2,0,1,0,10,0,0,0,0,0,3
http://www.epinv.com,15,0,5,0,83,110,193,0.430051813,10,2,0,0,0,0,0,0,0,0,0
http://www.bbsmax.com,16,0,5,0,0,0,0,0,0,0,0,0,0,0,0,0,0,0,0
http://www.bbsmax.com,16,0,5,0,0,0,0,0,0,0,0,0,14,8,0,0,0,0,14
http://www.nvidia.cn,15,0,5,0,47,23,70,0.671428571,10,6,2,0,2,0,0,0,0,0,2
http://www.ef.com.cn,14,0,6,0,4,42,46,0.086956522,10,3,1,0,0,0,0,0,0,0,0
http://www.acc5.com,13,1,5,0,96,19,115,0.834782609,8,4,0,0,0,0,0,0,0,0,0
http://qiyukf.com,13,0,4,0,0,34,34,0,3,1,0,6,12,2,0,0,0,0,5
http://www.deppon.com,16,0,5,0,62,45,107,0.579439252,11,7,0,0,1,0,0,0,0,0,0
http://www.diyiyou.com,17,0,5,0,41,3,44,0.931818182,4,1,0,0,0,0,0,0,0,0,0
http://www.pianshen.com,18,0,5,0,46,1,47,0.978723404,6,5,0,0,1,0,0,0,0,0,1
http://www.importnew.com,19,0,5,0,48,1,49,0.979591837,5,3,0,0,1,0,0,0,0,0,0
http://www.cztv.com,14,0,5,0,121,32,153,0.790849673,7,1,0,0,8,0,0,0,0,0,3
http://www.ludashi.com,17,0,5,0,13,20,33,0.393939394,6,1,0,0,3,0,0,0,0,0,2
http://www.170mv.com,12,3,5,0,40,4,44,0.909090909,4,0,0,0,2,0,0,0,0,0,0
http://www.100sp.com,12,3,5,0,25,4,29,0.862068966,6,3,0,0,1,0,0,0,0,0,1
http://www.wxb.com,13,0,5,0,1,12,13,0.076923077,6,2,0,0,1,0,0,0,0,0,1
http://www.feiren.com,16,0,5,0,66,3,69,0.956521739,3,1,10,0,0,0,0,0,0,0,0
http://www.yuemei.com,16,0,5,0,107,4,111,0.963963964,3,0,0,0,1,0,0,0,0,0,1
http://www.61learn.com,15,2,5,0,121,2,123,0.983739837,3,1,0,0,1,2,0,0,0,0,0
http://www.baidupan.com,18,0,5,0,0,0,0,0,0,0,0,1,1,0,0,0,0,0,0
http://www.zzidc.com,15,0,5,0,99,11,110,0.9,4,0,0,0,37,0,0,0,0,0,15
http://www.51pptmoban.com,18,2,5,0,88,47,135,0.651851852,5,0,0,0,0,0,0,0,0,0,0
http://www.yeshen.com,16,0,5,0,26,52,78,0.333333333,4,0,0,1,1,3,0,0,0,0,0
http://www.drivergenius.com,22,0,5,0,38,12,50,0.76,4,0,0,0,4,0,0,0,0,0,4
http://www.mathtype.cn,17,0,5,0,4,103,107,0.037383178,11,4,-1,-1,-1,-1,-1,-1,-1,-1,-1
http://www.designboom.cn,19,0,5,0,67,7,74,0.905405405,3,0,0,0,0,0,0,0,0,0,0
http://www.dangbei.com,17,0,5,0,6,65,71,0.084507042,6,1,0,0,0,0,0,0,0,0,0
http://www.chashebao.com,19,0,5,0,9,15,24,0.375,4,0,-1,-1,-1,-1,-1,-1,-1,-1,-1
http://www.7junshi.com,16,1,5,0,17,175,192,0.088541667,13,4,-1,-1,-1,-1,-1,-1,-1,-1,-1
http://1.1.1.3,4,4,6,0,1,0,1,1,1,0,0,0,0,0,0,0,0,0,0
http://www.ecust.edu.cn,17,0,6,0,0,19,19,0,5,1,0,0,1,0,0,0,0,0,0
http://www.duanmeiwen.com,20,0,5,0,5,15,20,0.25,3,0,4,0,6,0,0,0,0,0,0
http://www.160.com,10,3,5,0,95,5,100,0.95,3,0,-1,-1,-1,-1,-1,-1,-1,-1,-1
http://www.pbc.gov.cn,15,0,6,0,92,5,97,0.948453608,9,4,0,0,1,0,0,0,0,0,1
http://www.uoolu.com,15,0,5,0,327,14,341,0.958944282,11,3,0,2,1,1,1,0,0,0,0
http://www.qzzn.com,14,0,5,0,31,8,39,0.794871795,3,0,0,0,4,0,0,0,0,0,2
http://www.5pao.com,13,1,5,0,89,9,98,0.908163265,4,0,0,1,3,5,0,0,0,0,3
http://www.phb123.com,13,3,5,0,75,10,85,0.882352941,5,2,0,0,5,0,0,0,0,0,2
http://www.ckck.tv,13,0,5,0,0,0,0,0,0,0,0,0,3,2,0,0,0,0,1
http://www.ckck.tv,13,0,5,0,0,0,0,0,0,0,0,0,3,1,0,0,0,0,3
http://720yun.com,10,3,4,0,1,8,9,0.111111111,4,1,0,0,0,0,0,0,0,0,0
http://www.winit.com.cn,17,0,6,0,57,6,63,0.904761905,4,1,0,0,0,0,0,0,0,0,0
http://www.567pan.com,13,3,5,0,0,0,0,0,0,0,3,0,1,0,0,0,0,0,0
http://www.lieqiwang.com,19,0,5,0,78,22,100,0.78,7,2,0,0,2,0,0,0,0,0,2
http://www.wmzhe.com,15,0,5,0,91,3,94,0.968085106,4,1,2,0,11,0,0,0,0,0,5
http://uiiiuiii.com,15,0,4,0,116,1,117,0.991452991,2,0,0,0,3,0,0,0,0,0,2
http://www.cufe.edu.cn,16,0,6,0,42,2,44,0.954545455,2,0,0,0,1,0,0,0,0,0,0
http://www.10000.gd.cn,11,5,6,0,0,0,0,0,0,0,0,0,1,2,0,0,0,0,1
http://www.10000.gd.cn,11,5,6,0,0,0,0,0,0,0,0,0,2,0,0,0,0,0,1
http://www.shicimingju.com,21,0,5,0,19,18,37,0.513513514,6,0,4,0,22,3,1,0,0,0,1
http://www.ruan8.com,14,1,5,0,125,6,131,0.954198473,3,1,0,0,0,0,0,0,0,0,0
http://www.meizu.com,15,0,5,0,63,10,73,0.863013699,4,1,0,0,0,0,0,0,0,0,0
http://www.cena.com.cn,16,0,6,0,83,1,84,0.988095238,2,0,28,0,4,0,2,0,0,0,4
http://www.1024sj.com,12,4,5,0,44,14,58,0.75862069,9,3,0,0,0,3,0,0,0,0,0
http://www.qimai.cn,14,0,5,0,4,0,4,1,1,0,0,0,0,0,0,0,0,0,0
http://www.itsk.com,14,0,5,0,89,9,98,0.908163265,5,2,0,3,17,0,4,0,0,0,17
http://www.99bill.com,14,2,5,0,60,1,61,0.983606557,2,0,-1,-1,-1,-1,-1,-1,-1,-1,-1
http://www.wsgjp.com.cn,17,0,6,0,44,64,108,0.407407407,13,3,0,1,6,0,0,0,0,0,5
http://www.changyou.com,18,0,5,0,11,36,47,0.234042553,5,0,0,0,2,0,0,0,0,0,0
http://www.228.com.cn,12,3,6,0,26,2,28,0.928571429,7,5,0,0,13,5,2,0,0,0,6
http://www.shihuo.cn,15,0,5,0,6,102,108,0.055555556,6,1,-1,-1,-1,-1,-1,-1,-1,-1,-1
http://www.mobanwang.com,19,0,5,0,0,15,15,0,5,2,0,0,0,0,0,0,0,0,0
http://www.xoyo.com,14,0,5,0,23,43,66,0.348484848,5,2,-1,-1,-1,-1,-1,-1,-1,-1,-1
http://www.appchina.com,18,0,5,0,2,150,152,0.013157895,6,2,0,0,1,0,0,0,0,0,1
http://www.mayiwenku.com,19,0,5,0,246,4,250,0.984,2,0,0,0,0,0,0,0,0,0,0
http://www.cib.com.cn,15,0,6,0,56,1,57,0.98245614,2,0,0,0,3,0,0,0,0,0,0
http://www.weimob.com,16,0,5,0,99,10,109,0.908256881,6,2,0,0,1,0,0,0,0,0,0
http://www.tj.gov.cn,14,0,6,0,85,8,93,0.913978495,5,2,2,1,6,0,0,0,0,0,1
http://www.gdufs.edu.cn,17,0,6,0,57,0,57,1,2,1,0,0,0,6,1,0,0,0,0
http://www.wordlm.com,16,0,5,0,49,4,53,0.924528302,2,0,2,0,2,0,0,0,0,0,1
http://www.huamu.com,15,0,5,0,158,5,163,0.969325153,5,3,0,0,80,0,0,0,0,0,0
http://www.asiatvro.com,18,0,5,0,0,0,0,0,0,0,0,0,2,0,0,0,0,0,2
http://www.asiatvro.com,18,0,5,0,0,0,0,0,0,0,0,0,2,0,0,0,0,0,1
http://maka.im,10,0,4,0,357,32,389,0.917737789,7,1,0,0,0,0,0,0,0,0,0
http://www.echartsjs.com,19,0,5,0,63,4,67,0.940298507,4,1,-1,-1,-1,-1,-1,-1,-1,-1,-1
http://www.51bdy.com,13,2,5,0,0,0,0,0,0,0,0,0,4,1,3,0,0,0,3
http://www.51bdy.com,13,2,5,0,0,0,0,0,0,0,-1,-1,-1,-1,-1,-1,-1,-1,-1
http://www.nanrenwo.net,18,0,5,0,67,29,96,0.697916667,9,3,0,0,0,0,0,0,0,0,0
http://www.8kana.com,14,1,5,0,67,167,234,0.286324786,10,3,0,0,0,0,0,0,0,0,0
http://www.pclady.com.cn,18,0,6,0,78,8,86,0.906976744,7,2,1,0,3,0,0,0,0,0,3
http://www.dataoke.com,17,0,5,0,49,5,54,0.907407407,6,1,0,0,5,0,0,0,0,0,5
http://www.dygang.net,16,0,5,0,9,56,65,0.138461538,7,2,6,0,4,1,0,0,0,0,0
http://www.iflyrec.com,17,0,5,0,10,0,10,1,1,0,4,0,1,0,0,0,0,0,0
http://www.faloo.com,15,0,5,0,37,0,37,1,1,0,0,0,0,0,0,0,0,0,0
http://www.adidas.com.cn,18,0,6,0,64,5,69,0.927536232,9,6,5,0,0,0,0,0,0,0,0
http://www.91job.gov.cn,15,2,6,0,101,58,159,0.635220126,2,0,0,0,1,0,0,0,0,0,0
http://www.apicloud.com,18,0,5,0,61,53,114,0.535087719,8,2,0,0,1,0,0,0,0,0,1
http://www.jiakaobaodian.com,23,0,5,0,87,28,115,0.756521739,10,6,0,0,0,0,1,0,0,0,0
http://www.hifidiy.net,17,0,5,0,79,1,80,0.9875,5,2,0,0,0,0,0,0,0,0,0
http://www.tom.com,13,0,5,0,42,14,56,0.75,7,3,0,0,1,0,0,0,0,0,0
http://www.yto.net.cn,15,0,6,0,49,22,71,0.690140845,5,0,2,0,5,0,0,0,0,0,3
http://www.spdb.com.cn,16,0,6,0,0,0,0,0,0,0,0,0,7,0,0,0,0,0,6
http://www.spdb.com.cn,16,0,6,0,33,0,33,1,1,0,0,0,2,0,0,0,0,0,2
http://www.bookschina.com,20,0,5,0,343,10,353,0.971671388,3,0,0,0,0,0,0,0,0,0,0
http://www.cnfol.com,15,0,5,0,104,63,167,0.622754491,12,4,-1,-1,-1,-1,-1,-1,-1,-1,-1
http://www.topsage.com,17,0,5,0,0,0,0,0,0,0,0,0,3,1,0,0,0,0,2
http://www.lianlianpay.com,21,0,5,0,8,1,9,0.888888889,2,0,4,1,0,6,2,0,0,0,0
http://www.tvsou.com,15,0,5,0,44,3,47,0.936170213,4,2,0,1,3,0,0,0,0,0,2
http://www.cocos.com,15,0,5,0,36,1,37,0.972972973,3,0,0,0,0,0,0,0,0,0,0
http://www.kaixin001.com,16,3,5,0,4,83,87,0.045977011,12,1,8,0,12,1,0,0,0,0,0
http://www.anywlan.com,17,0,5,0,76,2,78,0.974358974,2,0,0,0,6,1,0,0,0,0,4
http://www.xueersi.com,17,0,5,0,6,20,26,0.230769231,3,0,0,0,0,0,0,0,0,0,0
http://www.huihui.cn,15,0,5,0,0,167,167,0,11,3,10,3,4,13,4,0,0,0,0
http://www.pearvideo.com,19,0,5,0,100,3,103,0.970873786,4,1,0,0,0,0,0,0,0,0,0
http://www.meishichina.com,21,0,5,0,93,2,95,0.978947368,4,2,0,0,28,2,3,0,0,0,18
http://www.yunexpress.com,20,0,5,0,93,1,94,0.989361702,2,0,0,0,0,0,0,0,0,0,0
http://www.dfcfw.com,15,0,5,0,23,0,23,1,1,0,0,0,4,0,1,0,0,0,3
http://www.xfyun.cn,14,0,5,0,5,3,8,0.625,3,0,0,0,6,0,0,0,0,0,6
http://www.vzmz.com,14,0,5,0,16,46,62,0.258064516,10,3,0,0,0,0,0,0,0,0,0
http://www.huodongjia.com,20,0,5,0,61,4,65,0.938461538,7,4,0,0,4,1,0,0,0,0,4
http://www.kuaizhan.com,18,0,5,0,67,0,67,1,1,0,0,2,2,0,1,0,0,0,1
http://www.xkw.com,13,0,5,0,0,0,0,0,0,0,0,0,173,0,0,0,0,0,0
http://www.ynepb.gov.cn,17,0,6,0,0,0,0,0,0,0,0,0,0,0,0,0,0,0,0
http://www.ynepb.gov.cn,17,0,6,0,0,0,0,0,0,0,0,0,0,0,0,0,0,0,0
http://www.ncu.edu.cn,15,0,6,0,27,1,28,0.964285714,2,1,0,0,0,1,0,0,0,0,0
http://www.chinamedevice.cn,22,0,5,0,20,109,129,0.15503876,2,0,0,0,0,0,0,0,0,0,0
http://www.aiyuke.com,16,0,5,0,106,78,184,0.576086957,9,2,0,0,2,0,0,0,0,0,1
http://www.shiyebian.net,19,0,5,0,14,3,17,0.823529412,3,1,0,1,2,0,1,0,0,0,1
http://www.midifan.com,17,0,5,0,129,1,130,0.992307692,2,1,0,0,3,0,0,0,0,0,0
http://www.yunzhijia.com,19,0,5,0,71,35,106,0.669811321,7,3,0,2,0,0,1,0,0,0,0
http://www.chunyuyisheng.com,23,0,5,0,12,61,73,0.164383562,3,0,0,0,1,0,0,0,0,0,1
http://www.sina.com.cn,16,0,6,0,133,248,381,0.349081365,19,4,0,0,3,0,0,0,0,0,3
http://www.zjut.edu.cn,16,0,6,0,45,3,48,0.9375,3,0,6,0,6,3,0,0,0,0,4
http://www.12371.cn,9,5,5,0,9,101,110,0.081818182,7,3,1,0,2,0,0,0,0,0,0
http://www.zhuangjiba.com,20,0,5,0,20,14,34,0.588235294,2,0,0,0,0,0,0,0,0,0,0
http://www.mydown.com,16,0,5,0,21,63,84,0.25,6,0,0,0,0,0,0,0,0,0,0
http://www.100tal.com,13,3,5,0,26,2,28,0.928571429,5,1,0,0,0,0,0,0,0,0,0
http://www.pingwest.com,18,0,5,0,50,3,53,0.943396226,7,4,0,0,0,0,0,0,0,0,0
http://www.997788.com,10,6,5,0,260,8,268,0.970149254,2,0,0,0,2,1,2,0,0,0,1
http://www.artron.net,16,0,5,0,148,235,383,0.386422977,3,0,0,0,3,0,8,0,0,0,2
http://dxy.com,10,0,4,0,0,35,35,0,4,1,0,0,3,0,0,0,0,0,2
http://www.d7vg.com,13,1,5,0,25,41,66,0.378787879,3,0,0,0,0,0,0,0,0,0,0
http://www.vc52.cn,11,2,5,0,0,0,0,0,0,0,0,0,2,0,2,0,0,0,0
http://www.mockplus.cn,17,0,5,0,46,5,51,0.901960784,3,1,0,0,2,1,0,0,0,0,2
http://www.yizhibo.com,17,0,5,0,56,351,407,0.137592138,4,1,0,0,2,0,0,0,0,0,2
http://www.juqingba.cn,17,0,5,0,16,4,20,0.8,2,0,0,0,1,0,0,0,0,0,0
http://www.ck365.cn,11,3,5,0,224,23,247,0.906882591,8,2,0,0,8,4,0,0,0,0,2
http://www.ituring.com.cn,19,0,6,0,79,44,123,0.642276423,4,0,2,0,0,0,0,0,0,0,0
http://www.gaokao.com,16,0,5,0,10,81,91,0.10989011,8,3,0,0,0,0,0,0,0,0,0
http://www.chengdun.com,18,0,5,0,16,0,16,1,1,0,6,0,1,1,0,0,0,0,0
http://www.cmbc.com.cn,16,0,6,0,26,2,28,0.928571429,2,0,-1,-1,-1,-1,-1,-1,-1,-1,-1
http://www.haidaibao.com,19,0,5,0,42,13,55,0.763636364,7,3,0,0,1,0,0,0,0,0,0
http://www.speiyou.com,17,0,5,0,1,10,11,0.090909091,6,4,2,0,5,0,0,0,0,0,0
http://www.didiglobal.com,20,0,5,0,68,43,111,0.612612613,9,3,2,0,1,0,0,0,0,0,0
http://www.hxsd.com,14,0,5,0,88,28,116,0.75862069,8,2,0,0,1,0,0,0,0,0,0
http://www.gezila.com,16,0,5,0,9,22,31,0.290322581,5,2,0,0,2,1,0,0,0,0,1
http://www.seowhy.com,16,0,5,0,81,5,86,0.941860465,4,2,2,0,0,0,0,0,0,0,0
http://www.tibet.cn,14,0,5,0,110,5,115,0.956521739,7,1,0,0,1,0,0,0,0,0,0
http://www.crntt.com,15,0,5,0,197,1,198,0.994949495,4,1,2,0,6,1,0,0,0,0,5
http://www.kengso.com,16,0,5,0,5,12,17,0.294117647,11,4,-1,-1,-1,-1,-1,-1,-1,-1,-1
http://www.pingan.com,16,0,5,0,69,5,74,0.932432432,4,1,0,0,0,0,0,0,0,0,0
http://www.xueanquan.com,19,0,5,0,1,105,106,0.009433962,4,2,4,0,3,0,2,0,0,0,2
http://www.p2peye.com,15,1,5,0,26,12,38,0.684210526,4,1,0,0,6,2,1,0,0,0,4
http://bcy.net,10,0,4,0,22,117,139,0.158273381,11,4,0,0,0,0,0,0,0,0,0
http://www.hdsky.net,15,0,5,0,59,5,64,0.921875,4,0,2,0,0,0,0,0,0,0,0
http://www.55haitao.com,16,2,5,0,123,46,169,0.727810651,10,3,0,0,1,0,0,0,0,0,0
http://www.wenkubao.cc,17,0,5,0,0,0,0,0,0,0,0,0,1,0,0,0,0,0,0
http://cnodejs.org,14,0,4,0,13,59,72,0.180555556,7,2,0,0,1,0,0,0,0,0,1
http://www.bankcomm.com,18,0,5,0,0,0,0,0,0,0,0,0,2,0,2,0,0,0,2
http://www.bankcomm.com,18,0,5,0,100,15,115,0.869565217,3,0,0,0,3,0,0,0,0,0,3
http://www.ybdu.com,14,0,5,0,0,0,0,0,0,0,0,0,0,0,0,0,0,0,0
http://www.ybdu.com,14,0,5,0,0,0,0,0,0,0,0,0,0,0,0,0,0,0,0
http://www.kaochong.com,18,0,5,0,54,3,57,0.947368421,3,0,-1,-1,-1,-1,-1,-1,-1,-1,-1
http://www.tesla.cn,14,0,5,0,25,5,30,0.833333333,7,3,0,0,2,0,0,0,0,0,0
http://www.qfang.com,15,0,5,0,8,0,8,1,3,2,0,0,2,0,0,0,0,0,2
http://www.chongdiantou.com,22,0,5,0,60,15,75,0.8,6,2,0,0,0,0,0,0,0,0,0
http://www.douxie.com,16,0,5,0,385,3,388,0.992268041,6,3,0,0,6,0,0,0,0,0,2
http://www.makepolo.com,18,0,5,0,3,14,17,0.176470588,2,0,0,0,0,0,0,0,0,0,0
http://www.vbuluo99.com,16,2,5,0,0,93,93,0,7,3,2,6,10,1,0,0,0,0,3
http://www.ccf.org.cn,15,0,6,0,98,0,98,1,1,0,0,0,1,2,0,0,0,0,0
,,,,,,,,,,,2,2,0,0,0,0,0,0,0
,,,,,,,,,,,0,0,8,1,0,0,0,0,2
,,,,,,,,,,,0,0,0,0,0,0,0,0,0
,,,,,,,,,,,0,1,13,1,1,0,0,0,4
,,,,,,,,,,,0,0,1,0,0,0,0,0,1
,,,,,,,,,,,21,0,2,2,1,0,0,0,0
,,,,,,,,,,,0,0,0,0,0,0,0,0,0
,,,,,,,,,,,0,0,0,0,0,0,0,0,0
,,,,,,,,,,,0,0,6,4,0,0,0,0,2
,,,,,,,,,,,-1,-1,-1,-1,-1,-1,-1,-1,-1
